application_number,brand_name,generic_name,company,approval_year,submission_class
NDA002282,N/A,N/A,N/A,1940,Type 4 - New Combination
NDA004782,CONJUGATED ESTROGENS,"ESTROGENS, CONJUGATED",Prasco Laboratories,1942,Type 1 - New Molecular Entity
NDA005010,N/A,N/A,N/A,1942,Type 1 - New Molecular Entity
NDA005213,HYDROCODONE BITARTRATE AND HOMATROPINE METHYLBROMIDE,HYDROCODONE BITARTRATE AND HOMATROPINE METHYLBROMIDE,Genus Lifesciences Inc.,1943,Type 1 - New Molecular Entity
NDA005795,N/A,N/A,N/A,1945,Type 3 - New Dosage Form
NDA005970,N/A,N/A,N/A,1946,Type 1 - New Molecular Entity
NDA005845,N/A,N/A,N/A,1946,Type 1 - New Molecular Entity
NDA006146,N/A,N/A,N/A,1947,Type 3 - New Dosage Form
NDA006412,N/A,N/A,N/A,1948,Type 1 - New Molecular Entity
NDA005914,N/A,N/A,N/A,1948,Type 1 - New Molecular Entity
NDA006632,N/A,N/A,N/A,1949,Type 1 - New Molecular Entity
NDA006695,N/A,N/A,N/A,1949,Type 1 - New Molecular Entity
NDA007073,AZULFIDINE EN-TABS,SULFASALAZINE,Pfizer Laboratories Div Pfizer Inc,1950,Type 1 - New Molecular Entity
NDA007337,N/A,N/A,N/A,1950,Type 4 - New Combination
NDA007529,N/A,N/A,N/A,1950,Type 2 - New Active Ingredient
NDA007638,N/A,N/A,N/A,1950,Type 3 - New Dosage Form
NDA007392,N/A,N/A,N/A,1950,Type 2 - New Active Ingredient
NDA007517,N/A,N/A,N/A,1950,Type 1 - New Molecular Entity
NDA007513,LEVOPHED,NOREPINEPHRINE BITARTRATE,"Hospira, Inc.",1950,Type 1 - New Molecular Entity
NDA007750,N/A,N/A,N/A,1950,Type 3 - New Dosage Form
NDA007335,N/A,N/A,N/A,1950,Type 1 - New Molecular Entity
NDA007504,N/A,N/A,N/A,1950,Type 1 - New Molecular Entity
NDA007409,N/A,N/A,N/A,1950,Type 1 - New Molecular Entity
NDA007390,N/A,N/A,N/A,1951,Type 1 - New Molecular Entity
NDA008248,N/A,N/A,N/A,1951,Type 3 - New Dosage Form
NDA007935,N/A,N/A,N/A,1951,Type 3 - New Dosage Form
NDA007936,N/A,N/A,N/A,1951,Type 3 - New Dosage Form
NDA007883,N/A,N/A,N/A,1951,Type 1 - New Molecular Entity
NDA008032,N/A,N/A,N/A,1951,Type 1 - New Molecular Entity
NDA007961,N/A,N/A,N/A,1951,Type 3 - New Dosage Form
NDA008048,N/A,N/A,N/A,1951,Type 2 - New Active Ingredient
NDA007959,N/A,N/A,N/A,1951,Type 1 - New Molecular Entity
NDA008228,N/A,N/A,N/A,1951,Type 2 - New Active Ingredient
NDA007794,N/A,N/A,N/A,1951,Type 1 - New Molecular Entity
NDA008592,N/A,N/A,N/A,1952,Type 1 - New Molecular Entity and Type 4 - New Combination
NDA008453,ANECTINE,SUCCINYLCHOLINE CHLORIDE,Sandoz Inc,1952,Type 1 - New Molecular Entity
NDA008107,N/A,N/A,N/A,1952,Type 1 - New Molecular Entity
NDA008370,N/A,N/A,N/A,1952,Type 3 - New Dosage Form
NDA008278,N/A,N/A,N/A,1952,Type 1 - New Molecular Entity
NDA008662,N/A,N/A,N/A,1952,Type 3 - New Dosage Form
NDA008306,N/A,N/A,N/A,1952,Type 4 - New Combination
NDA009000,N/A,N/A,N/A,1953,Type 4 - New Combination
NDA008578,PYRIMETHAMINE,PYRIMETHAMINE,"OAKRUM PHARMA, LLC",1953,Type 1 - New Molecular Entity
NDA009165,N/A,N/A,N/A,1953,Type 2 - New Active Ingredient
NDA008708,N/A,N/A,N/A,1953,Type 1 - New Molecular Entity
NDA008816,N/A,N/A,N/A,1953,Type 3 - New Dosage Form
NDA008855,N/A,N/A,N/A,1953,Type 1 - New Molecular Entity
NDA008085,N/A,N/A,N/A,1953,Type 1 - New Molecular Entity
NDA008693,N/A,N/A,N/A,1953,Type 1 - New Molecular Entity
NDA009182,N/A,N/A,N/A,1953,Type 2 - New Active Ingredient
NDA008943,N/A,N/A,N/A,1953,Type 1 - New Molecular Entity
NDA009053,MERCAPTOPURINE,MERCAPTOPURINE,"Florida Pharmaceutical Products, LLC",1953,Type 1 - New Molecular Entity
NDA008883,N/A,N/A,N/A,1953,Type 1 - New Molecular Entity
NDA008303,N/A,N/A,N/A,1953,Type 1 - New Molecular Entity
NDA008565,N/A,N/A,N/A,1953,Type 1 - New Molecular Entity
NDA009166,N/A,N/A,N/A,1953,Type 3 - New Dosage Form
NDA008848,N/A,N/A,N/A,1953,Type 1 - New Molecular Entity
NDA008720,N/A,N/A,N/A,1953,Type 3 - New Dosage Form
NDA008922,N/A,N/A,N/A,1953,Type 1 - New Molecular Entity
NDA009088,N/A,N/A,N/A,1953,Type 3 - New Dosage Form
NDA008719,N/A,N/A,N/A,1953,Type 3 - New Dosage Form
NDA008732,N/A,N/A,N/A,1953,Type 1 - New Molecular Entity
NDA009175,NITROFURANTOIN,NITROFURANTOIN,"Rising Pharma Holdings, Inc.",1953,Type 3 - New Dosage Form
NDA008951,N/A,N/A,N/A,1953,Type 1 - New Molecular Entity
NDA009008,N/A,N/A,N/A,1953,Type 4 - New Combination
NDA009087,N/A,N/A,N/A,1953,Type 1 - New Molecular Entity
NDA008809,N/A,N/A,N/A,1953,Type 4 - New Combination
NDA009048,N/A,N/A,N/A,1954,Type 1 - New Molecular Entity
NDA009410,N/A,N/A,N/A,1954,Type 1 - New Molecular Entity
NDA009470,N/A,N/A,N/A,1954,Type 3 - New Dosage Form
NDA009495,N/A,N/A,N/A,1954,Type 2 - New Active Ingredient
NDA009190,LIPIODOL,ETHIODIZED OIL,Guerbet LLC,1954,Type 1 - New Molecular Entity
NDA009561,N/A,N/A,N/A,1954,Type 1 - New Molecular Entity
NDA008983,N/A,N/A,N/A,1954,Type 1 - New Molecular Entity
NDA009170,MYSOLINE,PRIMIDONE,"Bausch Health US, LLC",1954,Type 1 - New Molecular Entity
NDA009193,N/A,N/A,N/A,1954,Type 1 - New Molecular Entity
NDA009388,N/A,N/A,N/A,1954,Type 3 - New Dosage Form
NDA009218,N/A,N/A,N/A,1954,Type 1 - New Molecular Entity
NDA009319,N/A,N/A,N/A,1954,Type 4 - New Combination
NDA008604,N/A,N/A,N/A,1954,Type 4 - New Combination
NDA009509,N/A,N/A,N/A,1954,Type 3 - New Dosage Form
NDA007600,N/A,N/A,N/A,1954,Type 1 - New Molecular Entity
NDA009386,MYLERAN,BUSULFAN,Waylis Therapeutics LLC,1954,Type 1 - New Molecular Entity
NDA009330,LANOXIN,DIGOXIN,"Covis Pharma US, Inc",1954,Type 1 - New Molecular Entity
NDA009489,N/A,N/A,N/A,1954,Type 1 - New Molecular Entity
NDA009750,N/A,N/A,N/A,1955,Type 1 - New Molecular Entity
NDA009854,N/A,N/A,N/A,1955,Type 2 - New Active Ingredient
NDA009115,N/A,N/A,N/A,1955,Type 2 - New Active Ingredient
NDA010060,N/A,N/A,N/A,1955,Type 3 - New Dosage Form
NDA009768,PLAQUENIL,HYDROXYCHLOROQUINE SULFATE,Advanz Pharma (US) Corp.,1955,Type 1 - New Molecular Entity
NDA009987,N/A,N/A,N/A,1955,Type 1 - New Molecular Entity
NDA009830,N/A,N/A,N/A,1955,Type 3 - New Dosage Form
NDA009660,N/A,N/A,N/A,1955,Type 1 - New Molecular Entity
NDA009866,SOLU-CORTEF,HYDROCORTISONE SODIUM SUCCINATE,Pharmacia & Upjohn Company LLC,1955,Type 2 - New Active Ingredient
NDA010093,N/A,N/A,N/A,1955,Type 2 - New Active Ingredient
NDA009435,NESACAINE,CHLOROPROCAINE HYDROCHLORIDE,"Fresenius Kabi USA, LLC",1955,Type 1 - New Molecular Entity
NDA009112,N/A,N/A,N/A,1955,Type 3 - New Dosage Form
NDA010187,RITALIN,METHYLPHENIDATE HYDROCHLORIDE,Novartis Pharmaceuticals Corporation,1955,Type 3 - New Dosage Form
NDA010255,N/A,N/A,N/A,1955,Type 3 - New Dosage Form
NDA010028,N/A,N/A,N/A,1955,Type 1 - New Molecular Entity
NDA009900,N/A,N/A,N/A,1955,Type 3 - New Dosage Form
NDA009766,N/A,N/A,N/A,1955,Type 1 - New Molecular Entity
NDA009395,N/A,N/A,N/A,1955,Type 2 - New Active Ingredient
NDA010155,N/A,N/A,N/A,1956,Type 1 - New Molecular Entity
NDA010598,N/A,N/A,N/A,1956,Type 4 - New Combination
NDA010402,PREMARIN,CONJUGATED ESTROGENS,"Wyeth Pharmaceuticals LLC, a subsidiary of Pfizer Inc.",1956,Type 3 - New Dosage Form
NDA010349,N/A,N/A,N/A,1956,Type 1 - New Molecular Entity
NDA010375,N/A,N/A,N/A,1956,Type 2 - New Active Ingredient
NDA008857,N/A,N/A,N/A,1956,Type 3 - New Dosage Form
NDA010554,N/A,N/A,N/A,1956,Type 1 - New Molecular Entity
NDA010392,N/A,N/A,N/A,1956,Type 1 - New Molecular Entity
NDA010209,N/A,N/A,N/A,1956,Type 3 - New Dosage Form
NDA010515,N/A,N/A,N/A,1956,Type 3 - New Dosage Form
NDA010679,N/A,N/A,N/A,1956,Type 1 - New Molecular Entity
NDA010571,N/A,N/A,N/A,1956,Type 1 - New Molecular Entity
NDA010251,N/A,N/A,N/A,1956,Type 1 - New Molecular Entity
NDA011386,N/A,N/A,N/A,1956,Type 3 - New Dosage Form
NDA010423,N/A,N/A,N/A,1956,Type 1 - New Molecular Entity
NDA010379,CYTOMEL,LIOTHYRONINE SODIUM,Pfizer Laboratories Div Pfizer Inc,1956,Type 1 - New Molecular Entity
NDA010611,N/A,N/A,N/A,1956,Type 1 - New Molecular Entity
NDA010562,N/A,N/A,N/A,1956,Type 2 - New Active Ingredient
NDA009519,N/A,N/A,N/A,1957,Type 1 - New Molecular Entity
NDA009102,N/A,N/A,N/A,1957,Type 2 - New Active Ingredient
NDA010796,N/A,N/A,N/A,1957,Type 1 - New Molecular Entity
NDA011120,N/A,N/A,N/A,1957,Type 3 - New Dosage Form
NDA010653,N/A,N/A,N/A,1957,Type 1 - New Molecular Entity
NDA010599,N/A,N/A,N/A,1957,Type 1 - New Molecular Entity
NDA011188,N/A,N/A,N/A,1957,Type 2 - New Active Ingredient
NDA011111,N/A,N/A,N/A,1957,Type 3 - New Dosage Form
NDA010997,N/A,N/A,N/A,1957,Type 1 - New Molecular Entity
NDA011265,PROMETHAZINE HYDROCHLORIDE AND DEXTROMETHORPHAN HYDROBROMIDE,PROMETHAZINE HYDROCHLORIDE AND DEXTROMETHORPHAN HYDROBROMIDE,"ANI Pharmaceuticals, Inc.",1957,Type 4 - New Combination
NDA010348,N/A,N/A,N/A,1957,Type 3 - New Dosage Form
NDA011161,N/A,N/A,N/A,1957,Type 1 - New Molecular Entity
NDA010971,N/A,N/A,N/A,1957,Type 4 - New Combination
NDA010670,N/A,N/A,N/A,1957,Type 1 - New Molecular Entity
NDA010787,N/A,N/A,N/A,1957,Type 2 - New Active Ingredient
NDA011073,N/A,N/A,N/A,1957,Type 4 - New Combination
NDA010841,N/A,N/A,N/A,1957,Type 1 - New Molecular Entity
NDA010669,LEUKERAN,CHLORAMBUCIL,Waylis Therapeutics LLC,1957,Type 1 - New Molecular Entity
NDA009149,N/A,N/A,N/A,1957,Type 1 - New Molecular Entity
NDA010831,N/A,N/A,N/A,1957,Type 3 - New Dosage Form
NDA010585,N/A,N/A,N/A,1957,Type 1 - New Molecular Entity
NDA011123,N/A,N/A,N/A,1957,Type 1 - New Molecular Entity
NDA010911,N/A,N/A,N/A,1957,Type 4 - New Combination
NDA011000,N/A,N/A,N/A,1957,Type 3 - New Dosage Form
NDA010909,N/A,N/A,N/A,1957,Type 1 - New Molecular Entity
NDA011153,MEDROL,METHYLPREDNISOLONE,Pharmacia & Upjohn Company LLC,1957,Type 1 - New Molecular Entity
NDA010775,N/A,N/A,N/A,1957,Type 1 - New Molecular Entity
NDA010596,CELONTIN,METHSUXIMIDE,Parke-Davis Div of Pfizer Inc,1957,Type 1 - New Molecular Entity
NDA010942,N/A,N/A,N/A,1957,Type 3 - New Dosage Form
NDA009486,N/A,N/A,N/A,1957,Type 3 - New Dosage Form
NDA010996,N/A,N/A,N/A,1957,Type 4 - New Combination
NDA010656,N/A,N/A,N/A,1957,Type 3 - New Dosage Form
NDA011601,N/A,N/A,N/A,1958,Type 3 - New Dosage Form
NDA011641,N/A,N/A,N/A,1958,Type 1 - New Molecular Entity
NDA011323,N/A,N/A,N/A,1958,Type 4 - New Combination
NDA011635,N/A,N/A,N/A,1958,Type 4 - New Combination
NDA011210,N/A,N/A,N/A,1958,Type 1 - New Molecular Entity
NDA011325,N/A,N/A,N/A,1958,Type 3 - New Dosage Form
NDA011145,N/A,N/A,N/A,1958,Type 1 - New Molecular Entity
NDA011483,N/A,N/A,N/A,1958,Type 4 - New Combination
NDA011245,GASTROGRAFIN,DIATRIZOATE MEGLUMINE AND DIATRIZOATE SODIUM,Bracco Diagnostics Inc,1958,Type 3 - New Dosage Form
NDA011213,N/A,N/A,N/A,1958,Type 3 - New Dosage Form
NDA011366,KEVEYIS,DICHLORPHENAMIDE,"Xeris Pharmaceuticals, Inc.",1958,Type 1 - New Molecular Entity
NDA011529,N/A,N/A,N/A,1958,Type 4 - New Combination
NDA011287,N/A,N/A,N/A,1958,Type 1 - New Molecular Entity
NDA011338,N/A,N/A,N/A,1958,Type 1 - New Molecular Entity
NDA011664,N/A,N/A,N/A,1958,Type 1 - New Molecular Entity
NDA011340,N/A,N/A,N/A,1958,Type 1 - New Molecular Entity
NDA011557,N/A,N/A,N/A,1958,Type 3 - New Dosage Form
NDA011418,N/A,N/A,N/A,1958,Type 3 - New Dosage Form
NDA010926,N/A,N/A,N/A,1958,Type 3 - New Dosage Form
NDA012034,N/A,N/A,N/A,1959,Type 1 - New Molecular Entity
NDA011839,MEDROXYPROGESTERONE ACETATE,MEDROXYPROGESTERONE ACETATE,Mylan Pharmaceuticals Inc.,1959,Type 1 - New Molecular Entity
NDA010417,N/A,N/A,N/A,1959,Type 3 - New Dosage Form
NDA012142,N/A,N/A,N/A,1959,Type 2 - New Active Ingredient
NDA011961,MARPLAN,ISOCARBOXAZID,Lifsa Drugs LLC,1959,Type 1 - New Molecular Entity
NDA011757,DEPO-MEDROL,METHYLPREDNISOLONE ACETATE,Pharmacia & Upjohn Company LLC,1959,Type 2 - New Active Ingredient
NDA011960,N/A,N/A,N/A,1959,Type 3 - New Dosage Form
NDA011552,N/A,N/A,N/A,1959,Type 1 - New Molecular Entity
NDA011657,N/A,N/A,N/A,1959,Type 1 - New Molecular Entity
NDA012141,CYCLOPHOSPHAMIDE,CYCLOPHOSPHAMIDE,Baxter Healthcare Corporation,1959,Type 1 - New Molecular Entity
NDA011790,ROBAXIN,METHOCARBAMOL,Hikma Pharmaceuticals USA Inc.,1959,Type 3 - New Dosage Form
NDA012164,N/A,N/A,N/A,1959,Type 3 - New Dosage Form
NDA011792,SOMA,CARISOPRODOL,Viatris Specialty LLC,1959,Type 1 - New Molecular Entity
NDA012093,ISOSORBIDE DINITRATE,ISOSORBIDE DINITRATE,Oceanside Pharmaceuticals,1959,Type 1 - New Molecular Entity
NDA011838,N/A,N/A,N/A,1959,Type 3 - New Dosage Form
NDA011722,N/A,N/A,N/A,1959,Type 1 - New Molecular Entity
NDA011856,SOLU-MEDROL,METHYLPREDNISOLONE SODIUM SUCCINATE,Pharmacia & Upjohn Company LLC,1959,Type 2 - New Active Ingredient
NDA011719,METHOTREXATE,METHOTREXATE,"Hospira, Inc.",1959,Type 2 - New Active Ingredient
NDA011977,N/A,N/A,N/A,1959,Type 3 - New Dosage Form
NDA011665,PYRIDOSTIGMINE BROMIDE,PYRIDOSTIGMINE BROMIDE,Oceanside Pharmaceuticals,1959,Type 3 - New Dosage Form
NDA012145,N/A,N/A,N/A,1959,Type 3 - New Dosage Form
NDA011721,N/A,N/A,N/A,1959,Type 3 - New Dosage Form
NDA011793,N/A,N/A,N/A,1959,Type 1 - New Molecular Entity
NDA012071,N/A,N/A,N/A,1959,Type 3 - New Dosage Form
NDA012148,N/A,N/A,N/A,1959,Type 4 - New Combination
NDA011795,N/A,N/A,N/A,1959,Type 3 - New Dosage Form
NDA012015,N/A,N/A,N/A,1959,Type 3 - New Dosage Form
NDA011860,N/A,N/A,N/A,1959,Type 1 - New Molecular Entity
NDA011891,N/A,N/A,N/A,1959,Type 1 - New Molecular Entity
NDA012157,N/A,N/A,N/A,1959,Type 2 - New Active Ingredient
NDA011836,N/A,N/A,N/A,1959,Type 1 - New Molecular Entity
NDA011679,N/A,N/A,N/A,1959,Type 1 - New Molecular Entity
NDA011707,N/A,N/A,N/A,1959,Type 3 - New Dosage Form
NDA011525,IC-GREEN,INDOCYANINE GREEN,Renew Pharmaceuticals Limited,1959,Type 1 - New Molecular Entity
NDA011556,N/A,N/A,N/A,1959,Type 1 - New Molecular Entity
NDA011983,N/A,N/A,N/A,1959,Type 3 - New Dosage Form
NDA011127,N/A,N/A,N/A,1959,Type 2 - New Active Ingredient
NDA011878,N/A,N/A,N/A,1959,Type 4 - New Combination
NDA011613,N/A,N/A,N/A,1959,Type 1 - New Molecular Entity
NDA011949,N/A,N/A,N/A,1959,Type 1 - New Molecular Entity
NDA012111,N/A,N/A,N/A,1960,Type 1 - New Molecular Entity
NDA012281,N/A,N/A,N/A,1960,Type 4 - New Combination
NDA012250,N/A,N/A,N/A,1960,Type 3 - New Dosage Form
NDA012421,N/A,N/A,N/A,1960,Type 3 - New Dosage Form
NDA012125,N/A,N/A,N/A,1960,Type 4 - New Combination
NDA011738,N/A,N/A,N/A,1960,Type 3 - New Dosage Form
NDA011702,N/A,N/A,N/A,1960,Type 4 - New Combination
NDA012249,N/A,N/A,N/A,1960,Type 1 - New Molecular Entity
NDA012380,ZARONTIN,ETHOSUXIMIDE,Parke-Davis Div of Pfizer Inc,1960,Type 1 - New Molecular Entity
NDA012179,N/A,N/A,N/A,1960,Type 4 - New Combination
NDA012462,LOMOTIL,DIPHENOXYLATE HYDROCHLORIDE AND ATROPINE SULFATE,Pfizer Laboratories Div Pfizer Inc,1960,Type 4 - New Combination
NDA012419,N/A,N/A,N/A,1960,Type 3 - New Dosage Form
NDA011559,BREVITAL SODIUM,METHOHEXITAL SODIUM,"Par Health USA, LLC",1960,Type 1 - New Molecular Entity
NDA012546,N/A,N/A,N/A,1960,Type 2 - New Active Ingredient
NDA012283,N/A,N/A,N/A,1960,Type 1 - New Molecular Entity
NDA011963,PHOSPHOLINE IODIDE,ECHOTHIOPHATE IODIDE FOR OPHTHALMIC SOLUTION,"Fera Pharmaceuticals, LLC",1960,Type 1 - New Molecular Entity
NDA012376,N/A,N/A,N/A,1960,Type 3 - New Dosage Form
NDA013055,N/A,N/A,N/A,1960,Type 3 - New Dosage Form
NDA012151,ALDACTONE,SPIRONOLACTONE,Pfizer Laboratories Div Pfizer Inc,1960,Type 1 - New Molecular Entity
NDA012402,N/A,N/A,N/A,1960,Type 2 - New Active Ingredient
NDA012366,N/A,N/A,N/A,1960,Type 4 - New Combination
NDA012102,N/A,N/A,N/A,1960,Type 3 - New Dosage Form
NDA012097,N/A,N/A,N/A,1960,Type 3 - New Dosage Form
NDA012193,N/A,N/A,N/A,1960,Type 4 - New Combination
NDA012041,KENALOG-10,TRIAMCINOLONE ACETONIDE,"E.R. Squibb & Sons, L.L.C.",1960,Type 3 - New Dosage Form
NDA012542,N/A,N/A,N/A,1960,Type 1 - New Molecular Entity
NDA012122,N/A,N/A,N/A,1960,Type 1 - New Molecular Entity
NDA012329,N/A,N/A,N/A,1960,Type 1 - New Molecular Entity
NDA012382,N/A,N/A,N/A,1960,Type 1 - New Molecular Entity
NDA011467,N/A,N/A,N/A,1960,Type 1 - New Molecular Entity
NDA012052,N/A,N/A,N/A,1960,Type 3 - New Dosage Form
NDA012427,N/A,N/A,N/A,1960,Type 1 - New Molecular Entity
NDA012265,N/A,N/A,N/A,1960,Type 1 - New Molecular Entity
NDA012813,N/A,N/A,N/A,1961,Type 4 - New Combination
NDA012616,SPIRONOLACTONE AND HYDROCHLOROTHIAZIDE,SPIRONOLACTONE AND HYDROCHLOROTHIAZIDE,Prasco Laboratories,1961,Type 4 - New Combination
NDA012254,N/A,N/A,N/A,1961,Type 1 - New Molecular Entity
NDA011909,PHENELZINE SULFATE,PHENELZINE SULFATE,Mylan Pharmaceuticals Inc.,1961,Type 1 - New Molecular Entity
NDA011270,N/A,N/A,N/A,1961,Type 3 - New Dosage Form
NDA012775,N/A,N/A,N/A,1961,Type 4 - New Combination
NDA012418,N/A,N/A,N/A,1961,Type 2 - New Active Ingredient
NDA012772,N/A,N/A,N/A,1961,Type 1 - New Molecular Entity
NDA010976,N/A,N/A,N/A,1961,Type 1 - New Molecular Entity and Type 4 - New Combination
NDA012770,HYDROCORTISONE AND ACETIC ACID,HYDROCORTISONE AND ACETIC ACID OTIC,"Saptalis Pharmaceuticals, LLC",1961,Type 4 - New Combination
NDA012649,N/A,N/A,N/A,1961,Type 1 - New Molecular Entity
NDA012845,N/A,N/A,N/A,1961,Type 1 - New Molecular Entity
NDA012911,METOPIRONE,METYRAPONE,HRA Pharma Rare Diseases,1961,Type 1 - New Molecular Entity
NDA012301,N/A,N/A,N/A,1961,Type 3 - New Dosage Form
NDA012095,N/A,N/A,N/A,1961,Type 2 - New Active Ingredient
NDA011730,N/A,N/A,N/A,1961,Type 4 - New Combination
NDA012699,N/A,N/A,N/A,1961,Type 3 - New Dosage Form
NDA012731,N/A,N/A,N/A,1961,Type 3 - New Dosage Form
NDA012383,N/A,N/A,N/A,1961,Type 4 - New Combination
NDA012657,N/A,N/A,N/A,1961,Type 1 - New Molecular Entity
NDA012753,N/A,N/A,N/A,1961,Type 1 - New Molecular Entity
NDA012703,N/A,N/A,N/A,1961,Type 1 - New Molecular Entity
NDA012583,N/A,N/A,N/A,1961,Type 3 - New Dosage Form
NDA012342,TRANYLCYPROMINE SULFATE,TRANYLCYPROMINE SULFATE,"Actavis Pharma, Inc.",1961,Type 1 - New Molecular Entity
NDA012827,GLYCOPYRROLATE,GLYCOPYRROLATE,"Rising Pharma Holdings, Inc.",1961,Type 1 - New Molecular Entity
NDA012754,N/A,N/A,N/A,1961,Type 3 - New Dosage Form
NDA012836,N/A,N/A,N/A,1961,Type 1 - New Molecular Entity
NDA012704,N/A,N/A,N/A,1961,Type 3 - New Dosage Form
NDA011870,DIURIL,CHLOROTHIAZIDE,"Salix Pharmaceuticals, Inc",1961,Type 3 - New Dosage Form
NDA012928,N/A,N/A,N/A,1962,Type 3 - New Dosage Form
NDA013401,N/A,N/A,N/A,1962,Type 2 - New Active Ingredient
NDA013413,N/A,N/A,N/A,1962,Type 3 - New Dosage Form
NDA013132,N/A,N/A,N/A,1962,Type 2 - New Active Ingredient
NDA012967,N/A,N/A,N/A,1962,Type 1 - New Molecular Entity
NDA013295,CONRAY,IOTHALAMATE MEGLUMINE,Liebel-Flarsheim Company LLC,1962,Type 1 - New Molecular Entity
NDA011808,N/A,N/A,N/A,1962,Type 1 - New Molecular Entity
NDA013428,N/A,N/A,N/A,1962,Type 3 - New Dosage Form
NDA013217,N/A,N/A,N/A,1962,Type 1 - New Molecular Entity
NDA012968,N/A,N/A,N/A,1962,Type 2 - New Active Ingredient
NDA012796,N/A,N/A,N/A,1962,Type 3 - New Dosage Form
NDA013422,MAXIDEX,DEXAMETHASONE,"Harrow Eye, LLC",1962,Type 3 - New Dosage Form
NDA012516,N/A,N/A,N/A,1962,Type 1 - New Molecular Entity
NDA012487,N/A,N/A,N/A,1962,Type 3 - New Dosage Form
NDA013220,N/A,N/A,N/A,1962,Type 3 - New Dosage Form
NDA012947,N/A,N/A,N/A,1962,Type 3 - New Dosage Form
NDA013334,N/A,N/A,N/A,1962,Type 4 - New Combination
NDA013400,N/A,N/A,N/A,1962,Type 1 - New Molecular Entity
NDA012486,N/A,N/A,N/A,1962,Type 1 - New Molecular Entity
NDA012728,N/A,N/A,N/A,1962,Type 4 - New Combination
NDA012892,N/A,N/A,N/A,1962,Type 1 - New Molecular Entity
NDA013402,N/A,N/A,N/A,1962,Type 4 - New Combination
NDA012885,N/A,N/A,N/A,1962,Type 1 - New Molecular Entity
NDA013056,N/A,N/A,N/A,1962,Type 1 - New Molecular Entity
NDA012209,N/A,N/A,N/A,1962,Type 1 - New Molecular Entity
NDA012623,N/A,N/A,N/A,1963,Type 1 - New Molecular Entity
NDA011600,N/A,N/A,N/A,1963,Type 3 - New Dosage Form
NDA013483,N/A,N/A,N/A,1963,Type 3 - New Dosage Form
NDA014103,N/A,N/A,N/A,1963,Type 1 - New Molecular Entity
NDA012787,FLUOCINOLONE ACETONIDE,FLUOCINOLONE ACETONIDE,"ANI Pharmaceuticals, Inc.",1963,Type 1 - New Molecular Entity
NDA013935,N/A,N/A,N/A,1963,Type 1 - New Molecular Entity
NDA013636,N/A,N/A,N/A,1963,Type 4 - New Combination
NDA013247,N/A,N/A,N/A,1963,Type 3 - New Dosage Form
NDA013264,N/A,N/A,N/A,1963,Type 1 - New Molecular Entity
NDA013601,N/A,N/A,N/A,1963,Type 1 - New Molecular Entity
NDA014173,N/A,N/A,N/A,1963,Type 3 - New Dosage Form
NDA013157,N/A,N/A,N/A,1963,Type 1 - New Molecular Entity
NDA013960,SYNALAR,FLUOCINOLONE ACETONIDE,"Medimetriks Pharmaceuticals, Inc.",1963,Type 3 - New Dosage Form
NDA014349,N/A,N/A,N/A,1963,Type 3 - New Dosage Form
NDA013263,VALIUM,DIAZEPAM,Roche Laboratories Inc.,1963,Type 1 - New Molecular Entity
NDA013378,N/A,N/A,N/A,1964,Type 1 - New Molecular Entity
NDA015229,N/A,N/A,N/A,1964,Type 3 - New Dosage Form
NDA014684,N/A,N/A,N/A,1964,Type 1 - New Molecular Entity
NDA014005,N/A,N/A,N/A,1964,Type 1 - New Molecular Entity
NDA014127,N/A,N/A,N/A,1964,Type 3 - New Dosage Form
NDA013174,TRIAMTERENE,TRIAMTERENE,Prasco Laboratories,1964,Type 1 - New Molecular Entity
NDA015296,N/A,N/A,N/A,1964,Type 3 - New Dosage Form
NDA014685,N/A,N/A,N/A,1964,Type 3 - New Dosage Form
NDA014215,N/A,N/A,N/A,1964,Type 3 - New Dosage Form
NDA014691,N/A,N/A,N/A,1964,Type 1 - New Molecular Entity
NDA012697,N/A,N/A,N/A,1964,Type 1 - New Molecular Entity
NDA013416,N/A,N/A,N/A,1964,Type 4 - New Combination
NDA013077,N/A,N/A,N/A,1964,Type 4 - New Combination
NDA015197,AMINOCAPROIC ACID,AMINOCAPROIC ACID,Hikma Pharmaceuticals USA Inc.,1964,Type 1 - New Molecular Entity
NDA015103,N/A,N/A,N/A,1964,Type 4 - New Combination
NDA014122,N/A,N/A,N/A,1964,Type 3 - New Dosage Form
NDA014214,N/A,N/A,N/A,1964,Type 1 - New Molecular Entity
NDA015230,AMINOCAPROIC ACID,AMINOCAPROIC ACID,Hikma Pharmaceuticals USA Inc.,1964,Type 3 - New Dosage Form
NDA014694,N/A,N/A,N/A,1964,Type 2 - New Active Ingredient
NDA050682,N/A,N/A,N/A,1964,Type 1 - New Molecular Entity
NDA014134,PROTOPAM CHLORIDE,PRALIDOXIME CHLORIDE,Baxter Healthcare Corporation,1964,Type 1 - New Molecular Entity
NDA012665,N/A,N/A,N/A,1965,Type 1 - New Molecular Entity
NDA013026,N/A,N/A,N/A,1965,Type 1 - New Molecular Entity
NDA014715,N/A,N/A,N/A,1965,Type 4 - New Combination
NDA016042,N/A,N/A,N/A,1965,Type 4 - New Combination
NDA014763,N/A,N/A,N/A,1965,Type 1 - New Molecular Entity
NDA014217,N/A,N/A,N/A,1965,Type 2 - New Active Ingredient
NDA013025,THAM,TROMETHAMINE,"Hospira, Inc.",1965,Type 1 - New Molecular Entity and Type 4 - New Combination
BLA101995,COLLAGENASE SANTYL,COLLAGENASE SANTYL,"SMITH & NEPHEW, INC",1965,Type 1 - New Molecular Entity
NDA014006,N/A,N/A,N/A,1965,Type 3 - New Dosage Form
NDA015193,PYRIDOSTIGMINE BROMIDE,PYRIDOSTIGMINE BROMIDE,Oceanside Pharmaceuticals,1965,Type 3 - New Dosage Form
NDA015539,N/A,N/A,N/A,1965,Type 1 - New Molecular Entity
NDA016059,N/A,N/A,N/A,1965,Type 1 - New Molecular Entity
NDA012806,CORDRAN,FLURANDRENOLIDE,"INA Pharmaceutics, Inc",1965,Type 1 - New Molecular Entity
NDA014602,CELESTONE SOLUSPAN,BETAMETHASONE ACETATE AND BETAMETHASONE SODIUM PHOSPHATE,Organon LLC,1965,Type 1 - New Molecular Entity
NDA016030,N/A,N/A,N/A,1965,Type 3 - New Dosage Form
NDA014879,DOPRAM,DOXAPRAM HYDROCHLORIDE,Hikma Pharmaceuticals USA Inc.,1965,Type 1 - New Molecular Entity
NDA012715,N/A,N/A,N/A,1965,Type 1 - New Molecular Entity
NDA010210,N/A,N/A,N/A,1965,Type 4 - New Combination
NDA016199,CORTENEMA,HYDROCORTISONE,"ANI Pharmaceuticals, Inc.",1966,Type 3 - New Dosage Form
NDA015500,N/A,N/A,N/A,1966,Type 1 - New Molecular Entity
NDA016029,N/A,N/A,N/A,1966,Type 1 - New Molecular Entity and Type 4 - New Combination
NDA016084,ALLOPURINOL,ALLOPURINOL,"Rising Pharma Holdings, Inc.",1966,Type 1 - New Molecular Entity
NDA016273,LASIX,FUROSEMIDE,Validus Pharmaceuticals LLC,1966,Type 1 - New Molecular Entity
NDA016000,N/A,N/A,N/A,1966,Type 1 - New Molecular Entity
NDA016245,N/A,N/A,N/A,1966,Type 1 - New Molecular Entity
NDA014740,N/A,N/A,N/A,1966,Type 4 - New Combination
NDA016087,N/A,N/A,N/A,1966,Type 3 - New Dosage Form
NDA012429,TABLOID,THIOGUANINE,Waylis Therapeutics LLC,1966,Type 1 - New Molecular Entity
NDA016419,N/A,N/A,N/A,1967,Type 3 - New Dosage Form
NDA015921,N/A,N/A,N/A,1967,Type 1 - New Molecular Entity
NDA016295,DROXIA,HYDROXYUREA,Waylis Therapeutics LLC,1967,Type 1 - New Molecular Entity
NDA016096,N/A,N/A,N/A,1967,Type 1 - New Molecular Entity
NDA016110,N/A,N/A,N/A,1967,Type 2 - New Active Ingredient
NDA015868,N/A,N/A,N/A,1967,Type 3 - New Dosage Form
NDA016584,N/A,N/A,N/A,1967,Type 1 - New Molecular Entity
NDA016320,ETHAMBUTOL HYDROCHLORIDE,ETHAMBUTOL HYDROCHLORIDE,"Marlex Pharmaceuticals, Inc.",1967,Type 1 - New Molecular Entity
NDA016093,N/A,N/A,N/A,1967,Type 2 - New Active Ingredient
NDA016097,N/A,N/A,N/A,1967,Type 3 - New Dosage Form
NDA016151,METHENAMINE HIPPURATE,METHENAMINE HIPPURATE,Alvogen Inc.,1967,Type 2 - New Active Ingredient
NDA016092,EDECRIN,ETHACRYNIC ACID,"Bausch Health US, LLC",1967,Type 1 - New Molecular Entity
NDA016705,N/A,N/A,N/A,1967,Type 3 - New Dosage Form
NDA015922,N/A,N/A,N/A,1967,Type 3 - New Dosage Form
NDA016194,N/A,N/A,N/A,1967,Type 1 - New Molecular Entity
NDA012302,N/A,N/A,N/A,1967,Type 2 - New Active Ingredient
NDA016033,N/A,N/A,N/A,1967,Type 1 - New Molecular Entity
NDA016099,N/A,N/A,N/A,1967,Type 1 - New Molecular Entity
NDA016131,N/A,N/A,N/A,1967,Type 1 - New Molecular Entity
NDA016149,N/A,N/A,N/A,1967,Type 3 - New Dosage Form
NDA016418,N/A,N/A,N/A,1967,Type 1 - New Molecular Entity
NDA016806,N/A,N/A,N/A,1968,Type 3 - New Dosage Form
NDA016608,TEGRETOL,CARBAMAZEPINE,Novartis Pharmaceuticals Corporation,1968,Type 1 - New Molecular Entity
NDA016023,N/A,N/A,N/A,1968,Type 3 - New Dosage Form
NDA011459,N/A,N/A,N/A,1968,Type 2 - New Active Ingredient
NDA016297,N/A,N/A,N/A,1968,Type 3 - New Dosage Form
NDA016619,N/A,N/A,N/A,1968,Type 3 - New Dosage Form
NDA016267,DESFERAL,DEFEROXAMINE MESYLATE,MITEM PHARMA,1968,Type 1 - New Molecular Entity
NDA016401,N/A,N/A,N/A,1968,Type 3 - New Dosage Form
NDA016672,N/A,N/A,N/A,1968,Type 1 - New Molecular Entity and Type 4 - New Combination
NDA014860,N/A,N/A,N/A,1968,Type 4 - New Combination
NDA016785,MATULANE,PROCARBAZINE HYDROCHLORIDE,"Leadiant Biosciences, Inc.",1969,Type 1 - New Molecular Entity
NDA016798,N/A,N/A,N/A,1969,Type 1 - New Molecular Entity
NDA016455,CORDRAN,FLURANDRENOLIDE,"Almirall, LLC",1969,Type 3 - New Dosage Form
NDA016732,N/A,N/A,N/A,1969,Type 2 - New Active Ingredient
NDA016740,N/A,N/A,N/A,1969,Type 3 - New Dosage Form
NDA012828,N/A,N/A,N/A,1969,Type 1 - New Molecular Entity
NDA016763,SULFAMYLON,MAFENIDE ACETATE,"Rising Pharma Holdings, Inc.",1969,Type 2 - New Active Ingredient
NDA013615,N/A,N/A,N/A,1969,Type 1 - New Molecular Entity
NDA016793,N/A,N/A,N/A,1969,Type 1 - New Molecular Entity
NDA016624,N/A,N/A,N/A,1969,Type 1 - New Molecular Entity
NDA016403,N/A,N/A,N/A,1969,Type 3 - New Dosage Form
NDA016466,N/A,N/A,N/A,1969,Type 2 - New Active Ingredient
NDA016803,N/A,N/A,N/A,1969,Type 3 - New Dosage Form
NDA016774,N/A,N/A,N/A,1970,Type 1 - New Molecular Entity
NDA019853,CUPRIMINE,PENICILLAMINE,"Bausch Health US, LLC",1970,Type 1 - New Molecular Entity
NDA016782,N/A,N/A,N/A,1970,Type 1 - New Molecular Entity
NDA016776,N/A,N/A,N/A,1970,Type 3 - New Dosage Form
NDA016721,N/A,N/A,N/A,1970,Type 1 - New Molecular Entity
NDA016775,N/A,N/A,N/A,1970,Type 3 - New Dosage Form
NDA050109,N/A,N/A,N/A,1970,Type 1 - New Molecular Entity
NDA016885,LYSODREN,MITOTANE,"ESTEVE PHARMACEUTICALS, S.A.",1970,Type 1 - New Molecular Entity
NDA016936,N/A,N/A,N/A,1970,Type 3 - New Dosage Form
NDA016831,FLUOROURACIL,FLUOROURACIL,Mylan Pharmaceuticals Inc.,1970,Type 3 - New Dosage Form
NDA016765,N/A,N/A,N/A,1970,Type 3 - New Dosage Form
NDA016796,N/A,N/A,N/A,1970,Type 3 - New Dosage Form
NDA016758,N/A,N/A,N/A,1970,Type 2 - New Active Ingredient
NDA016620,NITROFURANTOIN MACROCRYSTALS,NITROFURANTOIN MACROCRYSTALS,Alvogen Inc.,1970,Type 3 - New Dosage Form
NDA016750,CORTROSYN,COSYNTROPIN,"Amphastar Pharmaceuticals, Inc.",1970,Type 1 - New Molecular Entity
NDA016812,KETALAR,KETAMINE HYDROCHLORIDE,"Par Health USA, LLC",1970,Type 1 - New Molecular Entity
NDA016929,N/A,N/A,N/A,1970,Type 1 - New Molecular Entity
NDA016834,N/A,N/A,N/A,1970,Type 3 - New Dosage Form
NDA016927,N/A,N/A,N/A,1970,Type 4 - New Combination
NDA016904,N/A,N/A,N/A,1971,Type 2 - New Active Ingredient
NDA016909,N/A,N/A,N/A,1971,Type 3 - New Dosage Form
NDA016783,N/A,N/A,N/A,1971,Type 4 - New Combination
NDA015923,N/A,N/A,N/A,1971,Type 3 - New Dosage Form
NDA016636,N/A,N/A,N/A,1971,Type 1 - New Molecular Entity
NDA016862,N/A,N/A,N/A,1971,Type 3 - New Dosage Form
NDA016943,N/A,N/A,N/A,1971,Type 3 - New Dosage Form
NDA016863,N/A,N/A,N/A,1971,Type 3 - New Dosage Form
NDA016908,N/A,N/A,N/A,1971,Type 1 - New Molecular Entity
NDA016942,N/A,N/A,N/A,1971,Type 1 - New Molecular Entity
NDA017001,ANCOBON,FLUCYTOSINE,Bausch Health US LLC,1971,Type 1 - New Molecular Entity
NDA016861,N/A,N/A,N/A,1971,Type 3 - New Dosage Form
NDA016979,N/A,N/A,N/A,1971,Type 1 - New Molecular Entity
NDA016224,N/A,N/A,N/A,1971,Type 1 - New Molecular Entity
NDA016727,N/A,N/A,N/A,1972,Type 2 - New Active Ingredient
NDA016964,MARCAINE WITH EPINEPHRINE,BUPIVACAINE HYDROCHLORIDE AND EPINEPHRINE,"Hospira, Inc.",1972,Type 1 - New Molecular Entity
NDA016851,FML,FLUOROMETHOLONE,"Allergan, Inc.",1972,Type 3 - New Dosage Form
NDA017105,N/A,N/A,N/A,1972,Type 1 - New Molecular Entity
NDA016968,MIOSTAT,CARBACHOL,"Alcon Laboratories, Inc.",1972,Type 1 - New Molecular Entity
NDA017087,N/A,N/A,N/A,1972,Type 1 - New Molecular Entity
NDA017100,PRED MILD,PREDNISOLONE ACETATE,"Allergan, Inc.",1972,Type 3 - New Dosage Form
NDA017015,N/A,N/A,N/A,1972,Type 1 - New Molecular Entity
NDA017042,N/A,N/A,N/A,1972,Type 1 - New Molecular Entity
NDA016844,N/A,N/A,N/A,1972,Type 4 - New Combination
NDA017010,TRIDESILON CREAM,DESONIDE 0.05%,Encore Dermatology Inc,1972,Type 1 - New Molecular Entity
NDA016211,N/A,N/A,N/A,1973,Type 1 - New Molecular Entity
NDA017090,N/A,N/A,N/A,1973,Type 2 - New Active Ingredient
NDA016954,N/A,N/A,N/A,1973,Type 3 - New Dosage Form
NDA050462,N/A,N/A,N/A,1973,Type 3 - New Dosage Form
NDA017381,SILVER SULFADIAZINE,SILVER SULFADIAZINE,Mylan Pharmaceuticals Inc.,1973,Type 2 - New Active Ingredient
NDA017354,N/A,N/A,N/A,1973,Type 3 - New Dosage Form
NDA017373,N/A,N/A,N/A,1973,Type 3 - New Dosage Form
NDA017047,N/A,N/A,N/A,1973,Type 1 - New Molecular Entity
NDA016932,N/A,N/A,N/A,1973,Type 3 - New Dosage Form
NDA017376,N/A,N/A,N/A,1973,Type 1 - New Molecular Entity and Type 4 - New Combination
NDA017454,N/A,N/A,N/A,1973,Type 1 - New Molecular Entity
NDA017060,NORA BE,NORETHINDRONE,"Teva Pharmaceuticals, Inc.",1973,Type 3 - New Dosage Form
NDA017116,METHADOSE,METHADONE HYDROCHLORIDE,SpecGx LLC,1973,Type 3 - New Dosage Form
NDA017430,N/A,N/A,N/A,1973,Type 3 - New Dosage Form
NDA017340,TRETINOIN CREAM,TRETINOIN,Obagi Cosmeceuticals LLC,1973,Type 3 - New Dosage Form
NDA017247,N/A,N/A,N/A,1973,Type 1 - New Molecular Entity
NDA017352,N/A,N/A,N/A,1973,Type 3 - New Dosage Form
NDA017031,OPILL,NORGESTREL,L. Perrigo Company,1973,Type 3 - New Dosage Form
NDA016402,N/A,N/A,N/A,1973,Type 1 - New Molecular Entity
NDA016675,N/A,N/A,N/A,1973,Type 2 - New Active Ingredient
NDA050443,N/A,N/A,N/A,1973,Type 1 - New Molecular Entity
NDA016729,N/A,N/A,N/A,1973,Type 1 - New Molecular Entity
NDA017355,N/A,N/A,N/A,1973,Type 3 - New Dosage Form
NDA016640,N/A,N/A,N/A,1973,Type 3 - New Dosage Form
NDA017108,N/A,N/A,N/A,1973,Type 3 - New Dosage Form
NDA017111,N/A,N/A,N/A,1974,Type 1 - New Molecular Entity
NDA017048,N/A,N/A,N/A,1974,Type 1 - New Molecular Entity
NDA017395,N/A,N/A,N/A,1974,Type 1 - New Molecular Entity
NDA017431,N/A,N/A,N/A,1974,Type 3 - New Dosage Form
BLA050114,PRE-PEN,BENZYLPENICILLOYL POLYLYSINE,"ALK-ABELLO, INC.",1974,Type 1 - New Molecular Entity
NDA050460,N/A,N/A,N/A,1974,Type 3 - New Dosage Form
NDA017063,N/A,N/A,N/A,1974,Type 2 - New Active Ingredient
NDA050467,N/A,N/A,N/A,1974,Type 1 - New Molecular Entity
NDA050459,N/A,N/A,N/A,1974,Type 1 - New Molecular Entity
NDA017007,N/A,N/A,N/A,1974,Type 3 - New Dosage Form
NDA017488,N/A,N/A,N/A,1974,Type 3 - New Dosage Form
NDA017391,N/A,N/A,N/A,1974,Type 3 - New Dosage Form
NDA015874,N/A,N/A,N/A,1974,Type 3 - New Dosage Form
NDA017551,N/A,N/A,N/A,1974,Type 1 - New Molecular Entity
NDA017503,N/A,N/A,N/A,1974,Type 1 - New Molecular Entity and Type 4 - New Combination
NDA017371,N/A,N/A,N/A,1974,Type 3 - New Dosage Form
NDA017450,MONISTAT 7 7-DAY DISPOSABLE APPLICATORS,MICONAZOLE NITRATE,Insight Pharmaceuticals LLC,1974,Type 1 - New Molecular Entity
NDA017548,N/A,N/A,N/A,1974,Type 3 - New Dosage Form
NDA050482,N/A,N/A,N/A,1974,Type 3 - New Dosage Form
NDA017489,N/A,N/A,N/A,1974,Type 3 - New Dosage Form
NDA017443,DANTROLENE SODIUM,DANTROLENE SODIUM,"Endo USA, Inc.",1974,Type 1 - New Molecular Entity
NDA012104,N/A,N/A,N/A,1974,Type 3 - New Dosage Form
NDA050480,N/A,N/A,N/A,1974,Type 2 - New Active Ingredient
NDA017466,N/A,N/A,N/A,1974,Type 1 - New Molecular Entity
NDA017481,N/A,N/A,N/A,1974,Type 1 - New Molecular Entity
NDA017411,N/A,N/A,N/A,1974,Type 3 - New Dosage Form
NDA017407,N/A,N/A,N/A,1974,Type 3 - New Dosage Form
NDA017556,HALOG,HALCINONIDE CREAM,"Sun Pharmaceutical Industries, Inc.",1974,Type 1 - New Molecular Entity
NDA017506,N/A,N/A,N/A,1974,Type 4 - New Combination
NDA017516,N/A,N/A,N/A,1974,Type 3 - New Dosage Form
NDA017546,N/A,N/A,N/A,1974,Type 1 - New Molecular Entity
NDA017426,DESONIDE,DESONIDE,Padagis Israel Pharmaceuticals Ltd,1974,Type 3 - New Dosage Form
NDA017463,N/A,N/A,N/A,1974,Type 1 - New Molecular Entity
NDA017575,N/A,N/A,N/A,1975,Type 1 - New Molecular Entity
NDA017612,N/A,N/A,N/A,1975,Type 3 - New Dosage Form
NDA017555,SINEMET,CARBIDOPA AND LEVODOPA,Organon LLC,1975,Type 1 - New Molecular Entity and Type 4 - New Combination
NDA017525,N/A,N/A,N/A,1975,Type 1 - New Molecular Entity
NDA017569,N/A,N/A,N/A,1975,Type 1 - New Molecular Entity
NDA017560,N/A,N/A,N/A,1975,Type 3 - New Dosage Form
NDA016832,N/A,N/A,N/A,1975,Type 1 - New Molecular Entity
NDA017613,N/A,N/A,N/A,1975,Type 1 - New Molecular Entity
NDA017603,N/A,N/A,N/A,1975,Type 3 - New Dosage Form
NDA017571,N/A,N/A,N/A,1975,Type 3 - New Dosage Form
NDA017618,N/A,N/A,N/A,1975,Type 3 - New Dosage Form
NDA017576,N/A,N/A,N/A,1975,Type 3 - New Dosage Form
NDA017533,KLONOPIN,CLONAZEPAM,"H2-Pharma, LLC",1975,Type 1 - New Molecular Entity
NDA017643,INTRALIPID,I.V. FAT EMULSION,Baxter Healthcare CORP,1975,Type 3 - New Dosage Form
NDA017579,RETIN-A,TRETINOIN,"Bausch Health US, LLC",1975,Type 3 - New Dosage Form
NDA017558,GLYCOPYRROLATE,GLYCOPYRROLATE,Hikma Pharmaceuticals USA Inc.,1975,Type 3 - New Dosage Form
NDA017668,N/A,N/A,N/A,1975,Type 3 - New Dosage Form
NDA017536,N/A,N/A,N/A,1975,Type 2 - New Active Ingredient
NDA050477,N/A,N/A,N/A,1975,Type 1 - New Molecular Entity
NDA017577,N/A,N/A,N/A,1975,Type 1 - New Molecular Entity
NDA017619,N/A,N/A,N/A,1975,Type 3 - New Dosage Form
NDA017673,N/A,N/A,N/A,1975,Type 3 - New Dosage Form
NDA016891,N/A,N/A,N/A,1975,Type 4 - New Combination
BLA017835,N/A,N/A,N/A,1976,Type 1 - New Molecular Entity
NDA017789,N/A,N/A,N/A,1976,Type 3 - New Dosage Form
NDA017697,KINEVAC,SINCALIDE,Bracco Diagnostics Inc.,1976,Type 1 - New Molecular Entity
NDA017442,PRAZOSIN HYDROCHLORIDE,PRAZOSIN HYDROCHLORIDE,Prasco Laboratories,1976,Type 1 - New Molecular Entity
NDA017557,N/A,N/A,N/A,1976,Type 1 - New Molecular Entity
NDA017425,N/A,N/A,N/A,1976,Type 3 - New Dosage Form
NDA017716,N/A,N/A,N/A,1976,Type 3 - New Dosage Form
NDA017604,FENOPROFEN CALCIUM,FENOPROFEN CALCIUM,"Misemer Pharmaceuticals, Inc.",1976,Type 1 - New Molecular Entity
NDA017876,N/A,N/A,N/A,1976,Type 3 - New Dosage Form
NDA017628,N/A,N/A,N/A,1976,Type 1 - New Molecular Entity
NDA017588,GLEOSTINE,LOMUSTINE,"NextSource Biotechnology, LLC",1976,Type 1 - New Molecular Entity
NDA017581,N/A,N/A,N/A,1976,Type 1 - New Molecular Entity
NDA017638,N/A,N/A,N/A,1976,Type 1 - New Molecular Entity
NDA017453,PROGLYCEM,DIAZOXIDE,"Teva Pharmaceuticals USA, Inc.",1976,Type 3 - New Dosage Form
NDA050486,N/A,N/A,N/A,1976,Type 1 - New Molecular Entity
NDA017703,N/A,N/A,N/A,1976,Type 3 - New Dosage Form
NDA017573,N/A,N/A,N/A,1976,Type 1 - New Molecular Entity
NDA017875,N/A,N/A,N/A,1976,Type 3 - New Dosage Form
NDA017694,N/A,N/A,N/A,1976,Type 1 - New Molecular Entity
NDA017630,N/A,N/A,N/A,1976,Type 1 - New Molecular Entity
NDA017658,N/A,N/A,N/A,1976,Type 2 - New Active Ingredient
NDA017768,HIBICLENS,CHLORHEXIDINE GLUCONATE,Molnlycke Health Care,1976,Type 2 - New Active Ingredient
NDA017657,N/A,N/A,N/A,1976,Type 1 - New Molecular Entity
BLA017833,N/A,N/A,N/A,1976,Type 2 - New Active Ingredient
NDA017802,N/A,N/A,N/A,1976,Type 3 - New Dosage Form
NDA017869,N/A,N/A,N/A,1976,Type 1 - New Molecular Entity
NDA017452,N/A,N/A,N/A,1976,Type 3 - New Dosage Form
NDA017553,N/A,N/A,N/A,1976,Type 3 - New Dosage Form
NDA017743,N/A,N/A,N/A,1976,Type 3 - New Dosage Form
BLA017836,N/A,N/A,N/A,1976,Type 1 - New Molecular Entity
NDA017594,N/A,N/A,N/A,1976,Type 1 - New Molecular Entity
NDA017518,N/A,N/A,N/A,1976,Type 1 - New Molecular Entity
NDA017806,N/A,N/A,N/A,1977,Type 1 - New Molecular Entity
NDA017601,N/A,N/A,N/A,1977,Type 1 - New Molecular Entity
NDA016949,N/A,N/A,N/A,1977,Type 4 - New Combination
NDA017741,N/A,N/A,N/A,1977,Type 1 - New Molecular Entity
NDA017422,CARMUSTINE,CARMUSTINE,Heritage Pharmaceuticals Inc. d/b/a Avet Pharmaceuticals Inc.,1977,Type 1 - New Molecular Entity
NDA017970,N/A,N/A,N/A,1977,Type 1 - New Molecular Entity
NDA017535,N/A,N/A,N/A,1977,Type 1 - New Molecular Entity
NDA017856,N/A,N/A,N/A,1977,Type 1 - New Molecular Entity
NDA017765,N/A,N/A,N/A,1977,Type 1 - New Molecular Entity
NDA017781,N/A,N/A,N/A,1977,Type 3 - New Dosage Form
NDA017830,CARBIDOPA,CARBIDOPA TABLETS,Oceanside Pharmaceuticals,1977,Type 3 - New Dosage Form
NDA017661,N/A,N/A,N/A,1977,Type 1 - New Molecular Entity
NDA017939,N/A,N/A,N/A,1977,Type 3 - New Dosage Form
NDA017794,ATIVAN,LORAZEPAM,Bausch Health US LLC,1977,Type 1 - New Molecular Entity
NDA017818,N/A,N/A,N/A,1977,Type 3 - New Dosage Form
NDA017688,N/A,N/A,N/A,1977,Type 3 - New Dosage Form
NDA017821,N/A,N/A,N/A,1977,Type 1 - New Molecular Entity
NDA017993,N/A,N/A,N/A,1977,Type 3 - New Dosage Form
NDA017823,HALOG,HALCINONIDE,"E.R. Squibb & Sons, L.L.C.",1977,Type 3 - New Dosage Form
NDA017563,COLESTID,COLESTIPOL HYDROCHLORIDE,Pharmacia & Upjohn Company LLC,1977,Type 1 - New Molecular Entity
NDA017447,DISOPYRAMIDE PHOSPHATE,DISOPYRAMIDE PHOSPHATE,Mylan Pharmaceuticals Inc.,1977,Type 1 - New Molecular Entity
NDA017831,N/A,N/A,N/A,1977,Type 1 - New Molecular Entity
NDA017924,N/A,N/A,N/A,1977,Type 2 - New Active Ingredient
NDA017710,N/A,N/A,N/A,1977,Type 3 - New Dosage Form
NDA050493,N/A,N/A,N/A,1977,Type 3 - New Dosage Form
NDA017824,N/A,N/A,N/A,1977,Type 3 - New Dosage Form
NDA018102,N/A,N/A,N/A,1977,Type 2 - New Active Ingredient
NDA017851,N/A,N/A,N/A,1977,Type 1 - New Molecular Entity
NDA017962,BROMOCRIPTINE MESYLATE,BROMOCRIPTINE MESYLATE,"ANI Pharmaceuticals, Inc.",1978,Type 1 - New Molecular Entity
NDA017788,RIMSO-50,DIMETHYL SULFOXIDE,Mylan Institutional LLC,1978,Type 1 - New Molecular Entity
NDA016818,N/A,N/A,N/A,1978,Type 3 - New Dosage Form
NDA018128,N/A,N/A,N/A,1978,Type 3 - New Dosage Form
NDA017955,RETIN-A,TRETINOIN,"Bausch Health US, LLC",1978,Type 3 - New Dosage Form
NDA018086,TIMOPTIC,TIMOLOL MALEATE,Bausch & Lomb Incorporated,1978,Type 1 - New Molecular Entity
NDA017957,N/A,N/A,N/A,1978,Type 3 - New Dosage Form
NDA017982,N/A,N/A,N/A,1978,Type 1 - New Molecular Entity
NDA017922,N/A,N/A,N/A,1978,Type 1 - New Molecular Entity
NDA017902,N/A,N/A,N/A,1978,Type 2 - New Active Ingredient
NDA018040,N/A,N/A,N/A,1978,Type 3 - New Dosage Form
NDA017903,N/A,N/A,N/A,1978,Type 3 - New Dosage Form
NDA018082,N/A,N/A,N/A,1978,Type 2 - New Active Ingredient and Type 3 - New Dosage Form
NDA017744,MOTOFEN,DIFENOXIN AND ATROPINE SULFATE,Legacy Pharma USA Inc.,1978,Type 1 - New Molecular Entity and Type 4 - New Combination
NDA018044,CALCITRIOL,CALCITRIOL,"Sun Pharmaceutical Industries, Inc.",1978,Type 1 - New Molecular Entity
NDA017857,N/A,N/A,N/A,1978,Type 1 - New Molecular Entity
NDA018057,CISPLATIN,CISPLATIN,"WG Critical Care, LLC",1978,Type 1 - New Molecular Entity
NDA018052,N/A,N/A,N/A,1978,Type 3 - New Dosage Form
BLA101063,N/A,N/A,N/A,1978,Type 1 - New Molecular Entity
NDA017911,N/A,N/A,N/A,1978,Type 1 - New Molecular Entity
NDA017963,LOPRESSOR,METOPROLOL TARTRATE,Validus Pharmaceuticals LLC,1978,Type 1 - New Molecular Entity
NDA017820,N/A,N/A,N/A,1978,Type 1 - New Molecular Entity
NDA017950,N/A,N/A,N/A,1978,Type 2 - New Active Ingredient
NDA017907,N/A,N/A,N/A,1978,Type 1 - New Molecular Entity
NDA018127,N/A,N/A,N/A,1978,Type 3 - New Dosage Form
NDA017923,N/A,N/A,N/A,1978,Type 3 - New Dosage Form
NDA017994,N/A,N/A,N/A,1978,Type 3 - New Dosage Form
NDA017769,N/A,N/A,N/A,1978,Type 3 - New Dosage Form
NDA017914,N/A,N/A,N/A,1978,Type 3 - New Dosage Form
NDA018081,N/A,N/A,N/A,1978,Type 1 - New Molecular Entity
NDA017989,HEMABATE,CARBOPROST TROMETHAMINE,Pharmacia & Upjohn Company LLC,1979,Type 1 - New Molecular Entity
NDA050484,N/A,N/A,N/A,1979,Type 1 - New Molecular Entity
NDA016792,N/A,N/A,N/A,1979,Type 1 - New Molecular Entity
NDA018116,N/A,N/A,N/A,1979,Type 1 - New Molecular Entity
NDA018024,N/A,N/A,N/A,1979,Type 1 - New Molecular Entity
NDA018063,N/A,N/A,N/A,1979,Type 1 - New Molecular Entity
NDA018031,N/A,N/A,N/A,1979,Type 4 - New Combination
NDA018084,N/A,N/A,N/A,1979,Type 3 - New Dosage Form
NDA018211,N/A,N/A,N/A,1979,Type 3 - New Dosage Form
NDA017871,DEMSER,METYROSINE,"Bausch Health US, LLC",1979,Type 1 - New Molecular Entity
NDA018144,N/A,N/A,N/A,1979,Type 3 - New Dosage Form
NDA018039,N/A,N/A,N/A,1979,Type 3 - New Dosage Form
NDA018203,N/A,N/A,N/A,1979,Type 1 - New Molecular Entity
NDA018154,N/A,N/A,N/A,1979,Type 1 - New Molecular Entity
NDA018264,DANTRIUM,DANTROLENE SODIUM,"Par Health USA, LLC",1979,Type 3 - New Dosage Form
NDA018206,N/A,N/A,N/A,1979,Type 3 - New Dosage Form
NDA017624,FORANE,ISOFLURANE,Baxter Healthcare Corporation,1979,Type 1 - New Molecular Entity
NDA017874,TRANSDERM SCOP,SCOPOLAMINE,Baxter Healthcare Corporation,1979,Type 3 - New Dosage Form
NDA017938,N/A,N/A,N/A,1979,Type 3 - New Dosage Form
NDA018239,N/A,N/A,N/A,1980,Type 3 - New Dosage Form
NDA018312,N/A,N/A,N/A,1980,Type 1 - New Molecular Entity
NDA018388,N/A,N/A,N/A,1980,Type 4 - New Combination
NDA018279,N/A,N/A,N/A,1980,Type 3 - New Dosage Form
NDA017854,REGLAN,METOCLOPRAMIDE HYDROCHLORIDE,"ANI Pharmaceuticals, Inc.",1980,Type 3 - New Dosage Form
NDA017986,N/A,N/A,N/A,1980,Type 4 - New Combination
NDA018202,N/A,N/A,N/A,1980,Type 1 - New Molecular Entity
NDA017659,N/A,N/A,N/A,1980,Type 3 - New Dosage Form
NDA018353,N/A,N/A,N/A,1980,Type 3 - New Dosage Form
NDA050542,N/A,N/A,N/A,1980,Type 3 - New Dosage Form
NDA018101,N/A,N/A,N/A,1980,Type 3 - New Dosage Form
NDA018088,N/A,N/A,N/A,1980,Type 2 - New Active Ingredient
NDA017543,N/A,N/A,N/A,1980,Type 1 - New Molecular Entity
NDA017943,N/A,N/A,N/A,1980,Type 3 - New Dosage Form
NDA018299,N/A,N/A,N/A,1980,Type 1 - New Molecular Entity
NDA018238,N/A,N/A,N/A,1980,Type 3 - New Dosage Form
NDA018021,N/A,N/A,N/A,1980,Type 1 - New Molecular Entity
NDA018429,N/A,N/A,N/A,1980,Type 3 - New Dosage Form
NDA018605,N/A,N/A,N/A,1980,Type 3 - New Dosage Form
NDA018140,LORAZEPAM,LORAZEPAM,Hikma Pharmaceuticals USA Inc.,1980,Type 3 - New Dosage Form
NDA018300,N/A,N/A,N/A,1980,Type 3 - New Dosage Form
NDA018006,N/A,N/A,N/A,1980,Type 1 - New Molecular Entity
NDA050545,N/A,N/A,N/A,1981,Type 1 - New Molecular Entity
NDA017559,N/A,N/A,N/A,1981,Type 1 - New Molecular Entity
NDA018240,TENORMIN,ATENOLOL,Almatica Pharma LLC,1981,Type 1 - New Molecular Entity
NDA018557,N/A,N/A,N/A,1981,Type 1 - New Molecular Entity and Type 4 - New Combination
NDA018461,LIDOCAINE HYDROCHLORIDE AND DEXTROSE,LIDOCAINE HYDROCHLORIDE,Baxter Healthcare Corporation,1981,Type 3 - New Dosage Form
NDA018771,N/A,N/A,N/A,1981,Type 3 - New Dosage Form
NDA018200,AMILORIDE HYDROCHLORIDE,AMILORIDE HYDROCHLORIDE,Padagis US LLC,1981,Type 1 - New Molecular Entity
NDA018449,INTRALIPID,I.V. FAT EMULSION,"Fresenius Kabi USA, LLC",1981,Type 3 - New Dosage Form
NDA018614,N/A,N/A,N/A,1981,Type 3 - New Dosage Form
NDA018533,N/A,N/A,N/A,1981,Type 1 - New Molecular Entity
NDA018163,RESTORIL,TEMAZEPAM,SpecGx LLC,1981,Type 1 - New Molecular Entity
NDA018537,N/A,N/A,N/A,1981,Type 3 - New Dosage Form
NDA018333,SUCRALFATE,SUCRALFATE,"Mylan Pharmaceuticals, Inc.",1981,Type 1 - New Molecular Entity
NDA050547,N/A,N/A,N/A,1981,Type 1 - New Molecular Entity
NDA018276,ALPRAZOLAM,ALPRAZOLAM,Mylan Pharmaceuticals Inc.,1981,Type 1 - New Molecular Entity
NDA018045,N/A,N/A,N/A,1981,Type 1 - New Molecular Entity
NDA018469,BSS PLUS,"BALANCED SALT SOLUTION ENRICHED WITH BICARBONATE, DEXTROSE, AND GLUTATHIONE","Alcon Laboratories, Inc.",1981,Type 3 - New Dosage Form
NDA018374,N/A,N/A,N/A,1981,Type 3 - New Dosage Form
NDA018482,N/A,N/A,N/A,1981,Type 1 - New Molecular Entity
NDA018148,N/A,N/A,N/A,1981,Type 1 - New Molecular Entity
NDA018498,N/A,N/A,N/A,1981,Type 3 - New Dosage Form
NDA018343,N/A,N/A,N/A,1981,Type 1 - New Molecular Entity
NDA018422,LOPID,GEMFIBROZIL,Parke-Davis Div of Pfizer Inc,1981,Type 1 - New Molecular Entity
NDA018160,N/A,N/A,N/A,1981,Type 3 - New Dosage Form
NDA018460,N/A,N/A,N/A,1981,Type 3 - New Dosage Form
NDA018389,N/A,N/A,N/A,1981,Type 3 - New Dosage Form
NDA018076,N/A,N/A,N/A,1981,Type 2 - New Active Ingredient
NDA018484,PROSTIN VR PEDIATRIC,ALPROSTADIL,Pharmacia & Upjohn Company LLC,1981,Type 1 - New Molecular Entity
NDA018017,N/A,N/A,N/A,1981,Type 3 - New Dosage Form
NDA018201,N/A,N/A,N/A,1981,Type 4 - New Combination
NDA018207,N/A,N/A,N/A,1981,Type 1 - New Molecular Entity
NDA018310,N/A,N/A,N/A,1981,Type 1 - New Molecular Entity
NDA018281,N/A,N/A,N/A,1981,Type 3 - New Dosage Form
NDA017675,N/A,N/A,N/A,1981,Type 1 - New Molecular Entity
NDA018077,N/A,N/A,N/A,1981,Type 3 - New Dosage Form
NDA018401,N/A,N/A,N/A,1981,Type 1 - New Molecular Entity
NDA018061,N/A,N/A,N/A,1981,Type 4 - New Combination
NDA050555,TOBREX,TOBRAMYCIN,Novartis Pharmaceuticals Corporation,1981,Type 3 - New Dosage Form
NDA017736,N/A,N/A,N/A,1981,Type 1 - New Molecular Entity
NDA018485,N/A,N/A,N/A,1981,Type 1 - New Molecular Entity
NDA018521,N/A,N/A,N/A,1981,Type 3 - New Dosage Form
NDA050549,N/A,N/A,N/A,1981,Type 1 - New Molecular Entity
NDA018147,N/A,N/A,N/A,1982,Type 1 - New Molecular Entity
BLA018781,HUMULIN N,INSULIN HUMAN,Eli Lilly and Company,1982,Type 3 - New Dosage Form
NDA018702,N/A,N/A,N/A,1982,Type 1 - New Molecular Entity
NDA018676,N/A,N/A,N/A,1982,Type 3 - New Dosage Form
NDA017892,HALCION,TRIAZOLAM,Pharmacia & Upjohn Company LLC,1982,Type 1 - New Molecular Entity
NDA018586,N/A,N/A,N/A,1982,Type 3 - New Dosage Form
NDA050556,N/A,N/A,N/A,1982,Type 3 - New Dosage Form
NDA017944,N/A,N/A,N/A,1982,Type 1 - New Molecular Entity
NDA018649,N/A,N/A,N/A,1982,Type 4 - New Combination
NDA018458,N/A,N/A,N/A,1982,Type 4 - New Combination
NDA018593,N/A,N/A,N/A,1982,Type 3 - New Dosage Form
NDA018587,N/A,N/A,N/A,1982,Type 1 - New Molecular Entity
NDA017853,N/A,N/A,N/A,1982,Type 3 - New Dosage Form
NDA018596,N/A,N/A,N/A,1982,Type 3 - New Dosage Form
NDA018751,N/A,N/A,N/A,1982,Type 1 - New Molecular Entity
NDA018445,N/A,N/A,N/A,1982,Type 1 - New Molecular Entity
NDA018714,BILTRICIDE,PRAZIQUANTEL,Bayer HealthCare Pharmaceuticals Inc.,1982,Type 1 - New Molecular Entity
NDA018658,DELSYM,DEXTROMETHORPHAN,Reckitt Benckiser LLC,1982,Type 3 - New Dosage Form
NDA018520,N/A,N/A,N/A,1982,Type 3 - New Dosage Form
NDA017707,INDIUM DTPA IN 111,INDIUM IN-111 PENTETATE DISODIUM,"Medi-Physics, Inc. dba GE Healthcare",1982,Type 1 - New Molecular Entity
NDA018662,N/A,N/A,N/A,1982,Type 1 - New Molecular Entity
NDA018603,N/A,N/A,N/A,1982,Type 2 - New Active Ingredient and Type 3 - New Dosage Form
NDA050577,N/A,N/A,N/A,1982,Type 1 - New Molecular Entity
NDA018668,N/A,N/A,N/A,1982,Type 3 - New Dosage Form
NDA018536,N/A,N/A,N/A,1982,Type 1 - New Molecular Entity
NDA018285,N/A,N/A,N/A,1982,Type 1 - New Molecular Entity
NDA018582,N/A,N/A,N/A,1982,Type 3 - New Dosage Form
NDA018604,ACYCLOVIR,ACYCLOVIR,"ACTAVIS PHARMA, INC.",1982,Type 1 - New Molecular Entity
NDA018748,N/A,N/A,N/A,1982,Type 1 - New Molecular Entity
NDA018354,N/A,N/A,N/A,1982,Type 3 - New Dosage Form
NDA018104,N/A,N/A,N/A,1982,Type 1 - New Molecular Entity
NDA018613,N/A,N/A,N/A,1982,Type 1 - New Molecular Entity
NDA018707,N/A,N/A,N/A,1982,Type 3 - New Dosage Form
NDA018185,N/A,N/A,N/A,1982,Type 3 - New Dosage Form
NDA018506,N/A,N/A,N/A,1982,Type 4 - New Combination
NDA050551,N/A,N/A,N/A,1982,Type 1 - New Molecular Entity
NDA018608,PLEGISOL,"POTASSIUM CHLORIDE, SODIUM CHLORIDE, CALCIUM CHLORIDE, AND MAGNESIUM CHLORIDE","Hospira, Inc.",1982,Type 3 - New Dosage Form
BLA018663,N/A,N/A,N/A,1982,Type 1 - New Molecular Entity
NDA018733,N/A,N/A,N/A,1982,Type 4 - New Combination
BLA018780,HUMULIN R,INSULIN HUMAN,Eli Lilly and Company,1982,Type 1 - New Molecular Entity
NDA018652,HYDROCORTISONE BUTYRATE,HYDROCORTISONE BUTYRATE,Oceanside Pharmaceuticals,1982,Type 3 - New Dosage Form
NDA018467,N/A,N/A,N/A,1982,Type 1 - New Molecular Entity
NDA018538,N/A,N/A,N/A,1983,Type 1 - New Molecular Entity
NDA018685,N/A,N/A,N/A,1983,Type 4 - New Combination
NDA018749,LITHOSTAT,ACETOHYDROXAMIC ACID,Mission Pharmacal Company,1983,Type 1 - New Molecular Entity
NDA018706,N/A,N/A,N/A,1983,Type 3 - New Dosage Form
NDA050560,N/A,N/A,N/A,1983,Type 1 - New Molecular Entity
NDA018683,N/A,N/A,N/A,1983,Type 3 - New Dosage Form
NDA018761,N/A,N/A,N/A,1983,Type 3 - New Dosage Form
NDA018553,INDERAL LA,PROPRANOLOL HYDROCHLORIDE,"ANI Pharmaceuticals, Inc.",1983,Type 3 - New Dosage Form
NDA050558,N/A,N/A,N/A,1983,Type 1 - New Molecular Entity
NDA050576,N/A,N/A,N/A,1983,Type 3 - New Dosage Form
NDA018062,N/A,N/A,N/A,1983,Type 3 - New Dosage Form
NDA018713,N/A,N/A,N/A,1983,Type 3 - New Dosage Form
NDA018726,N/A,N/A,N/A,1983,Type 3 - New Dosage Form
NDA018647,N/A,N/A,N/A,1983,Type 4 - New Combination
NDA018768,N/A,N/A,N/A,1983,Type 1 - New Molecular Entity
NDA018225,BUMEX,BUMETANIDE,Validus Pharmaceuticals LLC,1983,Type 1 - New Molecular Entity
NDA018920,N/A,N/A,N/A,1983,Type 4 - New Combination
NDA050573,SANDIMMUNE,CYCLOSPORINE,Novartis Pharmaceuticals Corporation,1983,Type 1 - New Molecular Entity
NDA018226,N/A,N/A,N/A,1983,Type 3 - New Dosage Form
NDA050574,N/A,N/A,N/A,1983,Type 3 - New Dosage Form
NDA050544,N/A,N/A,N/A,1983,Type 1 - New Molecular Entity
NDA018342,N/A,N/A,N/A,1983,Type 3 - New Dosage Form
NDA018831,N/A,N/A,N/A,1983,Type 1 - New Molecular Entity
NDA018821,N/A,N/A,N/A,1983,Type 3 - New Dosage Form
NDA018703,N/A,N/A,N/A,1983,Type 1 - New Molecular Entity
NDA018763,N/A,N/A,N/A,1983,Type 3 - New Dosage Form
NDA018741,DIPROLENE,BETAMETHASONE DIPROPIONATE,Organon LLC,1983,Type 3 - New Dosage Form
NDA017813,N/A,N/A,N/A,1983,Type 3 - New Dosage Form
NDA018366,N/A,N/A,N/A,1983,Type 1 - New Molecular Entity
NDA018723,DEPAKOTE,DIVALPROEX SODIUM,AbbVie Inc.,1983,Type 3 - New Dosage Form
NDA018289,N/A,N/A,N/A,1984,Type 1 - New Molecular Entity
NDA017498,N/A,N/A,N/A,1984,Type 1 - New Molecular Entity
NDA018760,TENORETIC,ATENOLOL AND CHLORTHALIDONE,"Upsher-Smith Laboratories, LLC",1984,Type 4 - New Combination
NDA017814,N/A,N/A,N/A,1984,Type 3 - New Dosage Form
NDA018684,N/A,N/A,N/A,1984,Type 3 - New Dosage Form
NDA018303,N/A,N/A,N/A,1984,Type 4 - New Combination
NDA018849,N/A,N/A,N/A,1984,Type 3 - New Dosage Form
NDA019264,PENTAM 300,PENTAMIDINE ISETHIONATE,"Fresenius Kabi USA, LLC",1984,Type 1 - New Molecular Entity
NDA050554,N/A,N/A,N/A,1984,Type 1 - New Molecular Entity
NDA018700,N/A,N/A,N/A,1984,Type 1 - New Molecular Entity
NDA018155,N/A,N/A,N/A,1984,Type 3 - New Dosage Form
NDA018997,N/A,N/A,N/A,1984,Type 4 - New Combination
NDA018917,N/A,N/A,N/A,1984,Type 1 - New Molecular Entity
NDA018686,N/A,N/A,N/A,1984,Type 1 - New Molecular Entity
NDA019050,N/A,N/A,N/A,1984,Type 1 - New Molecular Entity
NDA018340,N/A,N/A,N/A,1984,Type 3 - New Dosage Form
NDA018989,ADVIL,IBUPROFEN,Haleon US Holdings LLC,1984,Type 3 - New Dosage Form
NDA018792,N/A,N/A,N/A,1984,Type 3 - New Dosage Form
NDA019037,N/A,N/A,N/A,1984,Type 3 - New Dosage Form
NDA017783,N/A,N/A,N/A,1984,Type 1 - New Molecular Entity
NDA018612,NICORETTE ORIGINAL,NICOTINE POLACRILEX,Haleon US Holdings LLC,1984,Type 1 - New Molecular Entity
NDA018977,N/A,N/A,N/A,1984,Type 3 - New Dosage Form
NDA019004,N/A,N/A,N/A,1984,Type 3 - New Dosage Form
NDA018813,N/A,N/A,N/A,1984,Type 3 - New Dosage Form
NDA019090,N/A,N/A,N/A,1984,Type 3 - New Dosage Form
NDA018631,N/A,N/A,N/A,1984,Type 1 - New Molecular Entity
NDA018704,N/A,N/A,N/A,1984,Type 3 - New Dosage Form
NDA018692,MARCAINE SPINAL,BUPIVACAINE HYDROCHLORIDE IN DEXTROSE,"Hospira, Inc.",1984,Type 3 - New Dosage Form
NDA018257,N/A,N/A,N/A,1984,Type 1 - New Molecular Entity
NDA019279,N/A,N/A,N/A,1984,Type 3 - New Dosage Form
NDA018770,N/A,N/A,N/A,1984,Type 1 - New Molecular Entity
NDA018680,PARAGARD T 380A,COPPER,"CooperSurgical, Inc.",1984,Type 3 - New Dosage Form
NDA018827,N/A,N/A,N/A,1984,Type 4 - New Combination
NDA050585,N/A,N/A,N/A,1984,Type 1 - New Molecular Entity
NDA018776,N/A,N/A,N/A,1984,Type 1 - New Molecular Entity
NDA018565,INFUMORPH 200,MORPHINE SULFATE,Hikma Pharmaceuticals USA Inc.,1984,Type 3 - New Dosage Form
NDA018938,DDAVP,DESMOPRESSIN ACETATE,Ferring Pharmaceuticals Inc.,1984,Type 3 - New Dosage Form
NDA019048,DESONIDE,DESONIDE,"Actavis Pharma, Inc.",1984,Type 3 - New Dosage Form
NDA017473,N/A,N/A,N/A,1984,Type 1 - New Molecular Entity
NDA018991,N/A,N/A,N/A,1984,Type 4 - New Combination
NDA018687,N/A,N/A,N/A,1984,Type 3 - New Dosage Form
NDA019034,HYDROMORPHONE HYDROCHLORIDE,HYDROMORPHONE HYDROCHLORIDE,"Fresenius Kabi USA, LLC",1984,Type 3 - New Dosage Form
NDA050557,BENZAMYCIN,ERYTHROMYCIN AND BENZOYL PEROXIDE,"Bausch Health US, LLC",1984,Type 4 - New Combination
NDA050575,AMOXICILLIN AND CLAVULANATE POTASSIUM,AMOXICILLIN AND CLAVULANATE POTASSIUM,"USAntibiotics, LLC",1984,Type 3 - New Dosage Form
NDA019192,N/A,N/A,N/A,1984,Type 3 - New Dosage Form
NDA019011,GOLYTELY,"POLYETHYLENE GLYCOL 3350, SODIUM SULFATE ANHYDROUS, SODIUM BICARBONATE, SODIUM CHLORIDE, POTASSIUM CHLORIDE","Braintree Laboratories, Inc.",1984,Type 4 - New Combination
NDA018983,N/A,N/A,N/A,1984,Type 4 - New Combination
NDA018932,N/A,N/A,N/A,1984,Type 1 - New Molecular Entity
NDA018709,N/A,N/A,N/A,1984,Type 4 - New Combination
NDA019190,N/A,N/A,N/A,1984,Type 3 - New Dosage Form
NDA018891,CATAPRES-TTS-1,CLONIDINE TRANSDERMAL SYSTEM,Technomed Inc.,1984,Type 3 - New Dosage Form
NDA050564,N/A,N/A,N/A,1984,Type 1 - New Molecular Entity and Type 4 - New Combination
NDA050589,N/A,N/A,N/A,1984,Type 3 - New Dosage Form
NDA019422,FOAMING HAND WASH,CHLORHEXIDINE GLUCONATE,"Medline Industries, LP",1985,Type 3 - New Dosage Form
NDA018830,N/A,N/A,N/A,1985,Type 1 - New Molecular Entity
NDA018000,N/A,N/A,N/A,1985,Type 3 - New Dosage Form
NDA019323,N/A,N/A,N/A,1985,Type 3 - New Dosage Form
NDA019260,N/A,N/A,N/A,1985,Type 3 - New Dosage Form
NDA050593,N/A,N/A,N/A,1985,Type 3 - New Dosage Form
NDA018956,OMNIPAQUE,IOHEXOL,GE Healthcare Inc.,1985,Type 1 - New Molecular Entity
NDA019219,N/A,N/A,N/A,1985,Type 1 - New Molecular Entity
NDA050590,N/A,N/A,N/A,1985,Type 4 - New Combination
NDA050596,N/A,N/A,N/A,1985,Type 3 - New Dosage Form
NDA018675,N/A,N/A,N/A,1985,Type 3 - New Dosage Form
NDA018651,DRONABINOL,DRONABINOL,"Ascend Laboratories, LLC",1985,Type 1 - New Molecular Entity
NDA019071,POTASSIUM CITRATE,POTASSIUM CITRATE,"Upsher-Smith Laboratories, LLC",1985,Type 3 - New Dosage Form
NDA018735,ISOVUE 200,IOPAMIDOL,BRACCO DIAGNOSTICS INC,1985,Type 1 - New Molecular Entity
NDA019185,N/A,N/A,N/A,1985,Type 3 - New Dosage Form
NDA018905,N/A,N/A,N/A,1985,Type 1 - New Molecular Entity and Type 4 - New Combination
NDA018708,QUAZEPAM,QUAZEPAM,"Atland Pharmaceuticals, LLC",1985,Type 1 - New Molecular Entity
NDA018644,N/A,N/A,N/A,1985,Type 1 - New Molecular Entity
NDA019084,N/A,N/A,N/A,1985,Type 3 - New Dosage Form
NDA018689,RIDAURA,AURANOFIN,Sebela Pharmaceuticals Inc.,1985,Type 1 - New Molecular Entity
NDA050597,N/A,N/A,N/A,1985,Type 3 - New Dosage Form
NDA019259,N/A,N/A,N/A,1985,Type 3 - New Dosage Form
NDA018878,N/A,N/A,N/A,1985,Type 3 - New Dosage Form
NDA050578,N/A,N/A,N/A,1985,Type 1 - New Molecular Entity
NDA017760,N/A,N/A,N/A,1985,Type 3 - New Dosage Form
NDA018998,ENALAPRIL MALEATE,ENALAPRIL MALEATE,OCEANSIDE PHARMACEUTICALS,1985,Type 1 - New Molecular Entity
NDA018948,CARNITOR,LEVOCARNITINE,"Leadiant Biosciences, Inc.",1985,Type 1 - New Molecular Entity
NDA018828,N/A,N/A,N/A,1985,Type 3 - New Dosage Form
NDA019010,N/A,N/A,N/A,1985,Type 1 - New Molecular Entity
NDA018738,SULCONAZOLE NITRATE,SULCONAZOLE NITRATE,JG Pharma Inc.,1985,Type 1 - New Molecular Entity
NDA050582,N/A,N/A,N/A,1985,Type 3 - New Dosage Form
NDA019368,N/A,N/A,N/A,1985,Type 1 - New Molecular Entity
NDA018873,N/A,N/A,N/A,1985,Type 1 - New Molecular Entity
NDA019322,N/A,N/A,N/A,1985,Type 1 - New Molecular Entity
NDA019421,N/A,N/A,N/A,1985,Type 3 - New Dosage Form
NDA050584,N/A,N/A,N/A,1985,Type 3 - New Dosage Form
NDA018859,RIBAVIRIN,RIBAVIRIN,Oceanside Pharmaceuticals,1985,Type 1 - New Molecular Entity
NDA018594,DESOXIMETASONE,DESOXIMETASONE,"Sun Pharmaceutical Industries, Inc.",1985,Type 3 - New Dosage Form
NDA018509,N/A,N/A,N/A,1985,Type 1 - New Molecular Entity
NDA019240,N/A,N/A,N/A,1985,Type 3 - New Dosage Form
NDA050587,PRIMAXIN IV,IMIPENEM AND CILASTATIN SODIUM,Merck Sharp & Dohme LLC,1985,Type 1 - New Molecular Entity and Type 4 - New Combination
NDA019155,N/A,N/A,N/A,1985,Type 2 - New Active Ingredient
NDA019434,N/A,N/A,N/A,1985,Type 3 - New Dosage Form
NDA050588,CEFOTAN,CEFOTETAN,"PAI Holdings, LLC dba PAI Pharma",1985,Type 1 - New Molecular Entity
NDA019059,N/A,N/A,N/A,1985,Type 3 - New Dosage Form
NDA018887,N/A,N/A,N/A,1985,Type 3 - New Dosage Form
NDA018972,N/A,N/A,N/A,1985,Type 1 - New Molecular Entity
NDA019044,INDIUM IN 111 OXYQUINOLINE,INDIUM IN-111 OXYQUINOLINE,Medi-Physics Inc. dba GE Healthcare.,1985,Type 1 - New Molecular Entity
NDA018677,CESAMET,NABILONE,Bausch Health US LLC,1985,Type 1 - New Molecular Entity
NDA018332,INDOCIN,INDOMETHACIN,Zyla Life Sciences US LLC,1985,Type 3 - New Dosage Form
NDA018705,NITROGLYCERIN,NITROGLYCERIN,Prasco Laboratories,1985,Type 3 - New Dosage Form
NDA018731,N/A,N/A,N/A,1986,Type 1 - New Molecular Entity
NDA018701,HALOPERIDOL DECANOATE,HALOPERIDOL DECANOATE,Patriot Pharmaceuticals LLC,1986,Type 2 - New Active Ingredient
NDA019463,TIMOPTIC IN OCUDOSE,TIMOLOL MALEATE,Bausch & Lomb Incorporated,1986,Type 3 - New Dosage Form
NDA019280,N/A,N/A,N/A,1986,Type 1 - New Molecular Entity
NDA019500,N/A,N/A,N/A,1986,Type 1 - New Molecular Entity
NDA019435,N/A,N/A,N/A,1986,Type 1 - New Molecular Entity
NDA018634,BETADINE,POVIDONE-IODINE,"Alcon Laboratories, Inc.",1986,Type 3 - New Dosage Form
NDA019257,CARNITOR SF,LEVOCARNITINE,"Leadiant Biosciences, Inc.",1986,Type 3 - New Dosage Form
NDA019221,VASERETIC,ENALAPRIL MALEATE AND HYDROCHLOROTHIAZIDE,"Bausch Health US, LLC",1986,Type 4 - New Combination
NDA019600,N/A,N/A,N/A,1986,Type 3 - New Dosage Form
NDA050609,ERYTHROCIN LACTOBIONATE,ERYTHROMYCIN LACTOBIONATE,"Hospira, Inc.",1986,Type 3 - New Dosage Form
NDA050611,N/A,N/A,N/A,1986,Type 3 - New Dosage Form
NDA019193,PROVOCHOLINE,METHACHOLINE CHLORIDE,Methapharm Inc.,1986,Type 1 - New Molecular Entity
NDA019009,N/A,N/A,N/A,1986,Type 1 - New Molecular Entity
NDA019557,ETOPOSIDE,ETOPOSIDE,Onesource Specialty Pharma Limited,1986,Type 3 - New Dosage Form
NDA019032,N/A,N/A,N/A,1986,Type 1 - New Molecular Entity
NDA019085,N/A,N/A,N/A,1986,Type 1 - New Molecular Entity
NDA019157,PREDNISOLONE SODIUM PHOSPHATE,PREDNISOLONE SODIUM PHOSPHATE,"Seton Pharmaceuticals, LLC",1986,Type 3 - New Dosage Form
NDA019518,N/A,N/A,N/A,1986,Type 3 - New Dosage Form
NDA019510,N/A,N/A,N/A,1986,Type 3 - New Dosage Form
NDA019216,FML FORTE,FLUOROMETHOLONE,"Allergan, Inc.",1986,Type 3 - New Dosage Form
NDA019284,N/A,N/A,N/A,1986,Type 3 - New Dosage Form
NDA019386,BREVIBLOC,ESMOLOL HYDROCHLORIDE,Baxter Healthcare Company,1986,Type 1 - New Molecular Entity
NDA019415,N/A,N/A,N/A,1986,Type 2 - New Active Ingredient
NDA019152,N/A,N/A,N/A,1986,Type 3 - New Dosage Form
NDA018754,N/A,N/A,N/A,1986,Type 1 - New Molecular Entity
NDA019008,N/A,N/A,N/A,1986,Type 3 - New Dosage Form
NDA019384,N/A,N/A,N/A,1986,Type 1 - New Molecular Entity
NDA019369,N/A,N/A,N/A,1986,Type 1 - New Molecular Entity
NDA018874,N/A,N/A,N/A,1986,Type 3 - New Dosage Form
NDA050608,UNASYN,AMPICILLIN SODIUM AND SULBACTAM SODIUM,Roerig,1986,Type 1 - New Molecular Entity and Type 4 - New Combination
NDA019462,N/A,N/A,N/A,1986,Type 1 - New Molecular Entity
NDA050606,VANCOCIN,VANCOMYCIN HYDROCHLORIDE,"ANI Pharmaceuticals, Inc.",1986,Type 3 - New Dosage Form
BLA103132,N/A,N/A,N/A,1986,Type 1 - New Molecular Entity
NDA019536,N/A,N/A,N/A,1986,Type 3 - New Dosage Form
NDA019439,N/A,N/A,N/A,1986,Type 3 - New Dosage Form
NDA019081,N/A,N/A,N/A,1986,Type 3 - New Dosage Form
NDA018489,N/A,N/A,N/A,1986,Type 1 - New Molecular Entity
NDA050580,AZACTAM,AZTREONAM,"E.R. Squibb & Sons, L.L.C.",1986,Type 1 - New Molecular Entity
NDA019281,CYKLOKAPRON,TRANEXAMIC ACID,Pfizer Laboratories Div Pfizer Inc,1986,Type 3 - New Dosage Form
NDA050613,N/A,N/A,N/A,1986,Type 3 - New Dosage Form
NDA050591,N/A,N/A,N/A,1987,Type 1 - New Molecular Entity
NDA018936,PROZAC,FLUOXETINE HYDROCHLORIDE,Dista Products Company,1987,Type 1 - New Molecular Entity
NDA019046,N/A,N/A,N/A,1987,Type 4 - New Combination
NDA019503,N/A,N/A,N/A,1987,Type 3 - New Dosage Form
BLA103172,CATHFLO ACTIVASE,ALTEPLASE,"Genentech, Inc.",1987,Type 1 - New Molecular Entity
NDA019383,N/A,N/A,N/A,1987,Type 3 - New Dosage Form
NDA050571,N/A,N/A,N/A,1987,Type 1 - New Molecular Entity
NDA019389,N/A,N/A,N/A,1987,Type 3 - New Dosage Form
NDA019779,IOPIDINE 1%,APRACLONIDINE HYDROCHLORIDE OPHTHALMIC SOLUTION,"Harrow Eye, LLC",1987,Type 1 - New Molecular Entity
NDA019057,N/A,N/A,N/A,1987,Type 1 - New Molecular Entity
NDA050624,N/A,N/A,N/A,1987,Type 3 - New Dosage Form
NDA019111,N/A,N/A,N/A,1987,Type 4 - New Combination
NDA018550,N/A,N/A,N/A,1987,Type 1 - New Molecular Entity
NDA019643,N/A,N/A,N/A,1987,Type 1 - New Molecular Entity
NDA019618,MESALAMINE,MESALAMINE,"ANI Pharmaceuticals, Inc.",1987,Type 1 - New Molecular Entity
NDA019555,N/A,N/A,N/A,1987,Type 3 - New Dosage Form
NDA019545,N/A,N/A,N/A,1987,Type 3 - New Dosage Form
NDA050629,DOXORUBICIN HYDROCHLORIDE,DOXORUBICIN HYDROCHLORIDE,Pfizer Laboratories Div Pfizer Inc,1987,Type 3 - New Dosage Form
NDA050619,N/A,N/A,N/A,1987,Type 3 - New Dosage Form
NDA019297,N/A,N/A,N/A,1987,Type 1 - New Molecular Entity
NDA019432,N/A,N/A,N/A,1987,Type 1 - New Molecular Entity
NDA019558,N/A,N/A,N/A,1987,Type 1 - New Molecular Entity
NDA018963,CHOLETEC,MEBROFENIN,Bracco Diagnostics Inc,1987,Type 1 - New Molecular Entity
NDA019537,CIPRO,CIPROFLOXACIN HYDROCHLORIDE,Bayer HealthCare Pharmaceuticals Inc.,1987,Type 1 - New Molecular Entity
NDA018927,TEGRETOL,CARBAMAZEPINE,Novartis Pharmaceuticals Corporation,1987,Type 3 - New Dosage Form
NDA019763,IFOSFAMIDE,IFOSFAMIDE,Baxter Healthcare Company,1987,Type 1 - New Molecular Entity
NDA050617,N/A,N/A,N/A,1987,Type 3 - New Dosage Form
NDA018976,N/A,N/A,N/A,1987,Type 1 - New Molecular Entity
NDA050615,CLINDAMYCIN PHOSPHATE,CLINDAMYCIN PHOSPHATE,Mylan Pharmaceuticals Inc.,1987,Type 3 - New Dosage Form
NDA050614,N/A,N/A,N/A,1987,Type 3 - New Dosage Form
NDA019516,MS CONTIN,MORPHINE SULFATE,Rhodes Pharmaceuticals LLC,1987,Type 3 - New Dosage Form
NDA019625,N/A,N/A,N/A,1987,Type 3 - New Dosage Form
NDA019401,N/A,N/A,N/A,1987,Type 2 - New Active Ingredient and Type 3 - New Dosage Form
NDA019116,N/A,N/A,N/A,1987,Type 3 - New Dosage Form
NDA018965,NAPROXEN,NAPROXEN,"Acella Pharmaceuticals, LLC",1987,Type 3 - New Dosage Form
NDA019436,N/A,N/A,N/A,1987,Type 1 - New Molecular Entity
NDA019527,N/A,N/A,N/A,1987,Type 3 - New Dosage Form
NDA019243,N/A,N/A,N/A,1987,Type 3 - New Dosage Form
NDA019655,RETROVIR,ZIDOVUDINE,ViiV Healthcare Company,1987,Type 1 - New Molecular Entity
NDA050605,N/A,N/A,N/A,1987,Type 2 - New Active Ingredient
NDA019579,N/A,N/A,N/A,1987,Type 1 - New Molecular Entity
NDA019543,N/A,N/A,N/A,1987,Type 1 - New Molecular Entity
NDA019488,N/A,N/A,N/A,1988,Type 1 - New Molecular Entity
NDA050567,N/A,N/A,N/A,1988,Type 4 - New Combination
NDA019647,N/A,N/A,N/A,1988,Type 3 - New Dosage Form
NDA018766,N/A,N/A,N/A,1988,Type 3 - New Dosage Form
NDA019641,N/A,N/A,N/A,1988,Type 3 - New Dosage Form
NDA019824,N/A,N/A,N/A,1988,Type 3 - New Dosage Form
NDA050601,N/A,N/A,N/A,1988,Type 1 - New Molecular Entity
NDA050616,TOBRADEX,TOBRAMYCIN AND DEXAMETHASONE,Novartis Pharmaceuticals Corporation,1988,Type 3 - New Dosage Form
NDA019387,N/A,N/A,N/A,1988,Type 3 - New Dosage Form
NDA019385,N/A,N/A,N/A,1988,Type 1 - New Molecular Entity
NDA019501,WOMENS ROGAINE UNSCENTED,MINOXIDIL,Kenvue Brands LLC,1988,Type 3 - New Dosage Form
NDA019667,SANDOSTATIN,OCTREOTIDE ACETATE,Novartis Pharmaceuticals Corporation,1988,Type 1 - New Molecular Entity
NDA019737,N/A,N/A,N/A,1988,Type 3 - New Dosage Form
NDA019508,N/A,N/A,N/A,1988,Type 1 - New Molecular Entity
NDA019828,OXICONAZOLE NITRATE,OXICONAZOLE NITRATE,"E. Fougera & Co. a division of Fougera Pharmaceuticals, LLC",1988,Type 1 - New Molecular Entity
NDA019599,N/A,N/A,N/A,1988,Type 1 - New Molecular Entity
NDA019569,THIOLA,TIOPRONIN,Mission Pharmacal Company,1988,Type 1 - New Molecular Entity
NDA019729,N/A,N/A,N/A,1988,Type 3 - New Dosage Form
NDA019489,N/A,N/A,N/A,1988,Type 3 - New Dosage Form
NDA019049,TRETINOIN CREAM,TRETINOIN,Obagi Cosmeceuticals LLC,1988,Type 3 - New Dosage Form
NDA019561,N/A,N/A,N/A,1988,Type 3 - New Dosage Form
NDA019596,N/A,N/A,N/A,1988,Type 1 - New Molecular Entity
NDA018988,N/A,N/A,N/A,1988,Type 4 - New Combination
NDA019710,OPTIRAY 320,IOVERSOL,Liebel-Flarsheim Company LLC,1988,Type 1 - New Molecular Entity
NDA019574,THALITONE,CHLORTHALIDONE,Casper Pharma LLC,1988,Type 3 - New Dosage Form
NDA019669,N/A,N/A,N/A,1988,Type 3 - New Dosage Form
NDA019829,CERETEC,TECHNETIUM TC-99M EXAMETAZIME,Medi-Physics Inc. dba GE Healthcare.,1988,Type 1 - New Molecular Entity
NDA019309,N/A,N/A,N/A,1988,Type 2 - New Active Ingredient
NDA019357,ETHAMOLIN,ETHANOLAMINE OLEATE,"QOL Medical, LLC.",1988,Type 1 - New Molecular Entity
NDA050592,TOBRAMYCIN AND DEXAMETHASONE,TOBRAMYCIN AND DEXAMETHASONE,Sandoz Inc,1988,Type 4 - New Combination
NDA050586,N/A,N/A,N/A,1988,Type 4 - New Combination
NDA019675,N/A,N/A,N/A,1988,Type 3 - New Dosage Form
NDA019268,CYTOTEC,MISOPROSTOL,Pfizer Laboratories Div Pfizer Inc,1988,Type 1 - New Molecular Entity
NDA050643,N/A,N/A,N/A,1989,Type 3 - New Dosage Form
NDA050627,RIFADIN IV,RIFAMPIN,Sanofi-Aventis U.S. LLC,1989,Type 3 - New Dosage Form
NDA019627,DIPRIVAN,PROPOFOL,"Fresenius Kabi USA, LLC",1989,Type 1 - New Molecular Entity
NDA019151,N/A,N/A,N/A,1989,Type 1 - New Molecular Entity
NDA018737,EXELDERM,SULCONAZOLE NITRATE,Journey Medical Corporation,1989,Type 3 - New Dosage Form
NDA019880,N/A,N/A,N/A,1989,Type 1 - New Molecular Entity
NDA050648,N/A,N/A,N/A,1989,Type 3 - New Dosage Form
NDA019810,N/A,N/A,N/A,1989,Type 1 - New Molecular Entity
NDA019653,N/A,N/A,N/A,1989,Type 1 - New Molecular Entity and Type 4 - New Combination
NDA019937,N/A,N/A,N/A,1989,Type 1 - New Molecular Entity
NDA019970,NITROGLYCERIN IN DEXTROSE,NITROGLYCERIN,Baxter Healthcare Company,1989,Type 3 - New Dosage Form
NDA019907,N/A,N/A,N/A,1989,Type 1 - New Molecular Entity
NDA019693,N/A,N/A,N/A,1989,Type 1 - New Molecular Entity
NDA050658,N/A,N/A,N/A,1989,Type 3 - New Dosage Form
NDA019578,N/A,N/A,N/A,1989,Type 1 - New Molecular Entity
NDA019906,CLOMIPRAMINE HYDROCHLORIDE,CLOMIPRAMINE HYDROCHLORIDE,SpecGx LLC,1989,Type 1 - New Molecular Entity
NDA050637,N/A,N/A,N/A,1989,Type 1 - New Molecular Entity
NDA050639,N/A,N/A,N/A,1989,Type 3 - New Dosage Form
NDA050628,N/A,N/A,N/A,1989,Type 4 - New Combination
NDA019334,N/A,N/A,N/A,1989,Type 1 - New Molecular Entity
NDA019910,RETROVIR,ZIDOVUDINE,ViiV Healthcare Company,1989,Type 3 - New Dosage Form
NDA018554,N/A,N/A,N/A,1989,Type 1 - New Molecular Entity
NDA050655,NAFCILLIN,NAFCILLIN,Baxter Healthcare Corporation,1989,Type 3 - New Dosage Form
NDA019507,N/A,N/A,N/A,1989,Type 3 - New Dosage Form
NDA050633,N/A,N/A,N/A,1989,Type 1 - New Molecular Entity
NDA019771,ADVIL COLD AND SINUS,IBUPROFEN AND PSEUDOEPHEDRINE HYDROCHLORIDE,Haleon US Holdings LLC,1989,Type 4 - New Combination
NDA019814,N/A,N/A,N/A,1989,Type 3 - New Dosage Form
NDA050641,DOXYCYCLINE MONOHYDRATE,DOXYCYCLINE MONOHYDRATE,"Chartwell RX, LLC.",1989,Type 3 - New Dosage Form
BLA103158,N/A,N/A,N/A,1989,Type 1 - New Molecular Entity
NDA050635,N/A,N/A,N/A,1989,Type 3 - New Dosage Form
NDA019909,N/A,N/A,N/A,1989,Type 3 - New Dosage Form
NDA050634,N/A,N/A,N/A,1989,Type 3 - New Dosage Form
NDA019525,N/A,N/A,N/A,1989,Type 4 - New Combination
NDA019833,N/A,N/A,N/A,1989,Type 3 - New Dosage Form
NDA050632,N/A,N/A,N/A,1989,Type 3 - New Dosage Form
NDA018592,N/A,N/A,N/A,1989,Type 3 - New Dosage Form
NDA019758,CLOZARIL,CLOZAPINE,"HLS Therapeutics (USA), Inc.",1989,Type 1 - New Molecular Entity
NDA019382,N/A,N/A,N/A,1989,Type 3 - New Dosage Form
NDA050640,OXACILLIN,OXACILLIN,Baxter Healthcare Corporation,1989,Type 3 - New Dosage Form
NDA050636,N/A,N/A,N/A,1989,Type 3 - New Dosage Form
BLA103234,PROCRIT,ERYTHROPOIETIN,"Janssen Products, LP",1989,Type 1 - New Molecular Entity
NDA019661,N/A,N/A,N/A,1989,Type 1 - New Molecular Entity
NDA019058,N/A,N/A,N/A,1989,Type 3 - New Dosage Form
NDA019860,N/A,N/A,N/A,1989,Type 3 - New Dosage Form
NDA019845,BETOPTIC S,BETAXOLOL HYDROCHLORIDE,Novartis Pharmaceuticals Corporation,1989,Type 3 - New Dosage Form
NDA019522,N/A,N/A,N/A,1989,Type 3 - New Dosage Form
NDA019796,N/A,N/A,N/A,1989,Type 3 - New Dosage Form
NDA019698,N/A,N/A,N/A,1989,Type 1 - New Molecular Entity
NDA019608,N/A,N/A,N/A,1989,Type 3 - New Dosage Form
NDA019786,N/A,N/A,N/A,1989,Type 2 - New Active Ingredient and Type 3 - New Dosage Form
NDA019684,PROCARDIA XL,NIFEDIPINE,Pfizer Laboratories Div Pfizer Inc,1989,Type 3 - New Dosage Form
NDA019784,N/A,N/A,N/A,1989,Type 3 - New Dosage Form
NDA050622,N/A,N/A,N/A,1989,Type 3 - New Dosage Form
NDA050600,CLINDAMYCIN PHOSPHATE,CLINDAMYCIN PHOSPHATE,Mylan Pharmaceuticals Inc.,1989,Type 3 - New Dosage Form
NDA019456,N/A,N/A,N/A,1989,Type 1 - New Molecular Entity
NDA019687,N/A,N/A,N/A,1989,Type 2 - New Active Ingredient
NDA019471,N/A,N/A,N/A,1989,Type 3 - New Dosage Form
NDA019292,N/A,N/A,N/A,1989,Type 3 - New Dosage Form
NDA019732,LUPRON DEPOT,LEUPROLIDE ACETATE,AbbVie Inc.,1989,Type 3 - New Dosage Form
NDA019726,ZOLADEX,GOSERELIN,TerSera Therapeutics LLC,1989,Type 1 - New Molecular Entity
NDA019414,CARDIOGEN-82,RUBIDIUM CHLORIDE RB-82,Bracco Diagnostics Inc,1989,Type 1 - New Molecular Entity
NDA019887,NEBUPENT,PENTAMIDINE ISETHIONATE,"Fresenius Kabi USA, LLC",1989,Type 3 - New Dosage Form
NDA019855,ELIMITE,PERMETHRIN,Aurobindo Pharma Limited,1989,Type 3 - New Dosage Form
NDA050612,N/A,N/A,N/A,1989,Type 3 - New Dosage Form
NDA050621,N/A,N/A,N/A,1989,Type 1 - New Molecular Entity
NDA019753,N/A,N/A,N/A,1990,Type 1 - New Molecular Entity
NDA019886,SYNAREL,NAFARELIN ACETATE,Pfizer Laboratories Div Pfizer Inc,1990,Type 1 - New Molecular Entity
NDA019614,VERAPAMIL HYDROCHLORIDE,VERAPAMIL HYDROCHLORIDE,Teva Pharmaceuticals Inc,1990,Type 3 - New Dosage Form
NDA019794,N/A,N/A,N/A,1990,Type 3 - New Dosage Form
NDA050630,N/A,N/A,N/A,1990,Type 3 - New Dosage Form
NDA019897,N/A,N/A,N/A,1990,Type 3 - New Dosage Form
NDA050661,N/A,N/A,N/A,1990,Type 1 - New Molecular Entity
BLA019818,N/A,N/A,N/A,1990,Type 1 - New Molecular Entity
NDA019976,N/A,N/A,N/A,1990,Type 3 - New Dosage Form
NDA019926,N/A,N/A,N/A,1990,Type 1 - New Molecular Entity
NDA019966,N/A,N/A,N/A,1990,Type 3 - New Dosage Form
NDA019919,N/A,N/A,N/A,1990,Type 3 - New Dosage Form
NDA019785,CARDIOLITE,TETRAKIS(2-METHOXYISOBUTYLISOCYANIDE)COPPER(I) TETRAFLUOROBORATE,"Lantheus Medical Imaging, Inc.",1990,Type 1 - New Molecular Entity
NDA050625,SANDIMMUNE,CYCLOSPORINE,Novartis Pharmaceuticals Corporation,1990,Type 3 - New Dosage Form
NDA050649,N/A,N/A,N/A,1990,Type 3 - New Dosage Form
NDA019950,N/A,N/A,N/A,1990,Type 3 - New Dosage Form
NDA020035,N/A,N/A,N/A,1990,Type 1 - New Molecular Entity
NDA050638,PENICILLIN G POTASSIUM,PENICILLIN G,Baxter Healthcare Corporation,1990,Type 3 - New Dosage Form
NDA019968,N/A,N/A,N/A,1990,Type 1 - New Molecular Entity
NDA020011,LUPRON DEPOT,LEUPROLIDE ACETATE,AbbVie Inc.,1990,Type 3 - New Dosage Form
NDA019949,N/A,N/A,N/A,1990,Type 1 - New Molecular Entity
NDA019002,N/A,N/A,N/A,1990,Type 1 - New Molecular Entity
NDA019735,N/A,N/A,N/A,1990,Type 1 - New Molecular Entity
NDA020088,N/A,N/A,N/A,1990,Type 3 - New Dosage Form
NDA019951,RETROVIR,ZIDOVUDINE,ViiV Healthcare Company,1990,Type 3 - New Dosage Form
NDA050646,N/A,N/A,N/A,1990,Type 2 - New Active Ingredient
NDA019668,DOXAZOSIN,DOXAZOSIN,Mylan Pharmaceuticals Inc.,1990,Type 1 - New Molecular Entity
NDA019879,N/A,N/A,N/A,1990,Type 1 - New Molecular Entity
NDA020056,N/A,N/A,N/A,1990,Type 3 - New Dosage Form
NDA019429,N/A,N/A,N/A,1990,Type 4 - New Combination
NDA019857,N/A,N/A,N/A,1990,Type 3 - New Dosage Form
NDA020001,N/A,N/A,N/A,1990,Type 3 - New Dosage Form
NDA019813,N/A,N/A,N/A,1990,Type 2 - New Active Ingredient and Type 3 - New Dosage Form
NDA019928,N/A,N/A,N/A,1990,Type 1 - New Molecular Entity
NDA019481,RENACIDIN,"CITRIC ACID, GLUCONOLACTONE AND MAGNESIUM CARBONATE","United-Guardian, Inc.",1990,Type 3 - New Dosage Form
NDA019882,TECHNESCAN MAG3,TECHNESCAN TC 99M MERTIATIDE,Curium US LLC,1990,Type 1 - New Molecular Entity
NDA019927,N/A,N/A,N/A,1990,Type 3 - New Dosage Form
NDA019858,N/A,N/A,N/A,1990,Type 3 - New Dosage Form
NDA019992,CIPROFLOXACIN HYDROCHLORIDE,CIPROFLOXACIN HYDROCHLORIDE,Sandoz Inc,1990,Type 3 - New Dosage Form
NDA019967,N/A,N/A,N/A,1990,Type 3 - New Dosage Form
NDA019546,N/A,N/A,N/A,1990,Type 1 - New Molecular Entity
NDA019972,N/A,N/A,N/A,1990,Type 3 - New Dosage Form
NDA019715,DIPENTUM,OLSALAZINE SODIUM,Viatris Specialty LLC,1990,Type 1 - New Molecular Entity
NDA019795,N/A,N/A,N/A,1990,Type 3 - New Dosage Form
NDA019863,N/A,N/A,N/A,1990,Type 1 - New Molecular Entity
NDA019979,N/A,N/A,N/A,1991,Type 1 - New Molecular Entity
NDA050670,N/A,N/A,N/A,1991,Type 1 - New Molecular Entity
NDA020036,N/A,N/A,N/A,1991,Type 1 - New Molecular Entity
BLA020032,SURVANTA,BERACTANT,AbbVie Inc.,1991,Type 1 - New Molecular Entity
NDA019946,N/A,N/A,N/A,1991,Type 1 - New Molecular Entity
BLA103000,BOTOX COSMETIC,ONABOTULINUMTOXINA,"Allergan, Inc.",1991,Type 1 - New Molecular Entity
NDA019091,N/A,N/A,N/A,1991,Type 1 - New Molecular Entity
NDA020165,NICOTINE TRANSDERMAL SYSTEM,NICOTINE,Sam's West Inc,1991,Type 3 - New Dosage Form
NDA020037,N/A,N/A,N/A,1991,Type 3 - New Dosage Form
NDA019836,N/A,N/A,N/A,1991,Type 1 - New Molecular Entity
NDA020007,N/A,N/A,N/A,1991,Type 1 - New Molecular Entity
NDA019645,N/A,N/A,N/A,1991,Type 3 - New Dosage Form
NDA020068,FOSCAVIR,FOSCARNET SODIUM,Clinigen Limited,1991,Type 1 - New Molecular Entity
NDA019915,N/A,N/A,N/A,1991,Type 1 - New Molecular Entity
NDA020079,N/A,N/A,N/A,1991,Type 3 - New Dosage Form
NDA019677,N/A,N/A,N/A,1991,Type 4 - New Combination
BLA103353,NEUPOGEN,FILGRASTIM,"Amgen, Inc",1991,Type 1 - New Molecular Entity
NDA020064,NITROFURANTOIN MONOHYDRATE/ MACROCRYSTALLINE,NITROFURANTOIN MONOHYDRATE/MACROCRYSTALLINE,Alvogen Inc.,1991,Type 3 - New Dosage Form
NDA020101,N/A,N/A,N/A,1991,Type 3 - New Dosage Form
BLA103362,LEUKINE,SARGRAMOSTIM,"Partner Therapeutics, Inc.",1991,Type 1 - New Molecular Entity
NDA019839,ZOLOFT,SERTRALINE HYDROCHLORIDE,ROERIG,1991,Type 1 - New Molecular Entity
NDA019981,ULTRATAG RBC,KIT FOR THE PREPARATION OF TECHNETIUM TC 99M RED BLOOD CELLS,Curium US LLC,1991,Type 3 - New Dosage Form
NDA019766,ZOCOR,SIMVASTATIN,Organon LLC,1991,Type 1 - New Molecular Entity
NDA019998,CHEMET,SUCCIMER,"Recordati Rare Diseases, Inc.",1991,Type 1 - New Molecular Entity
NDA020041,AMINOSYN II,"ISOLEUCINE, LEUCINE, LYSINE ACETATE, METHIONINE, PHENYLALANINE, THREONINE, TRYPTOPHAN, VALINE, ALANINE, ARGININE, ASPARTIC ACID, GLUTAMIC ACID, HISTIDINE, PROLINE, SERINE, N-ACETYLTYROSINE, AND GLYCINE",ICU Medical Inc.,1991,Type 3 - New Dosage Form
NDA019757,N/A,N/A,N/A,1991,Type 3 - New Dosage Form
NDA019961,N/A,N/A,N/A,1991,Type 1 - New Molecular Entity
NDA019898,N/A,N/A,N/A,1991,Type 1 - New Molecular Entity
NDA020154,N/A,N/A,N/A,1991,Type 1 - New Molecular Entity
NDA020155,N/A,N/A,N/A,1991,Type 3 - New Dosage Form
NDA020156,N/A,N/A,N/A,1991,Type 3 - New Dosage Form
NDA020073,N/A,N/A,N/A,1991,Type 1 - New Molecular Entity
NDA019568,N/A,N/A,N/A,1991,Type 2 - New Active Ingredient
NDA018922,N/A,N/A,N/A,1991,Type 1 - New Molecular Entity
NDA050662,N/A,N/A,N/A,1991,Type 1 - New Molecular Entity
NDA019901,N/A,N/A,N/A,1991,Type 1 - New Molecular Entity
NDA020027,N/A,N/A,N/A,1991,Type 3 - New Dosage Form
NDA050668,N/A,N/A,N/A,1991,Type 3 - New Dosage Form
NDA019798,N/A,N/A,N/A,1991,Type 3 - New Dosage Form
NDA019890,N/A,N/A,N/A,1991,Type 3 - New Dosage Form
NDA019583,N/A,N/A,N/A,1991,Type 1 - New Molecular Entity
NDA050667,N/A,N/A,N/A,1991,Type 1 - New Molecular Entity
NDA020038,N/A,N/A,N/A,1991,Type 1 - New Molecular Entity
NDA019856,N/A,N/A,N/A,1991,Type 3 - New Dosage Form
NDA019616,N/A,N/A,N/A,1991,Type 1 - New Molecular Entity
NDA019851,LOTENSIN,BENAZEPRIL HYDROCHLORIDE,Validus Pharmaceuticals LLC,1991,Type 1 - New Molecular Entity
NDA020089,N/A,N/A,N/A,1991,Type 3 - New Dosage Form
NDA020076,NICOTINE TRANSDERMAL SYSTEM,NICOTINE,Dr. Reddys Laboratories Inc.,1991,Type 3 - New Dosage Form
NDA050664,N/A,N/A,N/A,1991,Type 1 - New Molecular Entity
NDA020122,NIPENT,PENTOSTATIN,"Hospira, Inc.",1991,Type 1 - New Molecular Entity
NDA019797,"PEG 3350, SODIUM CHLORIDE, SODIUM BICARBONATE AND POTASSIUM CHLORIDE","POLYETHYLENE GLYCOL 3350, SODIUM CHLORIDE, SODIUM BICARBONATE, POTASSIUM CHLORIDE","Wilshire Pharmaceuticals, Inc.",1991,Type 4 - New Combination
NDA020105,N/A,N/A,N/A,1991,Type 3 - New Dosage Form
NDA019834,N/A,N/A,N/A,1991,Type 1 - New Molecular Entity
NDA019865,BETAPACE,SOTALOL HYDROCHLORIDE,"Legacy Pharma USA, Inc.",1992,Type 1 - New Molecular Entity
NDA050674,N/A,N/A,N/A,1992,Type 1 - New Molecular Entity
BLA103293,PROLEUKIN,ALDESLEUKIN,"Iovance Biotherapeutics, Inc",1992,Type 1 - New Molecular Entity
NDA020208,METRONIDAZOLE,METRONIDAZOLE,Oceanside Pharmaceuticals,1992,Type 3 - New Dosage Form
NDA019941,N/A,N/A,N/A,1992,Type 3 - New Dosage Form
NDA020021,N/A,N/A,N/A,1992,Type 3 - New Dosage Form
NDA020131,PROHANCE,GADOTERIDOL,BRACCO DIAGNOSTICS INC,1992,Type 1 - New Molecular Entity
NDA020119,N/A,N/A,N/A,1992,Type 1 - New Molecular Entity
NDA020250,N/A,N/A,N/A,1992,Type 1 - New Molecular Entity
NDA020118,SUPRANE,DESFLURANE,Baxter Healthcare Corporation,1992,Type 1 - New Molecular Entity
NDA020033,BENAZEPRIL HYDROCHLORIDE AND HYDROCHLOROTHIAZIDE,BENAZEPRIL HYDROCHLORIDE AND HYDROCHLOROTHIAZIDE,Padagis US LLC,1992,Type 4 - New Combination
NDA020180,PROSCAR,FINASTERIDE,Organon LLC,1992,Type 1 - New Molecular Entity
NDA050680,CLINDAMYCIN PHOSPHATE,CLINDAMYCIN PHOSPHATE,Mylan Pharmaceuticals Inc.,1992,Type 3 - New Dosage Form
NDA019908,AMBIEN,ZOLPIDEM TARTRATE,"Cosette Pharmaceuticals, Inc.",1992,Type 1 - New Molecular Entity
NDA020071,N/A,N/A,N/A,1992,Type 1 - New Molecular Entity and Type 4 - New Combination
NDA050675,N/A,N/A,N/A,1992,Type 3 - New Dosage Form
NDA019862,N/A,N/A,N/A,1992,Type 1 - New Molecular Entity
NDA050689,RIFABUTIN,RIFABUTIN,Mylan Pharmaceuticals Inc.,1992,Type 1 - New Molecular Entity
NDA020005,N/A,N/A,N/A,1992,Type 3 - New Dosage Form
NDA019892,DILAUDID,HYDROMORPHONE HYDROCHLORIDE,Rhodes Pharmaceuticals LLC,1992,Type 3 - New Dosage Form
NDA020014,N/A,N/A,N/A,1992,Type 3 - New Dosage Form
NDA019978,N/A,N/A,N/A,1992,Type 3 - New Dosage Form
NDA020031,PAXIL,PAROXETINE HYDROCHLORIDE,Apotex Corp,1992,Type 1 - New Molecular Entity
NDA019700,ACULAR,KETOROLAC TROMETHAMINE,"Allergan, Inc.",1992,Type 3 - New Dosage Form
NDA020182,CARNITOR,LEVOCARNITINE,"Leadiant Biosciences, Inc.",1992,Type 3 - New Dosage Form
NDA019548,N/A,N/A,N/A,1992,Type 3 - New Dosage Form
NDA050688,N/A,N/A,N/A,1992,Type 3 - New Dosage Form
NDA019891,DILAUDID,HYDROMORPHONE HYDROCHLORIDE,Rhodes Pharmaceuticals LLC,1992,Type 3 - New Dosage Form
NDA020207,N/A,N/A,N/A,1992,Type 3 - New Dosage Form
NDA020098,N/A,N/A,N/A,1992,Type 1 - New Molecular Entity
NDA050683,N/A,N/A,N/A,1992,Type 3 - New Dosage Form
NDA020063,N/A,N/A,N/A,1992,Type 3 - New Dosage Form
NDA020103,N/A,N/A,N/A,1992,Type 3 - New Dosage Form
NDA019940,N/A,N/A,N/A,1992,Type 1 - New Molecular Entity
NDA019787,NORVASC,AMLODIPINE BESYLATE,Viatris Specialty LLC,1992,Type 1 - New Molecular Entity
NDA019899,N/A,N/A,N/A,1992,Type 4 - New Combination
NDA020051,N/A,N/A,N/A,1992,Type 3 - New Dosage Form
NDA019962,TOPROL XL,METOPROLOL SUCCINATE,"Melinta Therapeutics, LLC",1992,Type 2 - New Active Ingredient
NDA018841,N/A,N/A,N/A,1992,Type 1 - New Molecular Entity
NDA019982,N/A,N/A,N/A,1992,Type 1 - New Molecular Entity
NDA020055,N/A,N/A,N/A,1992,Type 3 - New Dosage Form
NDA019617,PREPIDIL,DINOPROSTONE,Pharmacia & Upjohn Company LLC,1992,Type 3 - New Dosage Form
NDA019660,N/A,N/A,N/A,1992,Type 1 - New Molecular Entity
NDA050687,N/A,N/A,N/A,1992,Type 3 - New Dosage Form
NDA020013,N/A,N/A,N/A,1992,Type 1 - New Molecular Entity
NDA019604,N/A,N/A,N/A,1992,Type 3 - New Dosage Form
NDA019734,CARDENE IV,NICARDIPINE HYDROCHLORIDE,Baxter Healthcare Corporation,1992,Type 3 - New Dosage Form
NDA019697,N/A,N/A,N/A,1992,Type 3 - New Dosage Form
NDA020199,N/A,N/A,N/A,1992,Type 1 - New Molecular Entity
NDA020087,N/A,N/A,N/A,1992,Type 3 - New Dosage Form
NDA019807,N/A,N/A,N/A,1992,Type 4 - New Combination
NDA019261,N/A,N/A,N/A,1992,Type 4 - New Combination
NDA020161,POTASSIUM CHLORIDE,POTASSIUM CHLORIDE,ICU Medical Inc.,1992,Type 3 - New Dosage Form
NDA020192,N/A,N/A,N/A,1992,Type 1 - New Molecular Entity
NDA020209,OXISTAT,OXICONAZOLE NITRATE,"ANI Pharmaceuticals, Inc.",1992,Type 3 - New Dosage Form
NDA019651,N/A,N/A,N/A,1992,Type 3 - New Dosage Form
NDA019983,N/A,N/A,N/A,1992,Type 3 - New Dosage Form
NDA020075,LIORESAL (BACLOFEN),BACLOFEN,Amneal Pharmaceuticals LLC,1992,Type 3 - New Dosage Form
NDA019773,N/A,N/A,N/A,1992,Type 3 - New Dosage Form
NDA019775,N/A,N/A,N/A,1992,Type 3 - New Dosage Form
NDA020326,N/A,N/A,N/A,1993,Type 1 - New Molecular Entity
NDA019921,OCUFLOX,OFLOXACIN,"Allergan, Inc.",1993,Type 3 - New Dosage Form
NDA020123,OMNISCAN,GADODIAMIDE,GE Healthcare Inc.,1993,Type 1 - New Molecular Entity
NDA020090,DIFLUCAN,FLUCONAZOLE,Roerig,1993,Type 3 - New Dosage Form
NDA020134,N/A,N/A,N/A,1993,Type 1 - New Molecular Entity
NDA020235,NEURONTIN,GABAPENTIN,Parke-Davis Div of Pfizer Inc,1993,Type 1 - New Molecular Entity
NDA050698,N/A,N/A,N/A,1993,Type 3 - New Dosage Form
NDA020189,FELBATOL,FELBAMATE,Viatris Specialty LLC,1993,Type 1 - New Molecular Entity
NDA020137,N/A,N/A,N/A,1993,Type 3 - New Dosage Form
BLA103471,BETASERON,INTERFERON BETA-1B,Bayer HealthCare Pharmaceuticals Inc.,1993,Type 1 - New Molecular Entity
NDA020184,N/A,N/A,N/A,1993,Type 1 - New Molecular Entity
BLA103532,PULMOZYME,DORNASE ALFA,"Genentech, Inc.",1993,Type 1 - New Molecular Entity
NDA019183,CARAFATE,SUCRALFATE,"Allergan, Inc.",1993,Type 3 - New Dosage Form
NDA019304,N/A,N/A,N/A,1993,Type 1 - New Molecular Entity
NDA020176,N/A,N/A,N/A,1993,Type 3 - New Dosage Form
NDA020264,N/A,N/A,N/A,1993,Type 3 - New Dosage Form
NDA020219,N/A,N/A,N/A,1993,Type 1 - New Molecular Entity
NDA020151,N/A,N/A,N/A,1993,Type 1 - New Molecular Entity
NDA020258,APRACLONIDINE,APRACLONIDINE,Sandoz Inc,1993,Type 3 - New Dosage Form
NDA020279,N/A,N/A,N/A,1993,Type 3 - New Dosage Form
NDA020200,N/A,N/A,N/A,1993,Type 3 - New Dosage Form
NDA020213,MIOCHOL E,ACETYLCHOLINE CHLORIDE,Bausch & Lomb Incorporated,1993,Type 3 - New Dosage Form
NDA020142,N/A,N/A,N/A,1993,Type 2 - New Active Ingredient
NDA019650,N/A,N/A,N/A,1993,Type 3 - New Dosage Form
NDA050684,N/A,N/A,N/A,1993,Type 1 - New Molecular Entity and Type 4 - New Combination
NDA020070,N/A,N/A,N/A,1993,Type 1 - New Molecular Entity
NDA019649,N/A,N/A,N/A,1993,Type 1 - New Molecular Entity
NDA020210,N/A,N/A,N/A,1993,Type 1 - New Molecular Entity
BLA020304,N/A,N/A,N/A,1993,Type 1 - New Molecular Entity
NDA020315,N/A,N/A,N/A,1993,Type 1 - New Molecular Entity
NDA019762,N/A,N/A,N/A,1993,Type 3 - New Dosage Form
NDA019942,INTRALIPID,I. V. FAT EMULSION,Baxter Healthcare Corporation,1993,Type 3 - New Dosage Form
NDA020288,N/A,N/A,N/A,1993,Type 3 - New Dosage Form
NDA020186,BISOPROLOL FUMARATE AND HYDROCHLOROTHIAZIDE,BISOPROLOL FUMARATE AND HYDROCHLOROTHIAZIDE,"Teva Pharmaceuticals USA, Inc.",1993,Type 4 - New Combination
NDA020136,N/A,N/A,N/A,1993,Type 1 - New Molecular Entity
NDA020273,CALCIPOTRIENE,CALCIPOTRIENE,Prasco Laboratories,1993,Type 1 - New Molecular Entity
NDA020330,TIMOPTIC-XE,TIMOLOL MALEATE,Bausch & Lomb Incorporated,1993,Type 3 - New Dosage Form
NDA020049,PENTASA,MESALAMINE,"Takeda Pharmaceuticals America, Inc.",1993,Type 3 - New Dosage Form
NDA020191,N/A,N/A,N/A,1993,Type 1 - New Molecular Entity
NDA020091,N/A,N/A,N/A,1993,Type 1 - New Molecular Entity
NDA020239,N/A,N/A,N/A,1993,Type 1 - New Molecular Entity
NDA019658,CLARITIN,LORATADINE,Bayer HealthCare LLC,1993,Type 1 - New Molecular Entity
NDA020289,N/A,N/A,N/A,1993,Type 3 - New Dosage Form
NDA020225,N/A,N/A,N/A,1993,Type 3 - New Dosage Form
NDA020272,RISPERDAL,RISPERIDONE,"Janssen Pharmaceuticals, Inc.",1993,Type 1 - New Molecular Entity
NDA050671,VANCOMYCIN HYDROCHLORIDE,VANCOMYCIN HYDROCHLORIDE,Baxter Healthcare Corporation,1993,Type 3 - New Dosage Form
NDA020355,N/A,N/A,N/A,1994,Type 3 - New Dosage Form
NDA020067,NAPROXEN,NAPROXEN,Zameer Pharmaceuticals LLC,1994,Type 3 - New Dosage Form
NDA020204,ALEVE GELCAPS,NAPROXEN SODIUM,Bayer HealthCare LLC.,1994,Type 3 - New Dosage Form
NDA020329,GLUCOTROL XL,GLIPIZIDE,Roerig,1994,Type 3 - New Dosage Form
NDA020095,N/A,N/A,N/A,1994,Type 3 - New Dosage Form
NDA020303,N/A,N/A,N/A,1994,Type 4 - New Combination
NDA050653,N/A,N/A,N/A,1994,Type 3 - New Dosage Form
NDA020226,NAPHCON A,NAPHAZOLINE HYDROCHLORIDE AND PHENIRAMINE MALEATE,"Alcon Laboratories, Inc.",1994,Type 4 - New Combination
NDA020058,N/A,N/A,N/A,1994,Type 3 - New Dosage Form
NDA020340,N/A,N/A,N/A,1994,Type 3 - New Dosage Form
NDA050708,PROGRAF,TACROLIMUS,"Astellas Pharma US, Inc.",1994,Type 1 - New Molecular Entity
NDA020121,N/A,N/A,N/A,1994,Type 3 - New Dosage Form
NDA020256,NEUROLITE,BICISATE DIHYDROCHLORIDE,"Lantheus Medical Imaging, Inc.",1994,Type 1 - New Molecular Entity
NDA020323,N/A,N/A,N/A,1994,Type 3 - New Dosage Form
NDA020084,N/A,N/A,N/A,1994,Type 1 - New Molecular Entity
NDA020408,N/A,N/A,N/A,1994,Type 1 - New Molecular Entity
NDA020243,N/A,N/A,N/A,1994,Type 1 - New Molecular Entity
NDA020135,N/A,N/A,N/A,1994,Type 3 - New Dosage Form
NDA020126,PRUDOXIN,DOXEPIN HYDROCHLORIDE,Mylan Pharmaceuticals Inc.,1994,Type 3 - New Dosage Form
NDA020363,N/A,N/A,N/A,1994,Type 1 - New Molecular Entity
NDA050705,N/A,N/A,N/A,1994,Type 4 - New Combination
NDA020249,N/A,N/A,N/A,1994,Type 3 - New Dosage Form
NDA020418,N/A,N/A,N/A,1994,Type 3 - New Dosage Form
NDA050709,PROGRAF,TACROLIMUS,"Astellas Pharma US, Inc.",1994,Type 3 - New Dosage Form
NDA020214,N/A,N/A,N/A,1994,Type 1 - New Molecular Entity
NDA050693,N/A,N/A,N/A,1994,Type 3 - New Dosage Form
NDA020287,FRAGMIN,DALTEPARIN SODIUM,Pfizer Laboratories Div Pfizer Inc,1994,Type 1 - New Molecular Entity
NDA020412,N/A,N/A,N/A,1994,Type 1 - New Molecular Entity
NDA020251,N/A,N/A,N/A,1994,Type 3 - New Dosage Form
NDA020474,N/A,N/A,N/A,1994,Type 1 - New Molecular Entity
NDA019841,N/A,N/A,N/A,1994,Type 1 - New Molecular Entity
BLA103411,ONCASPAR,PEGASPARGASE,Servier Pharmaceuticals LLC,1994,Type 3 - New Dosage Form
NDA019806,N/A,N/A,N/A,1994,Type 1 - New Molecular Entity and Type 4 - New Combination
NDA019872,TYLENOL 8 HR ARTHRITIS PAIN,ACETAMINOPHEN,Kenvue Brands LLC,1994,Type 3 - New Dosage Form
NDA020343,N/A,N/A,N/A,1994,Type 3 - New Dosage Form
NDA020286,N/A,N/A,N/A,1994,Type 4 - New Combination
NDA020236,N/A,N/A,N/A,1994,Type 1 - New Molecular Entity
BLA020367,CEREZYME,IMIGLUCERASE,Genzyme Corporation,1994,Type 1 - New Molecular Entity
NDA019746,N/A,N/A,N/A,1994,Type 3 - New Dosage Form
BLA103575,N/A,N/A,N/A,1994,Type 1 - New Molecular Entity
NDA020337,N/A,N/A,N/A,1994,Type 3 - New Dosage Form
NDA020336,N/A,N/A,N/A,1994,Type 3 - New Dosage Form
NDA020152,N/A,N/A,N/A,1994,Type 1 - New Molecular Entity
NDA050672,N/A,N/A,N/A,1994,Type 3 - New Dosage Form
NDA019670,CLARITIN-D 12 HOUR,LORATADINE AND PSEUDOEPHEDRINE SULFATE,Bayer HealthCare LLC.,1994,Type 4 - New Combination
NDA020222,COLESTID,COLESTIPOL HYDROCHLORIDE,Pharmacia & Upjohn Company LLC,1994,Type 3 - New Dosage Form
NDA020392,CYSTAGON,CYSTEAMINE BITARTRATE,Mylan Pharmaceuticals Inc.,1994,Type 1 - New Molecular Entity
NDA020233,N/A,N/A,N/A,1994,Type 1 - New Molecular Entity
NDA020241,LAMICTAL,LAMOTRIGINE,GlaxoSmithKline LLC,1994,Type 1 - New Molecular Entity
NDA020314,OCTREOSCAN,INDIUM IN -111 PENTETREOTIDE,Curium US LLC,1994,Type 1 - New Molecular Entity
NDA020237,SALAGEN,PILOCARPINE HYDROCHLORIDE,Advanz Pharma (US) Corp.,1994,Type 3 - New Dosage Form
NDA020394,N/A,N/A,N/A,1995,Type 3 - New Dosage Form
NDA020551,N/A,N/A,N/A,1995,Type 2 - New Active Ingredient
NDA020357,N/A,N/A,N/A,1995,Type 1 - New Molecular Entity
NDA020476,N/A,N/A,N/A,1995,Type 3 - New Dosage Form
NDA050718,DOXORUBICIN HYDROCHLORIDE LIPOSOME,DOXORUBICIN HYDROCHLORIDE LIPOSOME,Baxter Healthcare Company,1995,Type 3 - New Dosage Form
NDA020520,N/A,N/A,N/A,1995,Type 3 - New Dosage Form
NDA020393,N/A,N/A,N/A,1995,Type 3 - New Dosage Form
NDA020599,N/A,N/A,N/A,1995,Type 1 - New Molecular Entity
NDA020488,MAGNESIUM SULFATE IN DEXTROSE,MAGNESIUM SULFATE IN DEXTROSE,"Hospira, Inc.",1995,Type 3 - New Dosage Form
NDA020439,BETIMOL,TIMOLOL,Thea Pharma Inc.,1995,Type 2 - New Active Ingredient
NDA020500,MEPRON,ATOVAQUONE,GlaxoSmithKline LLC,1995,Type 3 - New Dosage Form
NDA020482,N/A,N/A,N/A,1995,Type 1 - New Molecular Entity
NDA020406,PREVACID,LANSOPRAZOLE,"Takeda Pharmaceuticals America, Inc.",1995,Type 1 - New Molecular Entity
NDA050724,N/A,N/A,N/A,1995,Type 2 - New Active Ingredient
NDA020356,NISOLDIPINE,NISOLDIPINE,Prasco Laboratories,1995,Type 1 - New Molecular Entity
NDA020596,EPIVIR,LAMIVUDINE,ViiV Healthcare Company,1995,Type 3 - New Dosage Form
NDA020444,N/A,N/A,N/A,1995,Type 1 - New Molecular Entity
NDA020487,VALTREX,VALACYCLOVIR HYDROCHLORIDE,GlaxoSmithKline LLC,1995,Type 2 - New Active Ingredient
NDA020411,CERVIDIL,DINOPROSTONE,Ferring Pharmaceuticals Inc.,1995,Type 3 - New Dosage Form
NDA020313,N/A,N/A,N/A,1995,Type 3 - New Dosage Form
NDA020451,PHOTOFRIN,PORFIMER SODIUM,"Pinnacle Biologics, Inc.",1995,Type 1 - New Molecular Entity
NDA020281,N/A,N/A,N/A,1995,Type 1 - New Molecular Entity
NDA020364,LOTREL,AMLODIPINE BESYLATE AND BENAZEPRIL HYDROCHLORIDE,Novartis Pharmaceuticals Corporation,1995,Type 4 - New Combination
BLA020522,N/A,N/A,N/A,1995,Type 3 - New Dosage Form
NDA050703,N/A,N/A,N/A,1995,Type 2 - New Active Ingredient
NDA020478,ULTANE,SEVOFLURANE,AbbVie Inc.,1995,Type 1 - New Molecular Entity
NDA020489,N/A,N/A,N/A,1995,Type 3 - New Dosage Form
NDA020421,N/A,N/A,N/A,1995,Type 3 - New Dosage Form
NDA020316,N/A,N/A,N/A,1995,Type 1 - New Molecular Entity
NDA020429,N/A,N/A,N/A,1995,Type 3 - New Dosage Form
NDA020403,N/A,N/A,N/A,1995,Type 3 - New Dosage Form
NDA020491,CORVERT,IBUTILIDE FUMARATE,Pharmacia & Upjohn Company LLC,1995,Type 1 - New Molecular Entity
NDA019963,N/A,N/A,N/A,1995,Type 3 - New Dosage Form
NDA020401,DILTIAZEM HYDROCHLORIDE EXTENDED RELEASE,DILTIAZEM HYDROCHLORIDE,Oceanside Pharmaceuticals,1995,Type 3 - New Dosage Form
NDA020312,N/A,N/A,N/A,1995,Type 1 - New Molecular Entity
NDA050685,N/A,N/A,N/A,1995,Type 1 - New Molecular Entity
NDA020541,ARIMIDEX,ANASTROZOLE,"ANI Pharmaceuticals, Inc.",1995,Type 1 - New Molecular Entity
NDA020518,N/A,N/A,N/A,1995,Type 3 - New Dosage Form
NDA020297,COREG,CARVEDILOL,Waylis Therapeutics LLC,1995,Type 1 - New Molecular Entity
NDA020212,N/A,N/A,N/A,1995,Type 1 - New Molecular Entity
NDA050710,ZITHROMAX,AZITHROMYCIN DIHYDRATE,Pfizer Laboratories Div Pfizer Inc,1995,Type 3 - New Dosage Form
NDA020132,IMITREX,SUMATRIPTAN,GlaxoSmithKline LLC,1995,Type 3 - New Dosage Form
NDA050716,NEORAL,CYCLOSPORINE,Novartis Pharmaceuticals Corporation,1995,Type 3 - New Dosage Form
NDA020221,ETHYOL,AMIFOSTINE,Legacy Pharma USA Inc.,1995,Type 1 - New Molecular Entity
NDA050715,NEORAL,CYCLOSPORINE,Novartis Pharmaceuticals Corporation,1995,Type 3 - New Dosage Form
NDA020628,N/A,N/A,N/A,1995,Type 1 - New Molecular Entity
NDA020438,N/A,N/A,N/A,1995,Type 3 - New Dosage Form
NDA050686,N/A,N/A,N/A,1995,Type 3 - New Dosage Form
NDA020398,N/A,N/A,N/A,1995,Type 3 - New Dosage Form
NDA020220,ULTRAVIST,IOPROMIDE,Bayer HealthCare Pharmaceuticals Inc.,1995,Type 1 - New Molecular Entity
NDA050722,CELLCEPT,MYCOPHENOLATE MOFETIL,"Genentech, Inc.",1995,Type 1 - New Molecular Entity
NDA050678,N/A,N/A,N/A,1995,Type 1 - New Molecular Entity
NDA019955,DDAVP,DESMOPRESSIN ACETATE,Ferring Pharmaceuticals Inc.,1995,Type 3 - New Dosage Form
NDA020379,CAVERJECT,ALPROSTADIL,Pharmacia & Upjohn Company LLC,1995,Type 3 - New Dosage Form
NDA020531,METRONIDAZOLE,METRONIDAZOLE,Mayne Pharma Inc.,1995,Type 3 - New Dosage Form
NDA020517,LUPRON DEPOT,LEUPROLIDE ACETATE,AbbVie Inc.,1995,Type 3 - New Dosage Form
NDA020402,ADVIL LIQUI-GELS,IBUPROFEN,"Lil Drug Store Products, Inc",1995,Type 3 - New Dosage Form
NDA019835,ZYRTEC HIVES,CETIRIZINE HYDROCHLORIDE,Kenvue Brands LLC,1995,Type 1 - New Molecular Entity
NDA020409,N/A,N/A,N/A,1995,Type 3 - New Dosage Form
NDA020377,N/A,N/A,N/A,1995,Type 3 - New Dosage Form
NDA020428,AZELEX,AZELAIC ACID,"Almirall, LLC",1995,Type 1 - New Molecular Entity
NDA020499,N/A,N/A,N/A,1995,Type 3 - New Dosage Form
NDA020627,N/A,N/A,N/A,1996,Type 3 - New Dosage Form
NDA020544,N/A,N/A,N/A,1996,Type 3 - New Dosage Form
NDA050711,ZITHROMAX,AZITHROMYCIN DIHYDRATE,Pfizer Laboratories Div Pfizer Inc,1996,Type 3 - New Dosage Form
NDA020634,N/A,N/A,N/A,1996,Type 3 - New Dosage Form
NDA020528,N/A,N/A,N/A,1996,Type 1 - New Molecular Entity
NDA050706,N/A,N/A,N/A,1996,Type 1 - New Molecular Entity
NDA020372,MYOVIEW,TETROFOSMIN,Medi-Physics Inc. dba GE Healthcare,1996,Type 1 - New Molecular Entity
NDA020504,HYDROCHLOROTHIAZIDE,HYDROCHLOROTHIAZIDE,"Actavis Pharma, Inc.",1996,Type 3 - New Dosage Form
NDA020505,TOPAMAX,TOPIRAMATE,"Janssen Pharmaceuticals, Inc.",1996,Type 1 - New Molecular Entity
NDA020702,LIPITOR,ATORVASTATIN CALCIUM,Viatris Specialty LLC,1996,Type 1 - New Molecular Entity
NDA020616,N/A,N/A,N/A,1996,Type 3 - New Dosage Form
NDA020576,CYSTADANE,BETAINE,Recordati Rare Diseases,1996,Type 1 - New Molecular Entity
NDA020668,N/A,N/A,N/A,1996,Type 4 - New Combination
NDA020511,N/A,N/A,N/A,1996,Type 1 - New Molecular Entity
NDA020578,ZOLADEX,GOSERELIN,TerSera Therapeutics LLC,1996,Type 3 - New Dosage Form
NDA020193,ELMIRON,PENTOSAN POLYSULFATE SODIUM,"Janssen Pharmaceuticals, Inc.",1996,Type 1 - New Molecular Entity
NDA020664,CABERGOLINE,CABERGOLINE,Mylan Pharmaceuticals Inc.,1996,Type 1 - New Molecular Entity
BLA020162,N/A,N/A,N/A,1996,Type 1 - New Molecular Entity
NDA019931,SODIUM SULFACETAMIDE,SODIUM SULFACETAMIDE,Oceanside Pharmaceuticals,1996,Type 3 - New Dosage Form
NDA020588,RISPERIDONE,RISPERIDONE,"Janssen Pharmaceutical, Inc.",1996,Type 3 - New Dosage Form
NDA020554,CALCIPOTRIENE,CALCIPOTRIENE,Prasco Laboratories,1996,Type 3 - New Dosage Form
NDA020635,N/A,N/A,N/A,1996,Type 3 - New Dosage Form
NDA050679,N/A,N/A,N/A,1996,Type 1 - New Molecular Entity
NDA020704,CLARITIN REDITABS,LORATADINE,Bayer Healthcare LLC.,1996,Type 3 - New Dosage Form
NDA020479,GASTROCROM,CROMOLYN SODIUM,Viatris Specialty LLC,1996,Type 3 - New Dosage Form
NDA020671,HYCAMTIN,TOPOTECAN HYDROCHLORIDE,Novartis Pharmaceuticals Corporation,1996,Type 1 - New Molecular Entity
NDA020571,CAMPTOSAR,IRINOTECAN HYDROCHLORIDE,Pharmacia & Upjohn Company LLC,1996,Type 1 - New Molecular Entity
NDA020397,ZANAFLEX,TIZANIDINE HYDROCHLORIDE,"Covis Pharma US, Inc",1996,Type 1 - New Molecular Entity
NDA020577,ELLIOTTS B,"SODIUM CATION, SODIUM BICARBONATE, ANHYDROUS DEXTROSE, MAGNESIUM SULFATE, POTASSIUM CHLORIDE, CALCIUM CHLORIDE, SODIUM PHOSPHATE","Lukare Medical, LLC",1996,Type 3 - New Dosage Form
NDA020630,ULTIVA,REMIFENTANIL HYDROCHLORIDE,Mylan Institutional LLC,1996,Type 1 - New Molecular Entity
NDA020470,CLARITIN-D 24 HOUR,LORATADINE AND PSEUDOEPHEDRINE SULFATE,Bayer HealthCare LLC.,1996,Type 3 - New Dosage Form
NDA019815,N/A,N/A,N/A,1996,Type 1 - New Molecular Entity
NDA020539,N/A,N/A,N/A,1996,Type 3 - New Dosage Form
NDA020575,N/A,N/A,N/A,1996,Type 3 - New Dosage Form
NDA050673,N/A,N/A,N/A,1996,Type 3 - New Dosage Form
NDA020573,BUPHENYL,SODIUM PHENYLBUTYRATE,"Horizon Therapeutics USA, Inc.",1996,Type 1 - New Molecular Entity
NDA020457,ETOPOPHOS,ETOPOSIDE PHOSPHATE,"H2-Pharma, LLC",1996,Type 2 - New Active Ingredient
NDA020413,N/A,N/A,N/A,1996,Type 3 - New Dosage Form
NDA020647,N/A,N/A,N/A,1996,Type 3 - New Dosage Form
NDA050704,N/A,N/A,N/A,1996,Type 3 - New Dosage Form
NDA020385,NICOTROL,NICOTINE,Pharmacia & Upjohn Company LLC,1996,Type 3 - New Dosage Form
NDA020509,N/A,N/A,N/A,1996,Type 1 - New Molecular Entity
NDA020532,N/A,N/A,N/A,1996,Type 1 - New Molecular Entity
NDA020471,ZYFLO,ZILEUTON,"Chiesi USA, Inc.",1996,Type 1 - New Molecular Entity
NDA020430,N/A,N/A,N/A,1996,Type 1 - New Molecular Entity
NDA020666,ALBENDAZOLE,ALBENDAZOLE,Amneal Pharmaceuticals of New York LLC,1996,Type 1 - New Molecular Entity
NDA020636,N/A,N/A,N/A,1996,Type 1 - New Molecular Entity
NDA020524,N/A,N/A,N/A,1996,Type 1 - New Molecular Entity
NDA020545,N/A,N/A,N/A,1996,Type 3 - New Dosage Form
NDA020508,N/A,N/A,N/A,1996,Type 3 - New Dosage Form
NDA020597,LATANOPROST,LATANOPROST,Mylan Pharmaceuticals Inc.,1996,Type 1 - New Molecular Entity
NDA020572,BUPHENYL,SODIUM PHENYLBUTYRATE,"Horizon Therapeutics USA, Inc.",1996,Type 3 - New Dosage Form
NDA020130,N/A,N/A,N/A,1996,Type 3 - New Dosage Form
NDA020533,NAROPIN,ROPIVACAINE HYDROCHLORIDE,"Fresenius Kabi USA, LLC",1996,Type 1 - New Molecular Entity
NDA020472,ESTRING,ESTRADIOL,Pfizer Laboratories Div Pfizer Inc,1996,Type 3 - New Dosage Form
NDA020677,N/A,N/A,N/A,1996,Type 1 - New Molecular Entity
NDA020169,N/A,N/A,N/A,1996,Type 1 - New Molecular Entity
BLA103628,AVONEX,INTERFERON BETA-1A,Biogen Inc.,1996,Type 1 - New Molecular Entity
NDA020638,N/A,N/A,N/A,1996,Type 1 - New Molecular Entity
NDA019821,N/A,N/A,N/A,1996,Type 2 - New Active Ingredient
NDA020503,ALBUTEROL SULFATE,ALBUTEROL SULFATE,Sandoz Inc,1996,Type 3 - New Dosage Form
NDA020380,DIFFERIN,ADAPALENE,"Galderma Laboratories, L.P.",1996,Type 3 - New Dosage Form
NDA020569,N/A,N/A,N/A,1996,Type 3 - New Dosage Form
NDA020506,N/A,N/A,N/A,1996,Type 2 - New Active Ingredient
NDA020298,ALOPRIM,ALLOPURINOL,Mylan Institutional LLC,1996,Type 3 - New Dosage Form
NDA020603,INFANTS MOTRIN,IBUPROFEN,Kenvue Brands LLC,1996,Type 3 - New Dosage Form
NDA020659,N/A,N/A,N/A,1996,Type 1 - New Molecular Entity
NDA020450,CEREBYX,FOSPHENYTOIN SODIUM,Pfizer Laboratories Div Pfizer Inc,1996,Type 1 - New Molecular Entity
NDA020351,VISIPAQUE,IODIXANOL,GE Healthcare Inc.,1996,Type 1 - New Molecular Entity
NDA020665,N/A,N/A,N/A,1996,Type 1 - New Molecular Entity
NDA020629,DENAVIR,PENCICLOVIR,Mylan Pharmaceuticals Inc.,1996,Type 1 - New Molecular Entity
NDA020358,WELLBUTRIN SR,BUPROPION HYDROCHLORIDE,GlaxoSmithKline LLC,1996,Type 3 - New Dosage Form
NDA050742,STROMECTOL,IVERMECTIN,Merck Sharp & Dohme LLC,1996,Type 1 - New Molecular Entity
NDA020254,N/A,N/A,N/A,1996,Type 3 - New Dosage Form
NDA020449,DOCETAXEL,DOCETAXEL,Sanofi-Aventis U.S. LLC,1996,Type 1 - New Molecular Entity
NDA020291,N/A,N/A,N/A,1996,Type 4 - New Combination
NDA020486,N/A,N/A,N/A,1996,Type 3 - New Dosage Form
NDA020548,N/A,N/A,N/A,1996,Type 3 - New Dosage Form
NDA020685,N/A,N/A,N/A,1996,Type 1 - New Molecular Entity
NDA020547,ZAFIRLUKAST,ZAFIRLUKAST,Strides Pharma Science Limited,1996,Type 1 - New Molecular Entity
NDA020615,DURACLON,CLONIDINE HYDROCHLORIDE,Mylan Institutional LLC,1996,Type 3 - New Dosage Form
NDA020353,NAPROXEN SODIUM,NAPROXEN SODIUM,"Upsher-Smith Laboratories, LLC",1996,Type 3 - New Dosage Form
NDA020586,N/A,N/A,N/A,1996,Type 1 - New Molecular Entity
NDA050729,N/A,N/A,N/A,1996,Type 3 - New Dosage Form
NDA020469,N/A,N/A,N/A,1996,Type 3 - New Dosage Form
NDA020114,N/A,N/A,N/A,1996,Type 1 - New Molecular Entity
NDA019672,N/A,N/A,N/A,1996,Type 3 - New Dosage Form
NDA020234,TEGRETOL XR,CARBAMAZEPINE,Novartis Pharmaceuticals Corporation,1996,Type 3 - New Dosage Form
NDA020637,GLIADEL,CARMUSTINE,"Azurity Pharmaceuticals, Inc.",1996,Type 3 - New Dosage Form
NDA020267,JUNIOR STRENGTH ADVIL,IBUPROFEN,Haleon US Holdings LLC,1996,Type 3 - New Dosage Form
NDA050720,AMOXICILLIN AND CLAVULANATE POTASSIUM,AMOXICILLIN AND CLAVULANATE POTASSIUM,"USAntibiotics, LLC",1996,Type 3 - New Dosage Form
BLA103608,N/A,N/A,N/A,1996,Type 1 - New Molecular Entity
NDA019722,N/A,N/A,N/A,1996,Type 3 - New Dosage Form
NDA020625,N/A,N/A,N/A,1996,Type 1 - New Molecular Entity
NDA020700,N/A,N/A,N/A,1996,Type 3 - New Dosage Form
NDA020613,N/A,N/A,N/A,1996,Type 1 - New Molecular Entity
NDA020682,N/A,N/A,N/A,1996,Type 1 - New Molecular Entity
NDA020593,N/A,N/A,N/A,1996,Type 3 - New Dosage Form
NDA020248,INTRALIPID,I.V. FAT EMULSION,"Fresenius Kabi USA, LLC",1996,Type 3 - New Dosage Form
NDA020338,N/A,N/A,N/A,1996,Type 1 - New Molecular Entity
NDA050725,N/A,N/A,N/A,1996,Type 3 - New Dosage Form
NDA020468,NASACORT ALLERGY 24HR,TRIAMCINOLONE ACETONIDE,"Chattem, Inc.",1996,Type 3 - New Dosage Form
NDA020680,N/A,N/A,N/A,1996,Type 3 - New Dosage Form
NDA050726,N/A,N/A,N/A,1996,Type 3 - New Dosage Form
NDA050717,N/A,N/A,N/A,1996,Type 1 - New Molecular Entity
NDA050719,N/A,N/A,N/A,1996,Type 4 - New Combination
NDA020641,CLARITIN ALLERGY,LORATADINE,Bayer HealthCare LLC.,1996,Type 3 - New Dosage Form
NDA020584,N/A,N/A,N/A,1996,Type 3 - New Dosage Form
NDA020410,N/A,N/A,N/A,1996,Type 1 - New Molecular Entity
NDA050730,N/A,N/A,N/A,1996,Type 3 - New Dosage Form
BLA020563,INSULIN LISPRO,INSULIN LISPRO,Eli Lilly and Company,1996,Type 1 - New Molecular Entity
NDA020734,CLINIMIX,"LEUCINE, PHENYLALANINE, LYSINE, METHIONINE, ISOLEUCINE, VALINE, HISTIDINE, THREONINE, TRYPTOPHAN, ALANINE, GLYCINE, ARGININE, PROLINE, SERINE, TYROSINE, DEXTROSE",Baxter Healthcare Corporation,1997,Type 4 - New Combination
NDA020708,LUPRON DEPOT,LEUPROLIDE ACETATE,AbbVie Inc.,1997,Type 3 - New Dosage Form
NDA050740,AMBISOME,AMPHOTERICIN B,"Astellas Pharma US, Inc.",1997,Type 2 - New Active Ingredient
NDA020231,N/A,N/A,N/A,1997,Type 4 - New Combination
NDA020529,CONDYLOX,PODOFILOX,"Allergan, Inc.",1997,Type 3 - New Dosage Form
NDA020611,N/A,N/A,N/A,1997,Type 3 - New Dosage Form
NDA020570,N/A,N/A,N/A,1997,Type 1 - New Molecular Entity
NDA020711,N/A,N/A,N/A,1997,Type 3 - New Dosage Form
NDA020742,BSS,BALANCED SALT SOLUTION,"Alcon Laboratories, Inc.",1997,Type 4 - New Combination
NDA050746,N/A,N/A,N/A,1997,Type 3 - New Dosage Form
NDA020678,CLINIMIX E,"LEUCINE, PHENYLALANINE, LYSINE, METHIONINE, ISOLEUCINE, VALINE, HISTIDINE, THREONINE, TRYPTOPHAN, ALANINE, GLYCINE, ARGININE, PROLINE, SERINE, TYROSINE, DIBASIC POTASSIUM PHOSPHATE, MAGNESIUM CHLORIDE, SODIUM CHLORIDE, CALCIUM CHLORIDE, DEXTROSE",Baxter Healthcare Company,1997,Type 4 - New Combination
NDA020519,N/A,N/A,N/A,1997,Type 3 - New Dosage Form
NDA020441,N/A,N/A,N/A,1997,Type 3 - New Dosage Form
NDA020743,METRONIDAZOLE,METRONIDAZOLE,Oceanside Pharmaceuticals,1997,Type 3 - New Dosage Form
BLA103691,REGRANEX GEL 0.01%,BECAPLERMIN GEL 0.01%,"LRM Therapeutics, LLC",1997,Type 1 - New Molecular Entity
NDA020710,N/A,N/A,N/A,1997,Type 3 - New Dosage Form
NDA050757,N/A,N/A,N/A,1997,Type 4 - New Combination
NDA020420,N/A,N/A,N/A,1997,Type 1 - New Molecular Entity
NDA020600,TAZORAC,TAZAROTENE,"Almirall, LLC",1997,Type 1 - New Molecular Entity
NDA020658,N/A,N/A,N/A,1997,Type 1 - New Molecular Entity
NDA020292,N/A,N/A,N/A,1997,Type 3 - New Dosage Form
BLA103705,RITUXAN,RITUXIMAB,"Genentech, Inc.",1997,Type 1 - New Molecular Entity
NDA050749,N/A,N/A,N/A,1997,Type 3 - New Dosage Form
NDA020549,N/A,N/A,N/A,1997,Type 3 - New Dosage Form
BLA020378,GONAL-F,FOLLITROPIN ALFA,"EMD Serono, Inc.",1997,Type 3 - New Dosage Form
BLA020582,N/A,N/A,N/A,1997,Type 3 - New Dosage Form
NDA020639,SEROQUEL,QUETIAPINE,"H2-Pharma, LLC",1997,Type 1 - New Molecular Entity
NDA050753,TOBI,TOBRAMYCIN,Viatris Specialty LLC,1997,Type 3 - New Dosage Form
NDA020778,N/A,N/A,N/A,1997,Type 3 - New Dosage Form
NDA020868,N/A,N/A,N/A,1997,Type 3 - New Dosage Form
NDA020769,HYDROCORTISONE BUTYRATE,HYDROCORTISONE BUTYRATE,Oceanside Pharmaceuticals,1997,Type 3 - New Dosage Form
NDA020696,N/A,N/A,N/A,1997,Type 1 - New Molecular Entity
NDA020381,N/A,N/A,N/A,1997,Type 3 - New Dosage Form
NDA020768,N/A,N/A,N/A,1997,Type 1 - New Molecular Entity
NDA020111,CHLORHEXIDINE GLUCONATE SOLUTION 0.75% ANTISEPTIC,CHLORHEXIDINE GLUCONATE SOLUTION 0.75% ANTISEPTIC,"Bajaj Medical, LLC",1997,Type 3 - New Dosage Form
NDA020453,N/A,N/A,N/A,1997,Type 2 - New Active Ingredient
NDA020490,N/A,N/A,N/A,1997,Type 3 - New Dosage Form
NDA020148,DIHYDROERGOTAMINE MESYLATE,DIHYDROERGOTAMINE MESYLATE,Oceanside Pharmaceuticals,1997,Type 3 - New Dosage Form
NDA020738,N/A,N/A,N/A,1997,Type 1 - New Molecular Entity
NDA020799,N/A,N/A,N/A,1997,Type 3 - New Dosage Form
NDA020607,DICLOFENAC SODIUM AND MISOPROSTOL,DICLOFENAC SODIUM AND MISOPROSTOL,Mylan Pharmaceuticals Inc.,1997,Type 4 - New Combination
NDA020675,URSO 250,URSODIOL,"Allergan, Inc.",1997,Type 3 - New Dosage Form
NDA020705,N/A,N/A,N/A,1997,Type 1 - New Molecular Entity
NDA020834,MENS ROGAINE EXTRA STRENGTH UNSCENTED,MINOXIDIL,Kenvue Brands LLC,1997,Type 3 - New Dosage Form
NDA050723,CELLCEPT,MYCOPHENOLATE MOFETIL,"Genentech, Inc.",1997,Type 3 - New Dosage Form
NDA020657,N/A,N/A,N/A,1997,Type 3 - New Dosage Form
NDA020448,N/A,N/A,N/A,1997,Type 3 - New Dosage Form
NDA020579,N/A,N/A,N/A,1997,Type 1 - New Molecular Entity
NDA020692,SEREVENT DISKUS,SALMETEROL XINAFOATE,GlaxoSmithKline LLC,1997,Type 3 - New Dosage Form
NDA020706,N/A,N/A,N/A,1997,Type 1 - New Molecular Entity
NDA020767,N/A,N/A,N/A,1997,Type 3 - New Dosage Form
NDA020624,N/A,N/A,N/A,1997,Type 3 - New Dosage Form
NDA020587,N/A,N/A,N/A,1997,Type 1 - New Molecular Entity
NDA020740,N/A,N/A,N/A,1997,Type 1 - New Molecular Entity
NDA008319,N/A,N/A,N/A,1997,Type 1 - New Molecular Entity and Type 4 - New Combination
NDA020756,N/A,N/A,N/A,1997,Type 3 - New Dosage Form
NDA020695,N/A,N/A,N/A,1997,Type 1 - New Molecular Entity
NDA050734,IDAMYCIN PFS,IDARUBICIN HYDROCHLORIDE,Pfizer Laboratories Div Pfizer Inc,1997,Type 3 - New Dosage Form
NDA020741,N/A,N/A,N/A,1997,Type 1 - New Molecular Entity
NDA020839,PLAVIX,CLOPIDOGREL,Sanofi-Aventis U.S. LLC,1997,Type 1 - New Molecular Entity
NDA050739,N/A,N/A,N/A,1997,Type 1 - New Molecular Entity
NDA020310,NIZORAL,KETOCONAZOLE,Kramer Laboratories,1997,Type 3 - New Dosage Form
NDA020686,N/A,N/A,N/A,1997,Type 3 - New Dosage Form
NDA020648,DIAZEPAM,DIAZEPAM,Oceanside Pharmaceuticals,1997,Type 3 - New Dosage Form
NDA020617,N/A,N/A,N/A,1997,Type 1 - New Molecular Entity
NDA020606,N/A,N/A,N/A,1997,Type 4 - New Combination
NDA020333,AGRYLIN,ANAGRELIDE HYDROCHLORIDE,"Takeda Pharmaceuticals America, Inc.",1997,Type 1 - New Molecular Entity
NDA019922,N/A,N/A,N/A,1997,Type 1 - New Molecular Entity
NDA020720,N/A,N/A,N/A,1997,Type 1 - New Molecular Entity
NDA020714,N/A,N/A,N/A,1997,Type 3 - New Dosage Form
NDA020707,N/A,N/A,N/A,1997,Type 1 - New Molecular Entity
NDA020443,N/A,N/A,N/A,1997,Type 3 - New Dosage Form
NDA020757,AVAPRO,IRBESARTAN,Sanofi-Aventis U.S. LLC,1997,Type 1 - New Molecular Entity
NDA019881,N/A,N/A,N/A,1997,Type 3 - New Dosage Form
NDA020646,TIAGABINE HYDROCHLORIDE,TIAGABINE HYDROCHLORIDE,"Teva Pharmaceuticals USA, Inc.",1997,Type 1 - New Molecular Entity
NDA020808,VISIPAQUE,IODIXANOL,GE Healthcare Inc.,1997,Type 3 - New Dosage Form
NDA020626,SUMATRIPTAN,SUMATRIPTAN,Prasco Laboratories,1997,Type 3 - New Dosage Form
NDA020683,N/A,N/A,N/A,1997,Type 3 - New Dosage Form
NDA020811,N/A,N/A,N/A,1997,Type 3 - New Dosage Form
NDA020857,COMBIVIR,LAMIVUDINE AND ZIDOVUDINE,ViiV Healthcare Company,1997,Type 4 - New Combination
NDA020723,N/A,N/A,N/A,1997,Type 1 - New Molecular Entity
NDA020712,CARBATROL,CARBAMAZEPINE,"Takeda Pharmaceuticals America, Inc.",1997,Type 3 - New Dosage Form
NDA050733,ZITHROMAX,AZITHROMYCIN DIHYDRATE,Pfizer Laboratories Div Pfizer Inc,1997,Type 3 - New Dosage Form
NDA020786,ALLEGRA-D ALLERGY AND CONGESTION,FEXOFENADINE HYDROCHLORIDE AND PSEUDOEPHEDRINE HYDROCHLORIDE,"Chattem, Inc.",1997,Type 4 - New Combination
NDA020458,GALZIN,ZINC ACETATE,"Eton Pharmaceuticals, Inc.",1997,Type 2 - New Active Ingredient
NDA020619,N/A,N/A,N/A,1997,Type 4 - New Combination
NDA020899,OPTISON PERFLUTREN PROTEIN-TYPE A MICROSPHERES,HUMAN ALBUMIN MICROSPHERES AND PERFLUTREN,GE Healthcare Inc.,1997,Type 3 - New Dosage Form
NDA020701,CRINONE,PROGESTERONE,"Allergan, Inc.",1997,Type 3 - New Dosage Form
NDA020475,RETIN-A MICRO,TRETINOIN,Bausch Health US LLC,1997,Type 3 - New Dosage Form
NDA020699,EFFEXOR XR,VENLAFAXINE HYDROCHLORIDE,Viatris Specialty LLC,1997,Type 3 - New Dosage Form
NDA020762,N/A,N/A,N/A,1997,Type 3 - New Dosage Form
NDA020760,N/A,N/A,N/A,1997,Type 1 - New Molecular Entity
NDA020828,N/A,N/A,N/A,1997,Type 3 - New Dosage Form
NDA020632,N/A,N/A,N/A,1997,Type 1 - New Molecular Entity
NDA020788,PROPECIA,FINASTERIDE,Organon LLC,1997,Type 3 - New Dosage Form
NDA020726,FEMARA,LETROZOLE,Novartis Pharmaceuticals Corporation,1997,Type 1 - New Molecular Entity
NDA020758,AVALIDE,IRBESARTAN AND HYDROCHLOROTHIAZIDE,Sanofi-Aventis U.S. LLC,1997,Type 4 - New Combination
NDA020792,N/A,N/A,N/A,1997,Type 3 - New Dosage Form
NDA020667,N/A,N/A,N/A,1997,Type 1 - New Molecular Entity
NDA020729,N/A,N/A,N/A,1997,Type 4 - New Combination
NDA020791,N/A,N/A,N/A,1997,Type 3 - New Dosage Form
NDA020759,N/A,N/A,N/A,1997,Type 1 - New Molecular Entity
NDA020870,COMBIPATCH (ESTRADIOL/NORETHINDRONE ACETATE TRANSDERMAL SYSTEM),ESTRADIOL/NORETHINDRONE ACETATE TRANSDERMAL SYSTEM,"Noven Therapeutics, LLC",1998,Type 3 - New Dosage Form
NDA020972,N/A,N/A,N/A,1998,Type 1 - New Molecular Entity
NDA050758,CELLCEPT,MYCOPHENOLATE MOFETIL HYDROCHLORIDE,"Genentech, Inc.",1998,Type 3 - New Dosage Form
NDA020896,XELODA,CAPECITABINE,"H2-Pharma, LLC",1998,Type 1 - New Molecular Entity
NDA020747,FENTANYL CITRATE,FENTANYL CITRATE,"Teva Pharmaceuticals USA, Inc.",1998,Type 3 - New Dosage Form
NDA020905,ARAVA,LEFLUNOMIDE,sanofi-aventis U.S. LLC,1998,Type 1 - New Molecular Entity
NDA020181,N/A,N/A,N/A,1998,Type 3 - New Dosage Form
NDA020764,LAMICTAL,LAMOTRIGINE,GlaxoSmithKline LLC,1998,Type 3 - New Dosage Form
NDA020895,SILDENAFIL CITRATE,SILDENAFIL CITRATE,Mylan Pharmaceuticals Inc.,1998,Type 1 - New Molecular Entity
NDA020835,ACTONEL,RISEDRONATE SODIUM,"Allergan, Inc.",1998,Type 1 - New Molecular Entity
NDA020802,EXCEDRIN MIGRAINE GELTABS,"ACETAMINOPHEN, ASPRIN, CAFFEINE",Haleon US Holdings LLC,1998,Type 3 - New Dosage Form
NDA020819,ZEMPLAR,PARICALCITOL,AbbVie Inc.,1998,Type 1 - New Molecular Entity
NDA020860,N/A,N/A,N/A,1998,Type 3 - New Dosage Form
NDA020913,AGGRASTAT,TIROFIBAN,Medicure International Inc,1998,Type 3 - New Dosage Form
NDA020774,N/A,N/A,N/A,1998,Type 3 - New Dosage Form
NDA020887,N/A,N/A,N/A,1998,Type 1 - New Molecular Entity
NDA020928,N/A,N/A,N/A,1998,Type 3 - New Dosage Form
NDA020907,LOPREEZA,ESTRADIOL/NORETHINDRONE ACETATE,Amneal Pharmaceuticals NY LLC,1998,Type 4 - New Combination
BLA103772,INFLIXIMAB,INFLIXIMAB,"Janssen Biotech, Inc.",1998,Type 1 - New Molecular Entity
NDA020847,N/A,N/A,N/A,1998,Type 3 - New Dosage Form
BLA020521,INFASURF,CALFACTANT,ONY Biotech Inc.,1998,Type 1 - New Molecular Entity
NDA020850,MICARDIS,TELMISARTAN,"Boehringer Ingelheim Pharmaceuticals, Inc.",1998,Type 1 - New Molecular Entity
NDA021024,PRIFTIN,RIFAPENTINE,sanofi-aventis U.S. LLC,1998,Type 1 - New Molecular Entity
BLA103770,SYNAGIS,PALIVIZUMAB,Swedish Orphan Biovitrum AB (publ),1998,Type 1 - New Molecular Entity
NDA020865,MAXALT-MLT,RIZATRIPTAN BENZOATE,Organon LLC,1998,Type 3 - New Dosage Form
BLA103792,HERCEPTIN,TRASTUZUMAB,"Genentech, Inc.",1998,Type 1 - New Molecular Entity
NDA020963,TIMOLOL GFS,TIMOLOL MALEATE,Sandoz Inc,1998,Type 3 - New Dosage Form
NDA020369,CILOXAN,CIPROFLOXACIN HYDROCHLORIDE,Sandoz Inc,1998,Type 3 - New Dosage Form
NDA020906,N/A,N/A,N/A,1998,Type 3 - New Dosage Form
NDA050750,ZOSYN IN GALAXY CONTAINERS,TAZOBACTAM SODIUM AND PIPERACILLIN SODIUM,"Wyeth Pharmaceuticals LLC, a subsidiary of Pfizer Inc.",1998,Type 3 - New Dosage Form
NDA021068,CALCITRIOL,CALCITRIOL,"ANI Pharmaceuticals, Inc.",1998,Type 3 - New Dosage Form
NDA020827,MONISTAT 3 3 DAY,MICONAZOLE NITRATE,Insight Pharmaceuticals LLC,1998,Type 3 - New Dosage Form
NDA050754,N/A,N/A,N/A,1998,Type 3 - New Dosage Form
NDA020901,METRONIDAZOLE,METRONIDAZOLE,Mayne Pharma Inc.,1998,Type 3 - New Dosage Form
NDA020771,TOLTERODINE TARTRATE,TOLTERODINE TARTRATE,Mylan Pharmaceuticals Inc.,1998,Type 1 - New Molecular Entity
NDA020816,BRINZOLAMIDE,BRINZOLAMIDE,Sandoz Inc,1998,Type 1 - New Molecular Entity
NDA020803,LOTEPREDNOL ETABONATE,LOTEPREDNOL ETABONATE,Bausch & Lomb Americas Inc.,1998,Type 1 - New Molecular Entity
NDA020574,N/A,N/A,N/A,1998,Type 3 - New Dosage Form
NDA050751,N/A,N/A,N/A,1998,Type 3 - New Dosage Form
NDA020923,OPTIRAY 320,IOVERSOL,Liebel-Flarsheim Company LLC,1998,Type 3 - New Dosage Form
BLA103764,SIMULECT,BASILIXIMAB,Novartis Pharmaceuticals Corporation,1998,Type 1 - New Molecular Entity
NDA020773,N/A,N/A,N/A,1998,Type 3 - New Dosage Form
NDA020697,TASMAR,TOLCAPONE,Bausch Health US LLC,1998,Type 1 - New Molecular Entity
NDA050759,CELLCEPT,MYCOPHENOLATE MOFETIL,"Genentech, Inc.",1998,Type 3 - New Dosage Form
NDA020962,N/A,N/A,N/A,1998,Type 3 - New Dosage Form
NDA050744,N/A,N/A,N/A,1998,Type 3 - New Dosage Form
NDA020763,N/A,N/A,N/A,1998,Type 1 - New Molecular Entity
NDA020745,N/A,N/A,N/A,1998,Type 3 - New Dosage Form
NDA020785,THALOMID,THALIDOMIDE,Celgene Corporation,1998,Type 1 - New Molecular Entity
NDA020583,LOTEPREDNOL ETABONATE,LOTEPREDNOL ETABONATE,Bausch & Lomb Americas Inc.,1998,Type 1 - New Molecular Entity
NDA020912,AGGRASTAT,TIROFIBAN,Medicure International Inc,1998,Type 1 - New Molecular Entity
NDA020961,N/A,N/A,N/A,1998,Type 1 - New Molecular Entity
NDA020864,MAXALT,RIZATRIPTAN BENZOATE,Organon LLC,1998,Type 1 - New Molecular Entity
NDA020897,N/A,N/A,N/A,1998,Type 3 - New Dosage Form
NDA020933,N/A,N/A,N/A,1998,Type 3 - New Dosage Form
NDA020830,SINGULAIR,MONTELUKAST SODIUM,Organon LLC,1998,Type 3 - New Dosage Form
NDA020822,CELEXA,CITALOPRAM,"Allergan, Inc.",1998,Type 1 - New Molecular Entity
NDA050762,N/A,N/A,N/A,1998,Type 4 - New Combination
NDA020943,VERAPAMIL HYDROCHLORIDE,VERAPAMIL HYDROCHLORIDE,"Wilshire Pharmaceuticals, Inc.",1998,Type 3 - New Dosage Form
NDA020844,TOPAMAX,TOPIRAMATE,"Janssen Pharmaceuticals, Inc.",1998,Type 3 - New Dosage Form
BLA103795,ENBREL,ETANERCEPT,Immunex Corporation,1998,Type 1 - New Molecular Entity
BLA020898,THYROGEN,THYROTROPIN ALFA,Genzyme Corporation,1998,Type 1 - New Molecular Entity
NDA020882,NEURONTIN,GABAPENTIN,Parke-Davis Div of Pfizer Inc,1998,Type 3 - New Dosage Form
NDA020944,JUNIOR STRENGTH ADVIL,IBUPROFEN,Haleon US Holdings LLC,1998,Type 3 - New Dosage Form
NDA019781,PROMETRIUM,PROGESTERONE,"Acertis Pharmaceuticals, LLC",1998,Type 3 - New Dosage Form
NDA020869,COSOPT,DORZOLAMIDE HYDROCHLORIDE AND TIMOLOL MALEATE,Thea Pharma Inc.,1998,Type 4 - New Combination
NDA020809,N/A,N/A,N/A,1998,Type 3 - New Dosage Form
NDA020812,INFANTS ADVIL,IBUPROFEN,Haleon US Holdings LLC,1998,Type 3 - New Dosage Form
NDA020829,SINGULAIR,MONTELUKAST SODIUM,Organon LLC,1998,Type 1 - New Molecular Entity
BLA103786,N/A,N/A,N/A,1998,Type 1 - New Molecular Entity
NDA019832,N/A,N/A,N/A,1998,Type 3 - New Dosage Form
NDA050731,DAUNORUBICIN HYDROCHLORIDE,DAUNORUBICIN HYDROCHLORIDE,Hikma Pharmaceuticals USA Inc.,1998,Type 3 - New Dosage Form
NDA020946,N/A,N/A,N/A,1998,Type 3 - New Dosage Form
BLA020772,SUCRAID,SACROSIDASE,"QOL Medical, LLC",1998,Type 1 - New Molecular Entity
NDA020805,CIPRO HC,CIPROFLOXACIN HYDROCHLORIDE AND HYDROCORTISONE,Sandoz Inc,1998,Type 3 - New Dosage Form
NDA020838,ATACAND,CANDESARTAN CILEXETIL,"ANI Pharmaceuticals, Inc.",1998,Type 1 - New Molecular Entity
NDA020903,N/A,N/A,N/A,1998,Type 3 - New Dosage Form
NDA020849,PROSOL,"VALINE, LYSINE, HISTIDINE, ISOLEUCINE, LEUCINE, PHENYLALANINE, THREONINE, METHIONINE, TRYPTOPHAN, ALANINE, GLYCINE, ARGININE, PROLINE, GLUTAMIC ACID, SERINE, ASPARTIC ACID AND TYROSINE",Baxter Healthcare Corporation,1998,Type 3 - New Dosage Form
NDA020818,DIOVAN HCT,VALSARTAN AND HYDROCHLOROTHIAZIDE,Novartis Pharmaceuticals Corporation,1998,Type 4 - New Combination
NDA020801,N/A,N/A,N/A,1998,Type 3 - New Dosage Form
NDA020713,N/A,N/A,N/A,1998,Type 3 - New Dosage Form
NDA020752,N/A,N/A,N/A,1998,Type 3 - New Dosage Form
NDA020942,N/A,N/A,N/A,1998,Type 3 - New Dosage Form
NDA020932,N/A,N/A,N/A,1998,Type 3 - New Dosage Form
NDA020926,N/A,N/A,N/A,1998,Type 1 - New Molecular Entity
NDA020977,N/A,N/A,N/A,1998,Type 1 - New Molecular Entity
NDA020718,N/A,N/A,N/A,1998,Type 1 - New Molecular Entity
NDA020892,VALSTAR,VALRUBICIN,"Endo USA, Inc.",1998,Type 1 - New Molecular Entity
NDA020753,EXEMESTANE,EXEMESTANE,Mylan Pharmaceuticals Inc.,1999,Type 1 - New Molecular Entity
NDA050748,N/A,N/A,N/A,1999,Type 3 - New Dosage Form
NDA020965,LEVULAN KERASTICK,AMINOLEVULINIC ACID HYDROCHLORIDE,"Sun Pharmaceutical Industries, Inc",1999,Type 1 - New Molecular Entity
NDA020976,N/A,N/A,N/A,1999,Type 3 - New Dosage Form
NDA020973,ACIPHEX,RABEPRAZOLE SODIUM,Waylis Therapeutics LLC,1999,Type 1 - New Molecular Entity
NDA020951,N/A,N/A,N/A,1999,Type 3 - New Dosage Form
NDA020746,N/A,N/A,N/A,1999,Type 3 - New Dosage Form
NDA020766,XENICAL,ORLISTAT,H2-Pharma LLC,1999,Type 1 - New Molecular Entity
NDA050761,N/A,N/A,N/A,1999,Type 3 - New Dosage Form
NDA021042,N/A,N/A,N/A,1999,Type 1 - New Molecular Entity
NDA021055,TARGRETIN,BEXAROTENE,"Bausch Health US, LLC",1999,Type 1 - New Molecular Entity
NDA021022,N/A,N/A,N/A,1999,Type 3 - New Dosage Form
NDA021076,N/A,N/A,N/A,1999,Type 4 - New Combination
NDA021046,N/A,N/A,N/A,1999,Type 3 - New Dosage Form
BLA020744,CUROSURF,PORACTANT ALFA,"Chiesi USA, Inc.",1999,Type 1 - New Molecular Entity
NDA020612,LIDOCAINE,LIDOCAINE,"Par Health USA, LLC",1999,Type 3 - New Dosage Form
NDA050778,ELLENCE,EPIRUBICIN HYDROCHLORIDE,Pharmacia & Upjohn Company LLC,1999,Type 1 - New Molecular Entity
NDA020781,N/A,N/A,N/A,1999,Type 2 - New Active Ingredient
BLA021018,HUMALOG MIX50/50 KWIKPEN,INSULIN LISPRO,Eli Lilly and Company,1999,Type 3 - New Dosage Form and Type 4 - New Combination
NDA021065,N/A,N/A,N/A,1999,Type 3 - New Dosage Form
NDA020968,N/A,N/A,N/A,1999,Type 3 - New Dosage Form
NDA020945,N/A,N/A,N/A,1999,Type 3 - New Dosage Form
NDA021041,N/A,N/A,N/A,1999,Type 3 - New Dosage Form
NDA021036,RELENZA,ZANAMIVIR,GlaxoSmithKline LLC,1999,Type 1 - New Molecular Entity
NDA020793,CAFFEINE CITRATE,CAFFEINE CITRATE,Hikma Pharmaceuticals USA Inc.,1999,Type 2 - New Active Ingredient
NDA020966,N/A,N/A,N/A,1999,Type 3 - New Dosage Form
NDA020937,N/A,N/A,N/A,1999,Type 1 - New Molecular Entity
NDA021079,N/A,N/A,N/A,1999,Type 1 - New Molecular Entity
NDA020955,FERRLECIT,SODIUM FERRIC GLUCONATE COMPLEX,sanofi-aventis U.S. LLC,1999,Type 1 - New Molecular Entity
NDA020922,N/A,N/A,N/A,1999,Type 1 - New Molecular Entity and Type 4 - New Combination
NDA021087,TAMIFLU,OSELTAMIVIR PHOSPHATE,"Genentech, Inc.",1999,Type 1 - New Molecular Entity
NDA020934,N/A,N/A,N/A,1999,Type 3 - New Dosage Form
NDA020969,UVADEX,METHOXSALEN,Therakos LLC,1999,Type 3 - New Dosage Form
BLA021017,HUMALOG MIX75/25,INSULIN LISPRO,Eli Lilly and Company,1999,Type 3 - New Dosage Form and Type 4 - New Combination
NDA020837,N/A,N/A,N/A,1999,Type 3 - New Dosage Form
NDA020908,VAGIFEM,ESTRADIOL,Novo Nordisk,1999,Type 3 - New Dosage Form
NDA021083,SIROLIMUS,SIROLIMUS,Mylan Pharmaceuticals Inc.,1999,Type 1 - New Molecular Entity
NDA020859,N/A,N/A,N/A,1999,Type 1 - New Molecular Entity
NDA021035,KEPPRA,LEVETIRACETAM,"UCB, Inc.",1999,Type 1 - New Molecular Entity
NDA050747,N/A,N/A,N/A,1999,Type 1 - New Molecular Entity
NDA021039,N/A,N/A,N/A,1999,Type 3 - New Dosage Form
NDA020974,N/A,N/A,N/A,1999,Type 3 - New Dosage Form
NDA020863,N/A,N/A,N/A,1999,Type 1 - New Molecular Entity
NDA021066,N/A,N/A,N/A,1999,Type 1 - New Molecular Entity
NDA021029,TEMODAR,TEMOZOLOMIDE,Merck Sharp & Dohme LLC,1999,Type 1 - New Molecular Entity
NDA050767,CLEOCIN,CLINDAMYCIN PHOSPHATE,Pharmacia & Upjohn Company LLC,1999,Type 3 - New Dosage Form
NDA020796,ENTACAPONE,ENTACAPONE,"Sun Pharmaceutical Industries, Inc.",1999,Type 1 - New Molecular Entity
NDA021052,N/A,N/A,N/A,1999,Type 3 - New Dosage Form
NDA021040,N/A,N/A,N/A,1999,Type 4 - New Combination
NDA020975,N/A,N/A,N/A,1999,Type 3 - New Dosage Form
NDA021045,N/A,N/A,N/A,1999,Type 3 - New Dosage Form and Type 4 - New Combination
NDA020954,BUSULFEX,BUSULFAN,"Otsuka America Pharmaceutical, Inc.",1999,Type 3 - New Dosage Form
BLA103767,N/A,N/A,N/A,1999,Type 1 - New Molecular Entity
NDA020698,N/A,N/A,N/A,1999,Type 3 - New Dosage Form
NDA020931,TIKOSYN,DOFETILIDE,Pfizer Laboratories Div Pfizer Inc,1999,Type 1 - New Molecular Entity
NDA020862,N/A,N/A,N/A,1999,Type 1 - New Molecular Entity
NDA020884,N/A,N/A,N/A,1999,Type 4 - New Combination
NDA021073,ACTOS,PIOGLITAZONE,"Takeda Pharmaceuticals America, Inc.",1999,Type 1 - New Molecular Entity
NDA021019,N/A,N/A,N/A,1999,Type 3 - New Dosage Form
NDA021048,N/A,N/A,N/A,1999,Type 3 - New Dosage Form
BLA103836,ACTIMMUNE,INTERFERON GAMMA-1B,"Horizon Therapeutics USA, Inc.",1999,Type 1 - New Molecular Entity
NDA021057,GANIRELIX ACETATE,GANIRELIX ACETATE,Organon LLC,1999,Type 1 - New Molecular Entity
NDA021071,N/A,N/A,N/A,1999,Type 1 - New Molecular Entity
NDA020936,PAROXETINE HYDROCHLORIDE,PAROXETINE HYDROCHLORIDE,Apotex Corp,1999,Type 3 - New Dosage Form
NDA021038,PRECEDEX,DEXMEDETOMIDINE HYDROCHLORIDE,"Hospira, Inc.",1999,Type 1 - New Molecular Entity
NDA020902,N/A,N/A,N/A,1999,Type 3 - New Dosage Form
NDA021085,N/A,N/A,N/A,1999,Type 1 - New Molecular Entity
NDA050760,AMOXICILLIN,AMOXICILLIN,"USAntibiotics, LLC",1999,Type 3 - New Dosage Form
NDA021117,CALCIUM CHLORIDE,CALCIUM CHLORIDE,"Hospira, Inc.",2000,Type 3 - New Dosage Form
NDA021214,N/A,N/A,N/A,2000,Type 1 - New Molecular Entity
NDA021110,SIROLIMUS,SIROLIMUS,Mylan Pharmaceuticals Inc.,2000,Type 3 - New Dosage Form
NDA021093,CANDESARTAN CILEXETIL AND HYDROCHLOROTHIAZIDE,CANDESARTAN CILEXETIL AND HYDROCHLOROTHIAZIDE,"ANI Pharmaceuticals, Inc.",2000,Type 4 - New Combination
NDA020120,N/A,N/A,N/A,2000,Type 3 - New Dosage Form
NDA020484,N/A,N/A,N/A,2000,Type 1 - New Molecular Entity
NDA021088,N/A,N/A,N/A,2000,Type 3 - New Dosage Form
NDA050782,CLINDAMYCIN PHOSPHATE,CLINDAMYCIN PHOSPHATE,Oceanside Pharmaceuticals,2000,Type 3 - New Dosage Form
NDA020958,PEPCID COMPLETE,"FAMOTIDINE, CALCIUM CARBONATE, MAGNESIUM HYDROXIDE CHEWABLE TABLET","Lil' Drug Store Products, Inc.",2000,Type 4 - New Combination
NDA020789,ZONEGRAN,ZONISAMIDE,Advanz Pharma (US) Corp.,2000,Type 1 - New Molecular Entity
NDA021204,N/A,N/A,N/A,2000,Type 1 - New Molecular Entity
NDA021192,LESCOL XL,FLUVASTATIN SODIUM,Sandoz Inc,2000,Type 3 - New Dosage Form
NDA021127,N/A,N/A,N/A,2000,Type 3 - New Dosage Form
NDA021134,NITROSTAT,NITROGLYCERIN,Viatris Specialty LLC,2000,Type 3 - New Dosage Form
NDA021140,IMODIUM MULTI-SYMPTOM RELIEF,LOPERAMIDE HYDROCHLORIDE AND DIMETHICONE,Kenvue Brands LLC,2000,Type 3 - New Dosage Form
NDA021015,ANDROGEL,TESTOSTERONE,"ASCEND Therapeutics U.S., LLC",2000,Type 3 - New Dosage Form
NDA021176,WELCHOL,COLESEVELAM HYDROCHLORIDE,"Cosette Pharmaceuticals, Inc.",2000,Type 1 - New Molecular Entity
NDA021107,LOTRONEX,ALOSETRON HYDROCHLORIDE,Legacy Pharma USA Inc.,2000,Type 1 - New Molecular Entity
NDA020883,N/A,N/A,N/A,2000,Type 1 - New Molecular Entity
NDA021142,N/A,N/A,N/A,2000,Type 3 - New Dosage Form
NDA021183,N/A,N/A,N/A,2000,Type 3 - New Dosage Form
NDA021197,CETROTIDE,CETRORELIX ACETATE,"EMD Serono, Inc.",2000,Type 1 - New Molecular Entity
NDA021114,N/A,N/A,N/A,2000,Type 2 - New Active Ingredient
NDA021121,CONCERTA,METHYLPHENIDATE HYDROCHLORIDE,"Janssen Pharmaceuticals, Inc.",2000,Type 3 - New Dosage Form
NDA021141,N/A,N/A,N/A,2000,Type 3 - New Dosage Form
NDA021143,CLOTRIMAZOLE,CLOTRIMAZOLE,Foster and Thrive (Mckesson /STRATEGIC SOURCING SERVICES LLC),2000,Type 3 - New Dosage Form
NDA021025,N/A,N/A,N/A,2000,Type 3 - New Dosage Form
NDA021043,N/A,N/A,N/A,2000,Type 3 - New Dosage Form
NDA021226,N/A,N/A,N/A,2000,Type 1 - New Molecular Entity and Type 4 - New Combination
NDA021077,ADVAIR DISKUS,FLUTICASONE PROPIONATE AND SALMETEROL,GlaxoSmithKline LLC,2000,Type 4 - New Combination
NDA020911,N/A,N/A,N/A,2000,Type 3 - New Dosage Form
NDA021205,N/A,N/A,N/A,2000,Type 3 - New Dosage Form
NDA021184,TAZORAC,TAZAROTENE,"Almirall, LLC",2000,Type 3 - New Dosage Form
NDA021090,N/A,N/A,N/A,2000,Type 3 - New Dosage Form
NDA021130,ZYVOX,LINEZOLID,Pharmacia & Upjohn Company LLC,2000,Type 1 - New Molecular Entity
NDA021119,VISUDYNE,VERTEPORFIN FOR INJECTION,Bausch & Lomb Incorporated,2000,Type 1 - New Molecular Entity
NDA021027,N/A,N/A,N/A,2000,Type 3 - New Dosage Form
NDA021179,N/A,N/A,N/A,2000,Type 3 - New Dosage Form
NDA021129,NEURONTIN,GABAPENTIN,Parke-Davis Div of Pfizer Inc,2000,Type 3 - New Dosage Form
NDA021225,MIRENA,LEVONORGESTREL,Bayer HealthCare Pharmaceuticals Inc.,2000,Type 3 - New Dosage Form
NDA020832,CHLORAPREP ONE-STEP,CHLORHEXIDINE GLUCONATE AND ISOPROPYL ALCOHOL,"CareFusion 213, LLC",2000,Type 4 - New Combination
NDA021202,N/A,N/A,N/A,2000,Type 3 - New Dosage Form
NDA020938,N/A,N/A,N/A,2000,Type 1 - New Molecular Entity
NDA021145,N/A,N/A,N/A,2000,Type 3 - New Dosage Form
NDA021135,VENOFER,IRON SUCROSE,"Fresenius Medical Care Holdings, Inc.",2000,Type 3 - New Dosage Form
NDA021190,N/A,N/A,N/A,2000,Type 3 - New Dosage Form
NDA021228,DETROL LA,TOLTERODINE TARTRATE,Viatris Specialty LLC,2000,Type 3 - New Dosage Form
NDA021131,ZYVOX,LINEZOLID,Hp Halden Pharma AS,2000,Type 3 - New Dosage Form
NDA021056,TARGRETIN,BEXAROTENE,"Bausch Health US, LLC",2000,Type 3 - New Dosage Form
NDA021078,MALARONE,ATOVAQUONE AND PROGUANIL HYDROCHLORIDE,GlaxoSmithKline LLC,2000,Type 4 - New Combination
NDA020610,N/A,N/A,N/A,2000,Type 1 - New Molecular Entity
NDA020833,FLUTICASONE PROPIONATE DISKUS,FLUTICASONE PROPIONATE,Prasco Laboratories,2000,Type 3 - New Dosage Form
NDA021132,LINEZOLID,LINEZOLID,Mylan Pharmaceuticals Inc.,2000,Type 3 - New Dosage Form
NDA021199,N/A,N/A,N/A,2000,Type 3 - New Dosage Form
NDA021178,N/A,N/A,N/A,2000,Type 3 - New Dosage Form and Type 4 - New Combination
NDA020748,DIFFERIN,ADAPALENE,"GALDERMA LABORATORIES, L.P",2000,Type 3 - New Dosage Form
NDA021162,MICARDIS HCT,TELMISARTAN AND HYDROCHLOROTHIAZIDE,"Boehringer Ingelheim Pharmaceuticals, Inc.",2000,Type 4 - New Combination
NDA020941,ABREVA,DOCOSANOL,Haleon US Holdings LLC,2000,Type 1 - New Molecular Entity
NDA021246,TAMIFLU,OSELTAMIVIR PHOSPHATE,"Genentech, Inc.",2000,Type 3 - New Dosage Form
NDA020823,N/A,N/A,N/A,2000,Type 1 - New Molecular Entity
NDA021128,N/A,N/A,N/A,2000,Type 3 - New Dosage Form
NDA050756,N/A,N/A,N/A,2000,Type 4 - New Combination
NDA020872,ALLEGRA HIVES 24HR,FEXOFENADINE HYDROCHLORIDE,"Chattem, Inc.",2000,Type 3 - New Dosage Form
NDA021086,ZYPREXA ZYDIS,OLANZAPINE,Eli Lilly and Company,2000,Type 3 - New Dosage Form
BLA021148,NORDITROPIN,SOMATROPIN,Novo Nordisk,2000,Type 3 - New Dosage Form
NDA020874,N/A,N/A,N/A,2000,Type 4 - New Combination
NDA020873,BIVALIRUDIN,BIVALIRUDIN,"Civica, Inc.",2000,Type 1 - New Molecular Entity
BLA103846,MYOBLOC,RIMABOTULINUMTOXINB,"Solstice Neurosciences, LLC",2000,Type 1 - New Molecular Entity
BLA021149,OVIDREL,CHORIOGONADOTROPIN ALFA,"EMD Serono, Inc.",2000,Type 3 - New Dosage Form
BLA021081,LANTUS SOLOSTAR,INSULIN GLARGINE,sanofi-aventis U.S. LLC,2000,Type 1 - New Molecular Entity
NDA020929,PULMICORT RESPULES,BUDESONIDE,AstraZeneca Pharmaceuticals LP,2000,Type 3 - New Dosage Form
NDA020715,TRELSTAR,TRIPTORELIN PAMOATE,Verity Pharmaceuticals Inc.,2000,Type 1 - New Molecular Entity
NDA021037,N/A,N/A,N/A,2000,Type 3 - New Dosage Form
NDA020010,N/A,N/A,N/A,2000,Type 3 - New Dosage Form and Type 4 - New Combination
NDA021248,TRISENOX,ARSENIC TRIOXIDE,"Cephalon, LLC",2000,Type 1 - New Molecular Entity
NDA050777,TACROLIMUS,TACROLIMUS,Padagis Israel Pharmaceuticals Ltd,2000,Type 3 - New Dosage Form
NDA021168,DEPAKOTE ER,DIVALPROEX SODIUM,AbbVie Inc.,2000,Type 3 - New Dosage Form
NDA050775,N/A,N/A,N/A,2000,Type 3 - New Dosage Form
NDA021084,N/A,N/A,N/A,2000,Type 1 - New Molecular Entity and Type 4 - New Combination
NDA050769,N/A,N/A,N/A,2000,Type 3 - New Dosage Form
BLA103909,TNKASE,TENECTEPLASE,"Genentech, Inc.",2000,Type 1 - New Molecular Entity
NDA021108,RENOVA,TRETINOIN,Bausch Health US LLC,2000,Type 3 - New Dosage Form
NDA021251,KALETRA,LOPINAVIR AND RITONAVIR,AbbVie Inc.,2000,Type 3 - New Dosage Form and Type 4 - New Combination
NDA020971,ARTICAINE,ARTICAINE HYDROCHLORIDE AND EPINEPHRINE,Benco Dental,2000,Type 1 - New Molecular Entity and Type 4 - New Combination
NDA050781,ARESTIN,MINOCYCLINE HYDROCHLORIDE,"OraPharma, Inc.",2001,Type 3 - New Dosage Form
NDA021283,DIOVAN,VALSARTAN,Novartis Pharmaceuticals Corporation,2001,Type 3 - New Dosage Form
BLA103950,KINERET,ANAKINRA,Swedish Orphan Biovitrum AB (publ),2001,Type 1 - New Molecular Entity
NDA021224,N/A,N/A,N/A,2001,Type 3 - New Dosage Form
NDA050783,N/A,N/A,N/A,2001,Type 3 - New Dosage Form
NDA021180,N/A,N/A,N/A,2001,Type 1 - New Molecular Entity and Type 4 - New Combination
NDA021153,NEXIUM,ESOMEPRAZOLE MAGNESIUM,AstraZeneca Pharmaceuticals LP,2001,Type 2 - New Active Ingredient
NDA020825,GEODON,ZIPRASIDONE,Viatris Specialty LLC,2001,Type 1 - New Molecular Entity
NDA021281,N/A,N/A,N/A,2001,Type 3 - New Dosage Form
NDA021203,N/A,N/A,N/A,2001,Type 3 - New Dosage Form
BLA103951,ARANESP,DARBEPOETIN ALFA,"Amgen, Inc",2001,Type 1 - New Molecular Entity
NDA021074,3M AVAGARD,CHLORHEXIDINE GLUCONATE AND ALCOHOL,Solventum US LLC,2001,Type 3 - New Dosage Form
NDA021227,CANCIDAS,CASPOFUNGIN ACETATE,Merck Sharp & Dohme LLC,2001,Type 1 - New Molecular Entity
NDA021304,VALCYTE,VALGANCICLOVIR,"H2-Pharma, LLC",2001,Type 2 - New Active Ingredient
NDA021285,TRILEPTAL,OXCARBAZEPINE,Novartis Pharmaceuticals Corporation,2001,Type 3 - New Dosage Form
BLA103948,CAMPATH,ALEMTUZUMAB,Genzyme Corporation,2001,Type 1 - New Molecular Entity
NDA021187,NUVARING,ETONOGESTREL AND ETHINYL ESTRADIOL,Advanz Pharma (US) Corp.,2001,Type 1 - New Molecular Entity
NDA021308,MICONAZOLE 1 WALGREENS,MICONAZOLE NITRATE,WALGREEN COMPANY,2001,Type 3 - New Dosage Form
NDA020831,N/A,N/A,N/A,2001,Type 1 - New Molecular Entity
NDA021261,MONISTAT 3 COMBINATION PACK,MICONAZOLE NITRATE,Insight Pharmaceuticals LLC,2001,Type 4 - New Combination
NDA021259,METHYLPHENIDATE HYDROCHLORIDE CD,METHYLPHENIDATE HYDROCHLORIDE,"Lannett Company, Inc.",2001,Type 3 - New Dosage Form
NDA020950,N/A,N/A,N/A,2001,Type 4 - New Combination
NDA021123,N/A,N/A,N/A,2001,Type 4 - New Combination
NDA021150,ZYRTEC-D,CETIRIZINE HYDROCHLORIDE AND PSEUDOEPHEDRINE HYDROCHLORIDE,Kenvue Brands LLC,2001,Type 4 - New Combination
NDA021268,N/A,N/A,N/A,2001,Type 4 - New Combination
NDA020920,N/A,N/A,N/A,2001,Type 1 - New Molecular Entity
NDA021160,N/A,N/A,N/A,2001,Type 3 - New Dosage Form
BLA103949,N/A,N/A,N/A,2001,Type 1 - New Molecular Entity
NDA021064,DEFINITY,PERFLUTREN,"Lantheus Medical Imaging, Inc.",2001,Type 1 - New Molecular Entity
NDA050755,AUGMENTIN ES-600,AMOXICILLIN AND CLAVULANATE POTASSIUM,"USAntibiotics, LLC",2001,Type 3 - New Dosage Form
NDA021208,REMERONSOLTAB,MIRTAZAPINE,Organon LLC,2001,Type 3 - New Dosage Form
NDA021235,N/A,N/A,N/A,2001,Type 3 - New Dosage Form
NDA021223,N/A,N/A,N/A,2001,Type 1 - New Molecular Entity
NDA021082,N/A,N/A,N/A,2001,Type 4 - New Combination
NDA021222,N/A,N/A,N/A,2001,Type 1 - New Molecular Entity
NDA021098,YASMIN,DROSPIRENONE AND ETHINYL ESTRADIOL,Bayer HealthCare Pharmaceuticals Inc.,2001,Type 1 - New Molecular Entity and Type 4 - New Combination
NDA021277,N/A,N/A,N/A,2001,Type 3 - New Dosage Form
NDA021105,N/A,N/A,N/A,2001,Type 4 - New Combination
NDA021302,PIMECROLIMUS,PIMECROLIMUS,Oceanside Pharmaceuticals,2001,Type 1 - New Molecular Entity
BLA021172,INSULIN ASPART PROTAMINE AND INSULIN ASPART MIX 70/30,INSULIN ASPART,"Novo Nordisk Pharma, Inc.",2001,Type 4 - New Combination
NDA021169,N/A,N/A,N/A,2001,Type 1 - New Molecular Entity
NDA021257,N/A,N/A,N/A,2001,Type 1 - New Molecular Entity
NDA021290,TRACLEER,BOSENTAN,"Actelion Pharmaceuticals US, Inc.",2001,Type 1 - New Molecular Entity
NDA021238,N/A,N/A,N/A,2001,Type 3 - New Dosage Form
NDA021288,TRELSTAR,TRIPTORELIN PAMOATE,Verity Pharmaceuticals Inc.,2001,Type 3 - New Dosage Form
NDA021262,ALPHAGAN P,BRIMONIDINE TARTRATE,"Allergan, Inc.",2001,Type 3 - New Dosage Form
NDA021278,FOCALIN,DEXMETHYLPHENIDATE HYDROCHLORIDE,Sandoz Inc,2001,Type 3 - New Dosage Form
NDA021231,N/A,N/A,N/A,2001,Type 3 - New Dosage Form
NDA021303,"DEXTROAMPHETAMINE SACCHARATE, AMPHETAMINE ASPARTATE, DEXTROAMPHETAMINE SULFATE, AND AMPHETAMINE SULFATE","DEXTROAMPHETAMINE SACCHARATE, AMPHETAMINE ASPARTATE MONOHYDRATE, DEXTROAMPHETAMINE SULFATE, AND AMPHETAMINE SULFATE",Prasco Laboratories,2001,Type 3 - New Dosage Form
NDA021165,CLARINEX,DESLORATADINE,Organon LLC,2001,Type 1 - New Molecular Entity
NDA021275,N/A,N/A,N/A,2001,Type 1 - New Molecular Entity
NDA021356,VIREAD,TENOFOVIR DISOPROXIL FUMARATE,"Gilead Sciences, Inc.",2001,Type 1 - New Molecular Entity
NDA021409,SINGULAIR,MONTELUKAST SODIUM,Organon LLC,2002,Type 3 - New Dosage Form
NDA021016,RELPAX,ELETRIPTAN HYDROBROMIDE,Viatris Specialty LLC,2002,Type 1 - New Molecular Entity
BLA125057,HUMIRA,ADALIMUMAB,Cordavis Limited,2002,Type 1 - New Molecular Entity
BLA103946,ELITEK,RASBURICASE,Sanofi-Aventis U.S. LLC,2002,Type 1 - New Molecular Entity
BLA125019,ZEVALIN,IBRITUMOMAB TIUXETAN,Acrotech Biopharma Inc,2002,Type 1 - New Molecular Entity
NDA050763,N/A,N/A,N/A,2002,Type 3 - New Dosage Form
NDA021365,N/A,N/A,N/A,2002,Type 3 - New Dosage Form
NDA021374,ADVIL COLD AND SINUS,"IBUPROFEN, PSEUDOEPHEDRINE HYDROCHLORIDE",Haleon US Holdings LLC,2002,Type 3 - New Dosage Form
NDA020732,N/A,N/A,N/A,2002,Type 3 - New Dosage Form
NDA021379,VABRINTY,LEUPROLIDE ACETATE,"URONOVA PHARMACEUTICALS, INC.",2002,Type 3 - New Dosage Form
NDA050785,AMOXICILLIN AND CLAVULANATE POTASSIUM,AMOXICILLIN AND CLAVULANATE POTASSIUM,"USAntibiotics, LLC",2002,Type 3 - New Dosage Form
NDA021449,N/A,N/A,N/A,2002,Type 1 - New Molecular Entity
NDA021260,N/A,N/A,N/A,2002,Type 3 - New Dosage Form
BLA103780,REBIF,INTERFERON BETA-1A,"EMD Serono, Inc.",2002,Type 1 - New Molecular Entity
NDA021511,N/A,N/A,N/A,2002,Type 3 - New Dosage Form
NDA021437,EPLERENONE,EPLERENONE,Mylan Pharmaceuticals Inc.,2002,Type 1 - New Molecular Entity
NDA021196,SODIUM OXYBATE,SODIUM OXYBATE,Hikma Pharmaceuticals USA Inc.,2002,Type 1 - New Molecular Entity
NDA021492,N/A,N/A,N/A,2002,Type 1 - New Molecular Entity
NDA020855,MESNEX,MESNA,Baxter Healthcare Company,2002,Type 3 - New Dosage Form
NDA021282,MUCINEX,GUAIFENESIN,Reckitt Benckiser LLC,2002,Type 3 - New Dosage Form
NDA021441,ADVIL ALLERGY SINUS,"CHLORPHENIRAMINE MALEATE, IBUPROFEN, PSEUDOEPHEDRINE HCL",Haleon US Holdings LLC,2002,Type 4 - New Combination
NDA021200,N/A,N/A,N/A,2002,Type 1 - New Molecular Entity
NDA021191,N/A,N/A,N/A,2002,Type 1 - New Molecular Entity
BLA125031,NEULASTA,PEGFILGRASTIM,"Amgen, Inc",2002,Type 1 - New Molecular Entity
NDA021454,TESTIM,TESTOSTERONE,"Endo USA, Inc.",2002,Type 3 - New Dosage Form
BLA021289,N/A,N/A,N/A,2002,Type 3 - New Dosage Form
NDA050741,N/A,N/A,N/A,2002,Type 4 - New Combination
NDA020782,N/A,N/A,N/A,2002,Type 3 - New Dosage Form
BLA103964,PEGASYS,PEGINTERFERON ALFA-2A,pharmaand GmbH,2002,Type 1 - New Molecular Entity
NDA021419,METHYLIN,METHYLPHENIDATE HYDROCHLORIDE,SHIONOGI INC.,2002,Type 3 - New Dosage Form
NDA050790,CYCLOSPORINE,CYCLOSPORINE,Apotex Corp,2002,Type 3 - New Dosage Form
NDA021478,ACYCLOVIR,ACYCLOVIR,"Teva Pharmaceuticals USA, Inc.",2002,Type 3 - New Dosage Form
NDA021410,N/A,N/A,N/A,2002,Type 4 - New Combination
NDA021266,VFEND,VORICONAZOLE,Roerig,2002,Type 1 - New Molecular Entity
NDA021445,ZETIA,EZETIMIBE,Organon LLC,2002,Type 1 - New Molecular Entity
NDA021498,N/A,N/A,N/A,2002,Type 1 - New Molecular Entity
NDA021232,ORFADIN,NITISINONE,SWEDISH ORPHAN BIOVITRUM AB (PUBL),2002,Type 1 - New Molecular Entity
NDA021425,N/A,N/A,N/A,2002,Type 3 - New Dosage Form
NDA021212,CAVERJECT IMPULSE,ALPROSTADIL,Pharmacia & Upjohn Company LLC,2002,Type 3 - New Dosage Form
NDA021555,CHLORAPREP ONE-STEP,CHLORHEXIDINE GLUCONATE AND ISOPROPYL ALCOHOL,CareFusion 213 LLC,2002,Type 3 - New Dosage Form
NDA021473,N/A,N/A,N/A,2002,Type 3 - New Dosage Form
NDA021447,ZANAFLEX,TIZANIDINE HYDROCHLORIDE,"Covis Pharma US, Inc",2002,Type 3 - New Dosage Form
NDA021428,PREVACID SOLUTAB,LANSOPRAZOLE,"Takeda Pharmaceuticals America, Inc.",2002,Type 3 - New Dosage Form
NDA021284,METHYLPHENIDATE,METHYLPHENIDATE,Sandoz Inc,2002,Type 3 - New Dosage Form
NDA021112,TRI-LUMA,"FLUOCINOLONE ACETONIDE, HYDROQUINONE, AND TRETINOIN","Galderma Laboratories, L.P.",2002,Type 4 - New Combination
NDA021460,N/A,N/A,N/A,2002,Type 4 - New Combination
NDA021375,ALAVERT ALLERGY,LORATADINE,Foundation Consumer Brands,2002,Type 3 - New Dosage Form
NDA021360,N/A,N/A,N/A,2002,Type 3 - New Dosage Form
NDA021453,N/A,N/A,N/A,2002,Type 3 - New Dosage Form
NDA021411,STRATTERA,ATOMOXETINE HYDROCHLORIDE,Eli Lilly and Company,2002,Type 1 - New Molecular Entity
NDA021241,N/A,N/A,N/A,2002,Type 3 - New Dosage Form
NDA050788,N/A,N/A,N/A,2002,Type 3 - New Dosage Form
NDA021470,AZELAIC ACID GEL,AZELAIC ACID,Sandoz Inc.,2002,Type 3 - New Dosage Form
NDA021472,N/A,N/A,N/A,2002,Type 3 - New Dosage Form
NDA021436,ABILIFY,ARIPIPRAZOLE,"Otsuka America Pharmaceutical, Inc.",2002,Type 1 - New Molecular Entity
NDA020733,N/A,N/A,N/A,2002,Type 4 - New Combination
NDA021373,N/A,N/A,N/A,2002,Type 3 - New Dosage Form
NDA021272,REMODULIN,TREPROSTINIL,United Therapeutics Corporation,2002,Type 1 - New Molecular Entity
NDA021136,N/A,N/A,N/A,2002,Type 3 - New Dosage Form
NDA020776,N/A,N/A,N/A,2002,Type 2 - New Active Ingredient
NDA050784,ZITHROMAX,AZITHROMYCIN DIHYDRATE,Pfizer Laboratories Div Pfizer Inc,2002,Type 3 - New Dosage Form
NDA021175,ATNAA ATROPINE AND PRALIDOXIME CHLORIDE AUTO-INJECTOR,ATROPINE AND PRALIDOXIME CHLORIDE,"Meridian Medical Technologies, LLC",2002,Type 3 - New Dosage Form
NDA021286,BENICAR,OLMESARTAN MEDOXOMIL,"Cosette Pharmaceuticals, Inc.",2002,Type 1 - New Molecular Entity
NDA021408,N/A,N/A,N/A,2002,Type 3 - New Dosage Form
NDA021475,N/A,N/A,N/A,2003,Type 3 - New Dosage Form
NDA021366,CRESTOR,ROSUVASTATIN,AstraZeneca Pharmaceuticals LP,2003,Type 1 - New Molecular Entity
NDA021434,XANAX XR,ALPRAZOLAM,Viatris Specialty LLC,2003,Type 3 - New Dosage Form
NDA021451,ORAQIX,LIDOCAINE AND PRILOCAINE,Dentsply Pharmaceutical,2003,Type 4 - New Combination
BLA125058,ALDURAZYME,LARONIDASE,Genzyme Corporation,2003,Type 1 - New Molecular Entity
NDA021515,WELLBUTRIN XL,BUPROPION HYDROCHLORIDE,Bausch Health US LLC,2003,Type 3 - New Dosage Form
NDA021543,N/A,N/A,N/A,2003,Type 3 - New Dosage Form
NDA020800,EPINEPHRINE,EPINEPHRINE,Amneal Pharmaceuticals of New York LLC,2003,Type 3 - New Dosage Form
NDA021626,RADIOGARDASE,PRUSSIAN BLUE INSOLUBLE CAPSULES,Heyl Chem.-pharm. Fabrik GmbH & Co. KG,2003,Type 1 - New Molecular Entity
NDA021567,REYATAZ,ATAZANAVIR,"E.R. Squibb & Sons, L.L.C.",2003,Type 1 - New Molecular Entity
NDA021348,ZAVESCA,MIGLUSTAT,"Actelion Pharmaceuticals US, Inc.",2003,Type 1 - New Molecular Entity
NDA021287,UROXATRAL,ALFUZOSIN HCL,Advanz Pharma (US) Corp.,2003,Type 1 - New Molecular Entity
NDA021537,CIPROFLOXACIN AND DEXAMETHASONE,CIPROFLOXACIN AND DEXAMETHASONE,Sandoz Inc,2003,Type 3 - New Dosage Form
BLA103979,FABRAZYME,AGALSIDASE BETA,Genzyme Corporation,2003,Type 1 - New Molecular Entity
NDA021532,BENICAR HCT,OLMESARTAN MEDOXOMIL-HYDROCHLOROTHIAZIDE,"Cosette Pharmaceuticals, Inc.",2003,Type 4 - New Combination
NDA021372,PALONOSETRON HYDROCHLORIDE,PALONOSETRON HYDROCHLORIDE,Cipla USA Inc.,2003,Type 1 - New Molecular Entity
NDA021450,ZOMIG,ZOLMITRIPTAN,Amneal Pharmaceuticals LLC,2003,Type 3 - New Dosage Form
NDA021159,N/A,N/A,N/A,2003,Type 3 - New Dosage Form
BLA021106,SOMAVERT,PEGVISOMANT,Pharmacia & Upjohn Company LLC,2003,Type 1 - New Molecular Entity
NDA021496,N/A,N/A,N/A,2003,Type 4 - New Combination
NDA021387,N/A,N/A,N/A,2003,Type 4 - New Combination
NDA021528,ACULAR LS,KETOROLAC TROMETHAMINE,"Allergan, Inc.",2003,Type 3 - New Dosage Form
NDA021598,VIGAMOX,MOXIFLOXACIN HYDROCHLORIDE,"Harrow Eye, LLC",2003,Type 3 - New Dosage Form
NDA021351,OXYTROL,OXYBUTYNIN,"Allergan, Inc.",2003,Type 3 - New Dosage Form
NDA021371,N/A,N/A,N/A,2003,Type 3 - New Dosage Form
NDA021630,VFEND,VORICONAZOLE,Roerig,2003,Type 3 - New Dosage Form
NDA021158,N/A,N/A,N/A,2003,Type 1 - New Molecular Entity
NDA021565,N/A,N/A,N/A,2003,Type 1 - New Molecular Entity
NDA021575,N/A,N/A,N/A,2003,Type 3 - New Dosage Form
NDA020414,PYRIDOSTIGMINE BROMIDE,PYRIDOSTIGMINE BROMIDE,Surgeon General-Department of the Army (TSG-DA),2003,Type 3 - New Dosage Form
NDA021488,VABRINTY,LEUPROLIDE ACETATE,"URONOVA PHARMACEUTICALS, INC.",2003,Type 3 - New Dosage Form
NDA021392,CARDIZEM LA,DILTIAZEM HYDROCHLORIDE,Bausch Health US LLC,2003,Type 3 - New Dosage Form
NDA021500,EMTRIVA,EMTRICITABINE,"Gilead Sciences, Inc.",2003,Type 1 - New Molecular Entity
NDA021485,"CARBIDOPA, LEVODOPA, AND ENTACAPONE","CARBIDOPA, LEVODOPA, AND ENTACAPONE",Sandoz Inc,2003,Type 4 - New Combination
NDA021520,N/A,N/A,N/A,2003,Type 4 - New Combination
NDA021023,N/A,N/A,N/A,2003,Type 3 - New Dosage Form
NDA021503,VIRACEPT,NELFINAVIR MESYLATE,AGOURON,2003,Type 3 - New Dosage Form
NDA021258,CLIMARA PRO,ESTRADIOL AND LEVONORGESTREL,Bayer HealthCare Pharmaceuticals Inc.,2003,Type 4 - New Combination
NDA021535,CLOBEX,CLOBETASOL PROPIONATE,"Galderma Laboratories, L.P.",2003,Type 3 - New Dosage Form
NDA021507,N/A,N/A,N/A,2003,Type 4 - New Combination
NDA021444,RISPERDAL M-TAB,RISPERIDONE,"Janssen Pharmaceuticals, Inc.",2003,Type 3 - New Dosage Form
NDA021602,VELCADE,BORTEZOMIB,"Takeda Pharmaceuticals America, Inc.",2003,Type 1 - New Molecular Entity
BLA103976,XOLAIR,OMALIZUMAB,"Genentech, Inc.",2003,Type 1 - New Molecular Entity
NDA021435,N/A,N/A,N/A,2003,Type 2 - New Active Ingredient
NDA021546,N/A,N/A,N/A,2003,Type 3 - New Dosage Form
NDA021455,N/A,N/A,N/A,2003,Type 1 - New Molecular Entity
NDA021591,RIOMET,METFORMIN HYDROCHLORIDE,"Sun Pharmaceutical Industries, Inc.",2003,Type 3 - New Dosage Form
NDA021385,ERTACZO,SERTACONAZOLE NITRATE,"Lacer Pharma, LLC",2003,Type 1 - New Molecular Entity
NDA021481,N/A,N/A,N/A,2003,Type 1 - New Molecular Entity
NDA021367,FEMRING,ESTRADIOL ACETATE,"Millicent US, Inc.",2003,Type 2 - New Active Ingredient
NDA021368,CIALIS,TADALAFIL,Eli Lilly and Company,2003,Type 1 - New Molecular Entity
NDA020452,N/A,N/A,N/A,2003,Type 3 - New Dosage Form
NDA021549,EMEND,APREPITANT,Merck Sharp & Dohme LLC,2003,Type 1 - New Molecular Entity
NDA021490,N/A,N/A,N/A,2003,Type 3 - New Dosage Form
NDA021416,N/A,N/A,N/A,2003,Type 3 - New Dosage Form
NDA021589,N/A,N/A,N/A,2003,Type 3 - New Dosage Form
NDA021572,N/A,N/A,N/A,2003,Type 1 - New Molecular Entity
NDA021305,HICON,SODIUM IODIDE I 131,"Jubilant DraxImage Inc., dba Jubilant Radiopharma",2003,Type 3 - New Dosage Form
NDA021399,N/A,N/A,N/A,2003,Type 1 - New Molecular Entity
NDA021400,N/A,N/A,N/A,2003,Type 1 - New Molecular Entity
NDA021493,N/A,N/A,N/A,2003,Type 3 - New Dosage Form
NDA021489,PROHANCE,GADOTERIDOL,Bracco Diagnostics Inc,2003,Type 3 - New Dosage Form
NDA021229,PRILOSEC OTC,OMEPRAZOLE MAGNESIUM,The Procter & Gamble Manufacturing Company,2003,Type 2 - New Active Ingredient and Type 3 - New Dosage Form
NDA021544,JOLESSA,LEVONORGESTREL / ETHINYL ESTRADIOL,"Teva Pharmaceuticals USA, Inc.",2003,Type 3 - New Dosage Form
NDA021299,N/A,N/A,N/A,2003,Type 2 - New Active Ingredient
NDA021505,KEPPRA,LEVETIRACETAM,"UCB, Inc.",2003,Type 3 - New Dosage Form
NDA021388,N/A,N/A,N/A,2003,Type 3 - New Dosage Form
NDA021487,MEMANTINE HYDROCHLORIDE,MEMANTINE HYDROCHLORIDE,"Actavis Pharma, Inc.",2003,Type 1 - New Molecular Entity
NDA021548,N/A,N/A,N/A,2003,Type 2 - New Active Ingredient
NDA021588,GLEEVEC,IMATINIB MESYLATE,Novartis Pharmaceuticals Corporation,2003,Type 3 - New Dosage Form
BLA021271,N/A,N/A,N/A,2003,Type 2 - New Active Ingredient
NDA021743,N/A,N/A,N/A,2004,Type 1 - New Molecular Entity
NDA020784,N/A,N/A,N/A,2004,Type 3 - New Dosage Form
NDA050801,N/A,N/A,N/A,2004,Type 3 - New Dosage Form
NDA021719,N/A,N/A,N/A,2004,Type 3 - New Dosage Form
NDA021415,N/A,N/A,N/A,2004,Type 3 - New Dosage Form
NDA021516,ISTALOL,TIMOLOL MALEATE,Bausch & Lomb Incorporated,2004,Type 3 - New Dosage Form
NDA021720,N/A,N/A,N/A,2004,Type 3 - New Dosage Form
NDA021618,TINDAMAX,TINIDAZOLE,Mission Pharmacal Company,2004,Type 1 - New Molecular Entity
NDA021431,N/A,N/A,N/A,2004,Type 1 - New Molecular Entity
BLA125104,TYSABRI,NATALIZUMAB,Biogen Inc.,2004,Type 1 - New Molecular Entity
NDA021060,PRIALT,ZICONOTIDE ACETATE,TerSera Therapeutics LLC,2004,Type 1 - New Molecular Entity
NDA021590,N/A,N/A,N/A,2004,Type 3 - New Dosage Form
NDA021256,CHIRHOSTIM,HUMAN SECRETIN,"ChiRhoClin, Inc.",2004,Type 1 - New Molecular Entity
NDA021468,FOSRENOL,LANTHANUM CARBONATE,"Takeda Pharmaceuticals America, Inc.",2004,Type 1 - New Molecular Entity
NDA021785,N/A,N/A,N/A,2004,Type 3 - New Dosage Form
NDA021621,ZYRTEC,CETIRIZINE HYDROCHLORIDE,Kenvue Brands LLC,2004,Type 3 - New Dosage Form
NDA021768,N/A,N/A,N/A,2004,Type 3 - New Dosage Form
NDA021527,ATROVENT HFA,IPRATROPIUM BROMIDE,"Boehringer Ingelheim Pharmaceuticals, Inc.",2004,Type 3 - New Dosage Form
NDA021625,N/A,N/A,N/A,2004,Type 3 - New Dosage Form
BLA125085,AVASTIN,BEVACIZUMAB,"Genentech, Inc.",2004,Type 1 - New Molecular Entity
NDA021357,MULTIHANCE,GADOBENATE DIMEGLUMINE,BRACCO DIAGNOSTICS INC,2004,Type 1 - New Molecular Entity
NDA021253,ZYPREXA INTRAMUSCULAR,OLANZAPINE,Eli Lilly and Company,2004,Type 3 - New Dosage Form
NDA021476,LUNESTA,ESZOPICLONE,Waylis Therapeutics LLC,2004,Type 1 - New Molecular Entity
NDA021710,EQUETRO,CARBAMAZEPINE,Validus Pharmaceuticals LLC,2004,Type 3 - New Dosage Form
NDA021654,LOVAZA,OMEGA-3-ACID ETHYL ESTERS,Waylis Therapeutics LLC,2004,Type 1 - New Molecular Entity
BLA021211,FOLLISTIM AQ,FOLLITROPIN,Organon LLC,2004,Type 3 - New Dosage Form
BLA021629,APIDRA,INSULIN GLULISINE,sanofi-aventis U.S. LLC,2004,Type 1 - New Molecular Entity
NDA021457,ALBUTEROL SULFATE HFA,ALBUTEROL SULFATE,"Teva Pharmaceuticals USA, Inc.",2004,Type 3 - New Dosage Form
NDA050794,VIDAZA,AZACITIDINE,Celgene Corporation,2004,Type 1 - New Molecular Entity
NDA021443,N/A,N/A,N/A,2004,Type 3 - New Dosage Form
NDA021462,ALIMTA,PEMETREXED DISODIUM,Eli Lilly and Company,2004,Type 1 - New Molecular Entity
BLA125103,KEPIVANCE,PALIFERMIN,Swedish Orphan Biovitrum AB (publ),2004,Type 1 - New Molecular Entity
NDA021518,VESICARE,SOLIFENACIN SUCCINATE,"Astellas Pharma US, Inc.",2004,Type 1 - New Molecular Entity
BLA125084,ERBITUX,CETUXIMAB,ImClone LLC,2004,Type 1 - New Molecular Entity
NDA021583,DEPO-SUBQ PROVERA,MEDROXYPROGESTERONE ACETATE,Pharmacia & Upjohn Company LLC,2004,Type 3 - New Dosage Form
NDA021358,MULTIHANCE,GADOBENATE DIMEGLUMINE,BRACCO DIAGNOSTICS INC,2004,Type 3 - New Dosage Form
NDA021587,N/A,N/A,N/A,2004,Type 3 - New Dosage Form
NDA021756,N/A,N/A,N/A,2004,Type 1 - New Molecular Entity
NDA021530,ZYBIC,MELOXICAM,"Redmont Pharmaceuticals, LLC",2004,Type 3 - New Dosage Form
NDA021652,N/A,N/A,N/A,2004,Type 3 - New Dosage Form
NDA021545,PATADAY ONCE DAILY RELIEF,OLOPATADINE HYDROCHLORIDE,"Alcon Laboratories, Inc.",2004,Type 3 - New Dosage Form
BLA021765,N/A,N/A,N/A,2004,Type 3 - New Dosage Form
NDA021563,N/A,N/A,N/A,2004,Type 3 - New Dosage Form
NDA021539,ACETADOTE,ACETYLCYSTEINE,Cumberland Pharmaceuticals Inc.,2004,Type 3 - New Dosage Form
NDA021300,N/A,N/A,N/A,2004,Type 3 - New Dosage Form
BLA021640,N/A,N/A,N/A,2004,Type 1 - New Molecular Entity
NDA021166,ESTROGEL,ESTRADIOL,"ASCEND Therapeutics US, LLC",2004,Type 3 - New Dosage Form
NDA021749,N/A,N/A,N/A,2004,Type 1 - New Molecular Entity
NDA021633,N/A,N/A,N/A,2004,Type 3 - New Dosage Form
NDA021636,OMEPRAZOLE AND SODIUM BICARBONATE,"OMEPRAZOLE, SODIUM BICARBONATE",Oceanside Pharmaceuticals,2004,Type 3 - New Dosage Form and Type 4 - New Combination
NDA021595,N/A,N/A,N/A,2004,Type 1 - New Molecular Entity
NDA021721,N/A,N/A,N/A,2004,Type 3 - New Dosage Form
NDA050665,N/A,N/A,N/A,2004,Type 3 - New Dosage Form
NDA021446,LYRICA,PREGABALIN,Parke-Davis Div of Pfizer Inc,2004,Type 1 - New Molecular Entity
NDA021713,N/A,N/A,N/A,2004,Type 3 - New Dosage Form
NDA021644,CLOBETASOL PROPIONATE,CLOBETASOL PROPIONATE,Mayne Pharma Inc.,2004,Type 3 - New Dosage Form
NDA021732,N/A,N/A,N/A,2004,Type 3 - New Dosage Form
NDA021378,N/A,N/A,N/A,2004,Type 4 - New Combination
NDA021395,SPIRIVA HANDIHALER,TIOTROPIUM BROMIDE,"Boehringer Ingelheim Pharmaceuticals, Inc.",2004,Type 1 - New Molecular Entity
NDA021751,N/A,N/A,N/A,2004,Type 1 - New Molecular Entity
NDA021752,TRUVADA,EMTRICITABINE AND TENOFOVIR DISOPROXIL FUMARATE,"Gilead Sciences, Inc",2004,Type 4 - New Combination
NDA021369,N/A,N/A,N/A,2004,Type 3 - New Dosage Form
NDA021427,CYMBALTA,DULOXETINE HYDROCHLORIDE,Eli Lilly and Company,2004,Type 1 - New Molecular Entity
NDA021551,N/A,N/A,N/A,2004,Type 3 - New Dosage Form
NDA021512,N/A,N/A,N/A,2004,Type 3 - New Dosage Form
NDA021571,N/A,N/A,N/A,2004,Type 3 - New Dosage Form
NDA021585,GUAIFENESIN AND PSEUDOEPHEDRINE HYDROCHLORIDE,GUAIFENESIN AND PSEUDOEPHEDRINE HYDROCHLORIDE,WALGREEN COMPANY,2004,Type 3 - New Dosage Form
NDA050791,MYFORTIC,MYCOPHENOLIC ACID,Novartis Pharmaceuticals Corporation,2004,Type 2 - New Active Ingredient
NDA050804,LOTEPREDNOL ETABONATE AND TOBRAMYCIN,LOTEPREDNOL ETABONATE AND TOBRAMYCIN,Bausch & Lomb Americas Inc.,2004,Type 4 - New Combination
NDA021144,N/A,N/A,N/A,2004,Type 1 - New Molecular Entity
NDA021486,N/A,N/A,N/A,2004,Type 4 - New Combination
NDA021494,N/A,N/A,N/A,2004,Type 3 - New Dosage Form
NDA021731,VABRINTY,LEUPROLIDE ACETATE,"URONOVA PHARMACEUTICALS, INC.",2004,Type 3 - New Dosage Form
NDA021361,XIFAXAN,RIFAXIMIN,"Salix Pharmaceuticals, Inc.",2004,Type 1 - New Molecular Entity
NDA021712,N/A,N/A,N/A,2004,Type 3 - New Dosage Form
NDA020564,EPIVIR,LAMIVUDINE,ViiV Healthcare Company,2004,Type 1 - New Molecular Entity
NDA021779,N/A,N/A,N/A,2004,Type 1 - New Molecular Entity
NDA021264,N/A,N/A,N/A,2004,Type 1 - New Molecular Entity
NDA021433,FLUTICASONE PROPIONATE HFA,FLUTICASONE PROPIONATE,Prasco Laboratories,2004,Type 3 - New Dosage Form
NDA021504,N/A,N/A,N/A,2004,Type 3 - New Dosage Form
NDA021044,N/A,N/A,N/A,2004,Type 3 - New Dosage Form
NDA021497,N/A,N/A,N/A,2004,Type 3 - New Dosage Form
NDA021704,ALLEGRA-D ALLERGY AND CONGESTION,FEXOFENADINE HYDROCHLORIDE AND PSEUDOEPHEDRINE HYDROCHLORIDE,"Chattem, Inc.",2004,Type 3 - New Dosage Form
NDA021540,AMLODIPINE AND ATORVASTATIN,AMLODIPINE AND ATORVASTATIN,Prasco Laboratories,2004,Type 4 - New Combination
NDA021727,N/A,N/A,N/A,2004,Type 3 - New Dosage Form
NDA021513,N/A,N/A,N/A,2004,Type 1 - New Molecular Entity
NDA021566,N/A,N/A,N/A,2004,Type 3 - New Dosage Form
NDA021823,N/A,N/A,N/A,2005,Type 4 - New Combination
NDA021814,APTIVUS,TIPRANAVIR,"Boehringer Ingelheim Pharmaceuticals, Inc.",2005,Type 1 - New Molecular Entity
NDA021406,N/A,N/A,N/A,2005,Type 3 - New Dosage Form
NDA021774,AMBIEN CR,ZOLPIDEM TARTRATE,"Cosette Pharmaceuticals, Inc.",2005,Type 3 - New Dosage Form
NDA050795,DOXYCYCLINE HYCLATE,DOXYCYCLINE HYCLATE,Mayne Pharma Commercial LLC,2005,Type 3 - New Dosage Form
NDA021642,NASCOBAL,CYANOCOBALAMIN,"Par Health USA, LLC",2005,Type 3 - New Dosage Form
NDA021802,FOCALIN XR,DEXMETHYLPHENIDATE HYDROCHLORIDE,Sandoz Inc,2005,Type 3 - New Dosage Form
NDA021762,FOSAMAX PLUS D,ALENDRONATE SODIUM AND CHOLECALCIFEROL,Organon LLC,2005,Type 4 - New Combination
NDA021269,CARDURA XL,DOXAZOSIN MESYLATE,Viatris Specialty LLC,2005,Type 3 - New Dosage Form
NDA021730,XOPENEX HFA,LEVALBUTEROL TARTRATE,"Lupin Pharmaceuticals, Inc.",2005,Type 3 - New Dosage Form
NDA021350,N/A,N/A,N/A,2005,Type 3 - New Dosage Form
NDA021394,"ADVIL PM- DIPHENHYDRAMINE CITRATE AND IBUPROFEN TABLET, COATED",ADVIL PM,"Lil Drug Store Products, Inc",2005,Type 4 - New Combination
NDA021393,ADVIL PM,"DIPHENHYDRAMINE HCL, IBUPROFEN",Haleon US Holdings LLC,2005,Type 4 - New Combination
NDA021067,ASMANEX,MOMETASONE FUROATE,Organon LLC,2005,Type 3 - New Dosage Form
NDA021524,PREVANTICS SWAB,CHLORHEXIDINE GLUCONATE AND ISOPROPYL ALCOHOL,"Professional Disposables International, Inc.",2005,Type 3 - New Dosage Form
NDA021770,ALPHAGAN P,BRIMONIDINE TARTRATE,"Allergan, Inc.",2005,Type 3 - New Dosage Form
NDA021152,N/A,N/A,N/A,2005,Type 3 - New Dosage Form
NDA021623,N/A,N/A,N/A,2005,Type 4 - New Combination
NDA021880,REVLIMID,LENALIDOMIDE,Celgene Corporation,2005,Type 1 - New Molecular Entity
NDA050797,N/A,N/A,N/A,2005,Type 3 - New Dosage Form
NDA021606,ZEMPLAR,PARICALCITOL,AbbVie Inc.,2005,Type 3 - New Dosage Form
NDA021789,METRONIDAZOLE,METRONIDAZOLE,Prasco Laboratories,2005,Type 3 - New Dosage Form
NDA021862,NEVANAC,NEPAFENAC,"Harrow Eye, LLC",2005,Type 1 - New Molecular Entity
NDA021700,N/A,N/A,N/A,2005,Type 4 - New Combination
NDA021882,EXJADE,DEFERASIROX,Novartis Pharmaceuticals Corporation,2005,Type 1 - New Molecular Entity
BLA125118,ORENCIA,ABATACEPT,"E.R. Squibb & Sons, L.L.C.",2005,Type 1 - New Molecular Entity
BLA021716,N/A,N/A,N/A,2005,Type 1 - New Molecular Entity
NDA020727,BIDIL,HYDRALAZINE HYDROCHLORIDE AND ISOSORBIDE DINITRATE,"Azurity Pharmaceuticals, Inc.",2005,Type 4 - New Combination
BLA021273,N/A,N/A,N/A,2005,Type 3 - New Dosage Form
NDA021763,N/A,N/A,N/A,2005,Type 3 - New Dosage Form
BLA021536,LEVEMIR,INSULIN DETEMIR,Novo Nordisk,2005,Type 1 - New Molecular Entity
NDA021896,EMTRIVA,EMTRICITABINE,"Gilead Sciences, Inc.",2005,Type 3 - New Dosage Form
NDA021726,N/A,N/A,N/A,2005,Type 3 - New Dosage Form
NDA021506,MYCAMINE,MICAFUNGIN SODIUM,"Astellas Pharma US, Inc.",2005,Type 1 - New Molecular Entity
NDA021627,N/A,N/A,N/A,2005,Type 3 - New Dosage Form
NDA021842,ACTOPLUS MET,PIOGLITAZONE AND METFORMIN HYDROCHLORIDE,"Takeda Pharmaceuticals America, Inc.",2005,Type 4 - New Combination
NDA021744,N/A,N/A,N/A,2005,Type 2 - New Active Ingredient
NDA021793,N/A,N/A,N/A,2005,Type 3 - New Dosage Form
NDA021923,NEXAVAR,SORAFENIB,Bayer HealthCare Pharmaceuticals Inc.,2005,Type 1 - New Molecular Entity
BLA021839,INCRELEX,MECASERMIN,"Ipsen Biopharmaceuticals, Inc.",2005,Type 1 - New Molecular Entity
NDA021773,BYETTA,EXENATIDE,AstraZeneca Pharmaceuticals LP,2005,Type 1 - New Molecular Entity
NDA021734,N/A,N/A,N/A,2005,Type 3 - New Dosage Form
NDA021797,BARACLUDE,ENTECAVIR,"E.R. Squibb & Sons, L.L.C.",2005,Type 1 - New Molecular Entity
NDA021821,TYGACIL,TIGECYCLINE,"Wyeth Pharmaceuticals LLC, a subsidiary of Pfizer Inc.",2005,Type 1 - New Molecular Entity
NDA021877,ARRANON,NELARABINE,Sandoz Inc,2005,Type 1 - New Molecular Entity
BLA125117,NAGLAZYME,GALSULFASE,BioMarin Pharmaceutical Inc.,2005,Type 1 - New Molecular Entity
NDA021737,RETISERT,FLUOCINOLONE ACETONIDE,Bausch & Lomb Incorporated,2005,Type 3 - New Dosage Form
NDA021835,CLOBEX,CLOBETASOL PROPIONATE,"Galderma Laboratories, L.P.",2005,Type 3 - New Dosage Form
NDA021855,ANTI-DIARRHEAL,LOPERAMIDE HYDROCHLORIDE,CHAIN DRUG MARKETING ASSOCIATION INC.,2005,Type 3 - New Dosage Form
NDA021355,ANGELIQ,DROSPIRENONE AND ESTRADIOL,Bayer HealthCare Pharmaceuticals Inc.,2005,Type 4 - New Combination
NDA021615,N/A,N/A,N/A,2005,Type 3 - New Dosage Form
NDA021906,KALETRA,LOPINAVIR AND RITONAVIR,AbbVie Inc.,2005,Type 3 - New Dosage Form
BLA021859,HYLENEX RECOMBINANT,HYALURONIDASE,"Antares Pharma, Inc.",2005,Type 1 - New Molecular Entity
NDA020645,N/A,N/A,N/A,2005,Type 3 - New Dosage Form
NDA021605,N/A,N/A,N/A,2005,Type 3 - New Dosage Form
NDA021758,VANOS,FLUOCINONIDE,"Bausch Health US, LLC",2005,Type 3 - New Dosage Form
NDA021794,DAPSONE,DAPSONE,"Pacific Pharma, Inc.",2005,Type 3 - New Dosage Form
NDA021798,BARACLUDE,ENTECAVIR,"E.R. Squibb & Sons, L.L.C.",2005,Type 3 - New Dosage Form
BLA021884,N/A,N/A,N/A,2005,Type 1 - New Molecular Entity and Type 4 - New Combination
NDA021807,SOLTAMOX,TAMOXIFEN CITRATE,Mayne Pharma,2005,Type 3 - New Dosage Form
NDA021782,ROZEREM,RAMELTEON,"Takeda Pharmaceuticals America, Inc.",2005,Type 1 - New Molecular Entity
NDA021947,N/A,N/A,N/A,2006,Type 3 - New Dosage Form
NDA021912,N/A,N/A,N/A,2006,Type 3 - New Dosage Form
NDA021790,N/A,N/A,N/A,2006,Type 1 - New Molecular Entity
NDA021717,PLIAGLIS,LIDOCAINE AND TETRACAINE,"IPG PHARMACEUTICALS, INC.",2006,Type 4 - New Combination
NDA021026,VUSION,"MICONAZOLE NITRATE, ZINC OXIDE, WHITE PETROLATUM",Mylan Pharmaceuticals Inc.,2006,Type 3 - New Dosage Form
NDA021956,N/A,N/A,N/A,2006,Type 4 - New Combination
NDA021946,N/A,N/A,N/A,2006,Type 3 - New Dosage Form
NDA021925,PIOGLITAZONE AND GLIMEPIRIDE,PIOGLITAZONE AND GLIMEPIRIDE,Prasco Laboratories,2006,Type 4 - New Combination
NDA021978,N/A,N/A,N/A,2006,Type 3 - New Dosage Form
NDA021963,N/A,N/A,N/A,2006,Type 3 - New Dosage Form
NDA021610,N/A,N/A,N/A,2006,Type 3 - New Dosage Form
NDA021920,NAPROXEN SODIUM,NAPROXEN SODIUM,Bionpharma Inc.,2006,Type 3 - New Dosage Form
NDA021924,TIROSINT,LEVOTHYROXINE SODIUM,IBSA Pharma Inc.,2006,Type 3 - New Dosage Form
NDA021612,LIPOFEN,FENOFIBRATE,"ANI Pharmaceuticals, Inc.",2006,Type 3 - New Dosage Form
NDA021254,ADVAIR HFA,FLUTICASONE PROPIONATE AND SALMETEROL XINAFOATE,GlaxoSmithKline LLC,2006,Type 3 - New Dosage Form
NDA021995,JANUVIA,SITAGLIPTIN,Merck Sharp & Dohme LLC,2006,Type 1 - New Molecular Entity
NDA021611,N/A,N/A,N/A,2006,Type 3 - New Dosage Form
NDA021592,N/A,N/A,N/A,2006,Type 3 - New Dosage Form
NDA021999,INVEGA,PALIPERIDONE,"Janssen Pharmaceuticals, Inc.",2006,Type 1 - New Molecular Entity
NDA021986,DASATINIB,DASATINIB,Prasco Laboratories,2006,Type 1 - New Molecular Entity
NDA021928,CHANTIX,VARENICLINE TARTRATE,Pfizer Laboratories Div Pfizer Inc,2006,Type 1 - New Molecular Entity
NDA050786,"BISMUTH SUBCITRATE POTASSIUM, METRONIDAZOLE AND TETRACYCLINE HYDROCHLORIDE","BISMUTH SUBCITRATE POTASSIUM, METRONIDAZOLE AND TETRACYCLINE HYDROCHLORIDE","H2-Pharma, LLC",2006,Type 1 - New Molecular Entity and Type 4 - New Combination
NDA021812,WOMENS ROGAINE UNSCENTED,MINOXIDIL,Kenvue Brands LLC,2006,Type 3 - New Dosage Form
NDA021929,BUDESONIDE AND FORMOTEROL FUMARATE DIHYDRATE,BUDESONIDE AND FORMOTEROL FUMARATE DIHYDRATE,AstraZeneca Pharmaceuticals LP,2006,Type 4 - New Combination
NDA021247,N/A,N/A,N/A,2006,Type 3 - New Dosage Form
NDA021991,ZOLINZA,VORINOSTAT,Merck Sharp & Dohme LLC,2006,Type 1 - New Molecular Entity
NDA021938,SUTENT,SUNITINIB MALATE,Pfizer Laboratories Div Pfizer Inc,2006,Type 1 - New Molecular Entity
NDA021729,N/A,N/A,N/A,2006,Type 3 - New Dosage Form
NDA021959,ORAPRED ODT,PREDNISOLONE SODIUM PHOSPHATE,Advanz Pharma (US) Corp.,2006,Type 3 - New Dosage Form
NDA021976,PREZISTA,DARUNAVIR,Janssen Products LP,2006,Type 1 - New Molecular Entity
NDA021957,NEXIUM,ESOMEPRAZOLE MAGNESIUM,AstraZeneca Pharmaceuticals LP,2006,Type 3 - New Dosage Form
NDA021586,3M DURAPREP SURGICAL,IODINE POVACRYLEX AND ISOPROPYL ALCOHOL,Solventum US LLC,2006,Type 4 - New Combination
NDA021937,N/A,N/A,N/A,2006,Type 4 - New Combination
NDA050802,ZIANA,CLINDAMYCIN PHOSPHATE AND TRETINOIN,"Bausch Health US, LLC",2006,Type 4 - New Combination
NDA021892,N/A,N/A,N/A,2006,Type 3 - New Dosage Form
NDA021844,N/A,N/A,N/A,2006,Type 3 - New Dosage Form
NDA050805,ORACEA,DOXYCYCLINE,"Galderma Laboratories, L.P.",2006,Type 3 - New Dosage Form
NDA021471,N/A,N/A,N/A,2006,Type 4 - New Combination
NDA021502,N/A,N/A,N/A,2006,Type 1 - New Molecular Entity and Type 4 - New Combination
BLA125147,VECTIBIX,PANITUMUMAB,"Amgen, Inc",2006,Type 1 - New Molecular Entity
NDA021479,ZELAPAR,SELEGILINE HYDROCHLORIDE,"Bausch Health US, LLC",2006,Type 3 - New Dosage Form
NDA021866,N/A,N/A,N/A,2006,Type 3 - New Dosage Form
NDA021897,NALTREXONE,NALTREXONE,Amneal Pharmaceuticals NY LLC,2006,Type 3 - New Dosage Form
BLA125141,N/A,N/A,N/A,2006,Type 1 - New Molecular Entity
BLA125151,ELAPRASE,IDURSULFASE,"Takeda Pharmaceuticals America, Inc.",2006,Type 1 - New Molecular Entity
BLA125156,LUCENTIS,RANIBIZUMAB,"Genentech, Inc.",2006,Type 1 - New Molecular Entity
NDA021529,NEXPLANON,ETONOGESTREL,Organon LLC,2006,Type 3 - New Dosage Form
NDA021840,CAMRESE,LEVONORGESTREL / ETHINYL ESTRADIOL AND ETHINYL ESTRADIOL,"Teva Pharmaceuticals USA, Inc.",2006,Type 3 - New Dosage Form
NDA022004,OMNARIS,CICLESONIDE,"Covis Pharma US, Inc",2006,Type 1 - New Molecular Entity
NDA021849,OMEPRAZOLE AND SODIUM BICARBONATE,"OMEPRAZOLE, SODIUM BICARBONATE",Oceanside Pharmaceuticals,2006,Type 4 - New Combination
NDA021780,N/A,N/A,N/A,2006,Type 3 - New Dosage Form
NDA021641,AZILECT,RASAGILINE MESYLATE,"Teva Neuroscience, Inc.",2006,Type 1 - New Molecular Entity
NDA021908,LUBIPROSTONE,LUBIPROSTONE,Dr. Reddy's Laboratories Inc.,2006,Type 1 - New Molecular Entity
NDA021902,VEREGEN,SINECATECHINS,"ANI Pharmaceuticals, Inc.",2006,Type 1 - New Molecular Entity
NDA021526,N/A,N/A,N/A,2006,Type 1 - New Molecular Entity
NDA021483,N/A,N/A,N/A,2006,Type 3 - New Dosage Form
NDA022003,NOXAFIL,POSACONAZOLE,Merck Sharp & Dohme LLC,2006,Type 1 - New Molecular Entity
NDA021871,N/A,N/A,N/A,2006,Type 3 - New Dosage Form
NDA021858,N/A,N/A,N/A,2006,Type 3 - New Dosage Form
NDA021903,NEOPROFEN,IBUPROFEN LYSINE,Recordati Rare Diseases Inc.,2006,Type 2 - New Active Ingredient
NDA021872,KEPPRA,LEVETIRACETAM,"UCB, Inc.",2006,Type 3 - New Dosage Form
NDA021910,N/A,N/A,N/A,2006,Type 3 - New Dosage Form
NDA022012,COREG CR,CARVEDILOL PHOSPHATE,Waylis Therapeutics LLC,2006,Type 2 - New Active Ingredient and Type 3 - New Dosage Form
NDA021881,MOVIPREP,"POLYETHYLENE GLYCOL 3350, SODIUM SULFATE, SODIUM CHLORIDE, POTASSIUM CHLORIDE, ASCORBIC ACID, SODIUM ASCORBATE","Salix Pharmaceuticals, Inc.",2006,Type 3 - New Dosage Form
NDA021514,METHYLPHENIDATE TRANSDERMAL SYSTEM,METHYLPHENIDATE,PADAGIS US LLC,2006,Type 2 - New Active Ingredient and Type 3 - New Dosage Form
NDA022011,N/A,N/A,N/A,2006,Type 1 - New Molecular Entity
NDA021891,CLARITIN CHEWABLE GRAPE AND BUBBLEGUM,LORATADINE,Bayer HealthCare LLC.,2006,Type 3 - New Dosage Form
NDA021860,N/A,N/A,N/A,2006,Type 3 - New Dosage Form
NDA021632,ERAXIS,ANIDULAFUNGIN,Roerig,2006,Type 1 - New Molecular Entity
NDA021850,N/A,N/A,N/A,2006,Type 3 - New Dosage Form and Type 4 - New Combination
NDA021852,CALCIPOTRIENE AND BETAMETHASONE DIPROPIONATE,CALCIPOTRIENE AND BETAMETHASONE DIPROPIONATE,Prasco Laboratories,2006,Type 4 - New Combination
NDA050809,N/A,N/A,N/A,2006,Type 3 - New Dosage Form
NDA050808,N/A,N/A,N/A,2006,Type 3 - New Dosage Form
NDA021703,PRISMASOL BGK2/0,"MAGNESIUM CHLORIDE, DEXTROSE ANHYDROUS, LACTIC ACID, SODIUM CHLORIDE, SODIUM BICARBONATE, AND POTASSIUM CHLORIDE",Vantive US Healthcare LLC,2006,Type 3 - New Dosage Form
NDA022068,TASIGNA,NILOTINIB,Novartis Pharmaceuticals Corporation,2007,Type 1 - New Molecular Entity
NDA022083,RIVASTIGMINE,RIVASTIGMINE,Sandoz Inc,2007,Type 3 - New Dosage Form
NDA022088,TORISEL,TEMSIROLIMUS,"Wyeth Pharmaceuticals LLC, a subsidiary of Pfizer Inc.",2007,Type 1 - New Molecular Entity
NDA022074,SOMATULINE DEPOT,LANREOTIDE ACETATE,"Ipsen Biopharmaceuticals, Inc.",2007,Type 1 - New Molecular Entity
NDA050810,AZASITE,AZITHROMYCIN MONOHYDRATE,Thea Pharma Inc.,2007,Type 3 - New Dosage Form
NDA022128,SELZENTRY,MARAVIROC,ViiV Healthcare Company,2007,Type 1 - New Molecular Entity
NDA021777,CYCLOBENZAPRINE HYDROCHLORIDE,CYCLOBENZAPRINE HYDROCHLORIDE,Amneal Pharmaceuticals of New York LLC,2007,Type 3 - New Dosage Form
NDA022020,PROTONIX DELAYED-RELEASE,PANTOPRAZOLE SODIUM,"Wyeth Pharmaceuticals LLC, a subsidiary of Pfizer Inc.",2007,Type 3 - New Dosage Form
NDA021412,N/A,N/A,N/A,2007,Type 3 - New Dosage Form
NDA021961,N/A,N/A,N/A,2007,Type 3 - New Dosage Form
NDA021398,COMBIGAN,"BRIMONIDINE TARTRATE, TIMOLOL MALEATE","Allergan, Inc.",2007,Type 4 - New Combination
NDA022122,VOLTAREN ARTHRITIS PAIN,DICLOFENAC SODIUM,Haleon US Holdings LLC,2007,Type 3 - New Dosage Form
NDA022026,N/A,N/A,N/A,2007,Type 3 - New Dosage Form
BLA125166,SOLIRIS,ECULIZUMAB,Alexion Pharmaceuticals Inc.,2007,Type 1 - New Molecular Entity
NDA022114,ZINGO,LIDOCAINE HYDROCHLORIDE MONOHYDRATE,Powder Pharmaceutical Incorporated,2007,Type 3 - New Dosage Form
NDA022127,SEVELAMER CARBONATE,SEVELAMER CARBONATE,Sanofi-Aventis U.S. LLC,2007,Type 3 - New Dosage Form
NDA022071,N/A,N/A,N/A,2007,Type 3 - New Dosage Form
NDA021990,EXFORGE,AMLODIPINE BESYLATE AND VALSARTAN,Novartis Pharmaceuticals Corporation,2007,Type 4 - New Combination
NDA021977,VYVANSE,LISDEXAMFETAMINE DIMESYLATE,"Takeda Pharmaceuticals America, Inc.",2007,Type 1 - New Molecular Entity
NDA022007,FORMOTEROL FUMARATE,FORMOTEROL FUMARATE DIHYDRATE,Mylan Pharmaceuticals Inc.,2007,Type 3 - New Dosage Form
NDA021985,ALISKIREN,ALISKIREN HEMIFUMARATE,Prasco Laboratories,2007,Type 1 - New Molecular Entity
NDA021753,ADAPALENE,ADAPALENE,Mayne Pharma Commercial LLC.,2007,Type 3 - New Dosage Form
NDA021817,RECLAST,ZOLEDRONIC ACID,Sandoz Inc,2007,Type 3 - New Dosage Form
NDA022100,AZOR,AMLODIPINE BESYLATE AND OLMESARTAN MEDOXOMIL,"Cosette Pharmaceuticals, Inc.",2007,Type 4 - New Combination
NDA021519,FLUVOXAMINE MALEATE,FLUVOXAMINE MALEATE,"ANI Pharmaceuticals, Inc.",2007,Type 3 - New Dosage Form
BLA125164,MIRCERA,METHOXY POLYETHYLENE GLYCOL-EPOETIN BETA,Vifor (International) Inc.,2007,Type 1 - New Molecular Entity
NDA021234,FLECTOR,DICLOFENAC EPOLAMINE,IBSA Pharma Inc.,2007,Type 2 - New Active Ingredient
NDA022116,N/A,N/A,N/A,2007,Type 3 - New Dosage Form
NDA022065,IXEMPRA,IXABEPILONE,"R-Pharm US Operating, LLC",2007,Type 1 - New Molecular Entity
NDA022103,N/A,N/A,N/A,2007,Type 3 - New Dosage Form
NDA022106,N/A,N/A,N/A,2007,Type 1 - New Molecular Entity
NDA022021,N/A,N/A,N/A,2007,Type 3 - New Dosage Form
NDA021909,CHILDRENS ALLEGRA ALLERGY,FEXOFENADINE HYDROCHLORIDE,"Chattem, Inc.",2007,Type 3 - New Dosage Form
NDA022000,LIALDA,MESALAMINE,"Takeda Pharmaceuticals America, Inc.",2007,Type 3 - New Dosage Form
NDA021829,NEUPRO,ROTIGOTINE,"UCB, Inc.",2007,Type 1 - New Molecular Entity
NDA022070,TRETINOIN,TRETINOIN,Obagi Cosmeceuticals LLC,2007,Type 3 - New Dosage Form
NDA021742,BYSTOLIC,NEBIVOLOL HYDROCHLORIDE,"Allergan, Inc.",2007,Type 1 - New Molecular Entity
NDA022145,ISENTRESS,RALTEGRAVIR,Merck Sharp & Dohme LLC,2007,Type 1 - New Molecular Entity
NDA022181,KUVAN,SAPROPTERIN DIHYDROCHLORIDE,BioMarin Pharmaceutical Inc.,2007,Type 1 - New Molecular Entity
NDA022076,HYDROCORTISONE BUTYRATE,HYDROCORTISONE BUTYRATE,Oceanside Pharmaceuticals,2007,Type 3 - New Dosage Form
NDA022081,LETAIRIS,AMBRISENTAN,"Gilead Sciences, Inc.",2007,Type 1 - New Molecular Entity
NDA022119,AMMONIA N 13,NH3N13,THE FEINSTEIN INSTITUTES FOR MEDICAL RESEARCH,2007,Type 1 - New Molecular Entity
NDA021738,N/A,N/A,N/A,2007,Type 3 - New Dosage Form
NDA022023,EMEND,FOSAPREPITANT DIMEGLUMINE,Merck Sharp & Dohme LLC,2008,Type 1 - New Molecular Entity
NDA022386,N/A,N/A,N/A,2008,Type 4 - New Combination
NDA022301,MESALAMINE,MESALAMINE,"Teva Pharmaceuticals USA, Inc.",2008,Type 3 - New Dosage Form
NDA021992,PRISTIQ EXTENDED-RELEASE,DESVENLAFAXINE SUCCINATE,"Wyeth Pharmaceuticals LLC, a subsidiary of Pfizer Inc.",2008,Type 1 - New Molecular Entity
NDA022101,NEXIUM,ESOMEPRAZOLE MAGNESIUM,AstraZeneca Pharmaceuticals LP,2008,Type 3 - New Dosage Form
NDA022187,ETRAVIRINE,ETRAVIRINE,Patriot Pharmaceuticals,2008,Type 1 - New Molecular Entity
NDA021711,N/A,N/A,N/A,2008,Type 1 - New Molecular Entity
NDA022206,N/A,N/A,N/A,2008,Type 1 - New Molecular Entity
NDA022292,N/A,N/A,N/A,2008,Type 3 - New Dosage Form
NDA022156,CLEVIPREX,CLEVIDIPINE,Fresenius Kabi Austria GmbH,2008,Type 1 - New Molecular Entity
BLA125268,NPLATE,ROMIPLOSTIM,"Amgen, Inc",2008,Type 1 - New Molecular Entity
NDA021894,XENAZINE,TETRABENAZINE,Lundbeck Pharmaceuticals LLC,2008,Type 1 - New Molecular Entity
NDA022107,N/A,N/A,N/A,2008,Type 4 - New Combination
NDA022325,NEXTERONE,AMIODARONE HYDROCHLORIDE,Baxter Healthcare Company,2008,Type 3 - New Dosage Form
NDA021964,RELISTOR,METHYLNALTREXONE BROMIDE,"Salix Pharmaceuticals, Inc.",2008,Type 1 - New Molecular Entity
NDA022008,N/A,N/A,N/A,2008,Type 3 - New Dosage Form
NDA022201,FIRMAGON,DEGARELIX,Ferring Pharmaceuticals Inc.,2008,Type 1 - New Molecular Entity
NDA021911,BANZEL,RUFINAMIDE,Eisai Inc.,2008,Type 1 - New Molecular Entity
NDA022193,N/A,N/A,N/A,2008,Type 3 - New Dosage Form
NDA022108,APLENZIN,BUPROPION HYDROBROMIDE,"Bausch Health US, LLC",2008,Type 2 - New Active Ingredient
NDA022185,TACLONEX,CALCIPOTRIENE AND BETAMETHASONE DIPROPIONATE,LEO Pharma Inc.,2008,Type 3 - New Dosage Form
NDA022244,N/A,N/A,N/A,2008,Type 1 - New Molecular Entity
NDA022212,DIFLUPREDNATE OPHTHALMIC,DIFLUPREDNATE OPHTHALMIC,Sandoz Inc,2008,Type 1 - New Molecular Entity
NDA022224,FENOFIBRIC ACID,FENOFIBRIC ACID,Amneal Pharmaceuticals of New York LLC,2008,Type 2 - New Active Ingredient
NDA021926,TREXIMET,SUMATRIPTAN SUCCINATE AND NAPROXEN SODIUM,Currax Pharmaceuticals LLC,2008,Type 4 - New Combination
NDA050813,N/A,N/A,N/A,2008,Type 3 - New Dosage Form
NDA022320,EPIDUO,ADAPALENE AND BENZOYL PEROXIDE,"Galderma Laboratories, L.P.",2008,Type 4 - New Combination
NDA050817,CEFEPIME,CEFEPIME,Baxter Healthcare Company,2008,Type 3 - New Dosage Form
NDA022291,PROMACTA,ELTROMBOPAG OLAMINE,Novartis Pharmaceuticals Corporation,2008,Type 1 - New Molecular Entity
NDA022104,VENLAFAXINE HYDROCHLORIDE,VENLAFAXINE HYDROCHLORIDE,"Trigen Laboratories, LLC",2008,Type 3 - New Dosage Form
NDA022304,TAPENTADOL,TAPENTADOL HYDROCHLORIDE,Hikma Pharmaceuticals USA Inc.,2008,Type 1 - New Molecular Entity
NDA022186,AK-FLUOR,FLUORESCEIN,"Long Grove Pharmaceuticals, LLC",2008,Type 3 - New Dosage Form
NDA022262,CAMRESE LO,LEVONORGESTREL/ETHINYL ESTRADIOL AND ETHINYL ESTRADIOL,"Teva Pharmaceuticals USA, Inc.",2008,Type 3 - New Dosage Form
NDA021952,CLARITIN LIQUI-GELS,LORATADINE,Bayer HealthCare LLC.,2008,Type 3 - New Dosage Form
NDA022196,N/A,N/A,N/A,2008,Type 3 - New Dosage Form
NDA022290,ADREVIEW,IOBENGUANE I-123,Medi-Physics Inc.,2008,Type 1 - New Molecular Entity
NDA021658,ALVESCO,CICLESONIDE,"Covis Pharma US, Inc",2008,Type 3 - New Dosage Form
BLA021810,N/A,N/A,N/A,2008,Type 3 - New Dosage Form
NDA022220,N/A,N/A,N/A,2008,Type 3 - New Dosage Form
BLA125160,CIMZIA,CERTOLIZUMAB PEGOL,"UCB, Inc.",2008,Type 1 - New Molecular Entity
NDA022157,N/A,N/A,N/A,2008,Type 3 - New Dosage Form
NDA022311,MOZOBIL,PLERIXAFOR,Sanofi-Aventis U.S. LLC,2008,Type 1 - New Molecular Entity
NDA021861,N/A,N/A,N/A,2008,Type 3 - New Dosage Form
NDA021775,N/A,N/A,N/A,2008,Type 1 - New Molecular Entity
BLA125249,ARCALYST,RILONACEPT,"Kiniksa Pharmaceuticals (UK), Ltd.",2008,Type 1 - New Molecular Entity
NDA022233,N/A,N/A,N/A,2008,Type 3 - New Dosage Form
NDA022159,ORAVERSE,PHENTOLAMINE MESYLATE,"Septodont, Inc.",2008,Type 3 - New Dosage Form
NDA022161,LEXISCAN,REGADENOSON,"Astellas Pharma US, Inc.",2008,Type 1 - New Molecular Entity
NDA021788,N/A,N/A,N/A,2008,Type 3 - New Dosage Form
NDA022254,VIMPAT,LACOSAMIDE,"UCB, Inc.",2008,Type 3 - New Dosage Form
NDA021830,N/A,N/A,N/A,2008,Type 3 - New Dosage Form
NDA022249,TREANDA,BENDAMUSTINE HYDROCHLORIDE,"Cephalon, LLC",2008,Type 1 - New Molecular Entity
NDA022067,N/A,N/A,N/A,2008,Type 3 - New Dosage Form
NDA022285,KEPPRA XR,LEVETIRACETAM,"UCB, Inc.",2008,Type 3 - New Dosage Form
NDA022198,SANCUSO,GRANISETRON,Cumberland Pharmaceuticals Inc.,2008,Type 2 - New Active Ingredient
NDA022090,EOVIST,GADOXETATE DISODIUM,Bayer HealthCare Pharmaceuticals Inc.,2008,Type 1 - New Molecular Entity
NDA022152,N/A,N/A,N/A,2008,Type 3 - New Dosage Form
NDA022253,VIMPAT,LACOSAMIDE,"UCB, Inc.",2008,Type 1 - New Molecular Entity
NDA022117,SAPHRIS,ASENAPINE MALEATE,"Allergan, Inc.",2009,Type 1 - New Molecular Entity
NDA022257,VALCYTE,VALGANCICLOVIR HYDROCHLORIDE,"H2-Pharma, LLC",2009,Type 3 - New Dosage Form
NDA022331,N/A,N/A,N/A,2009,Type 3 - New Dosage Form
NDA022500,CLONIDINE,CLONIDINE,"TruPharma, LLC",2009,Type 3 - New Dosage Form
NDA022277,TEMODAR,TEMOZOLOMIDE,Merck Sharp & Dohme LLC,2009,Type 3 - New Dosage Form
NDA022110,VIBATIV,TELAVANCIN HYDROCHLORIDE,Cumberland Pharmaceuticals Inc.,2009,Type 1 - New Molecular Entity
NDA022499,N/A,N/A,N/A,2009,Type 3 - New Dosage Form
NDA022287,DEXILANT,DEXLANSOPRAZOLE,"Takeda Pharmaceuticals America, Inc.",2009,Type 2 - New Active Ingredient
NDA022288,BEPOTASTINE BESILATE,BEPOTASTINE BESILATE,Bausch & Lomb Americas Inc.,2009,Type 1 - New Molecular Entity
NDA022268,COARTEM,ARTEMETHER AND LUMEFANTRINE,Novartis Pharmaceuticals Corporation,2009,Type 1 - New Molecular Entity
NDA022202,ZIPSOR,DICLOFENAC POTASSIUM,"Assertio Therapeutics, Inc.",2009,Type 3 - New Dosage Form
NDA022315,OZURDEX,DEXAMETHASONE,"Allergan, Inc.",2009,Type 3 - New Dosage Form
NDA022204,N/A,N/A,N/A,2009,Type 3 - New Dosage Form
NDA022393,ISTODAX,ROMIDEPSIN,Celgene Corporation,2009,Type 1 - New Molecular Entity
NDA022154,N/A,N/A,N/A,2009,Type 3 - New Dosage Form
NDA022306,SOTALOL HYDROCHLORIDE,SOTALOL HYDROCHLORIDE,"ALTATHERA Pharmaceuticals, LLC",2009,Type 3 - New Dosage Form
BLA125277,KALBITOR,ECALLANTIDE,"Takeda Pharmaceuticals America, Inc.",2009,Type 1 - New Molecular Entity
NDA022264,INVEGA SUSTENNA,PALIPERIDONE PALMITATE,"Janssen Pharmaceuticals, Inc.",2009,Type 3 - New Dosage Form
NDA022307,EFFIENT,PRASUGREL HYDROCHLORIDE,"Cosette Pharmaceuticals, Inc.",2009,Type 1 - New Molecular Entity
NDA050818,TOBRADEX ST,TOBRAMYCIN / DEXAMETHASONE,"Harrow Eye, LLC",2009,Type 3 - New Dosage Form
NDA022217,N/A,N/A,N/A,2009,Type 4 - New Combination
NDA022024,N/A,N/A,N/A,2009,Type 3 - New Dosage Form
NDA022275,SAMSCA,TOLVAPTAN,"Otsuka America Pharmaceutical, Inc.",2009,Type 1 - New Molecular Entity
NDA022363,LIVALO,PITAVASTATIN CALCIUM,"Kowa Pharmaceuticals America, Inc.",2009,Type 1 - New Molecular Entity
NDA022165,DICLOFENAC POTASSIUM,DICLOFENAC POTASSIUM,"Leading Pharma, LLC",2009,Type 3 - New Dosage Form
NDA022334,AFINITOR,EVEROLIMUS,Novartis Pharmaceuticals Corporation,2009,Type 1 - New Molecular Entity
NDA020427,SABRIL,VIGABATRIN,Lundbeck Pharmaceuticals LLC,2009,Type 1 - New Molecular Entity
NDA020866,CYCLOSET,BROMOCRIPTINE MESYLATE,Avvisto Therapeutics LLC,2009,Type 3 - New Dosage Form
NDA021918,N/A,N/A,N/A,2009,Type 3 - New Dosage Form
NDA022180,FERAHEME,FERUMOXYTOL,"AMAG Pharmaceuticals, Inc",2009,Type 2 - New Active Ingredient
NDA022321,N/A,N/A,N/A,2009,Type 4 - New Combination
NDA022266,N/A,N/A,N/A,2009,Type 3 - New Dosage Form
NDA022465,VOTRIENT,PAZOPANIB HYDROCHLORIDE,Novartis Pharmaceuticals Corporation,2009,Type 1 - New Molecular Entity
BLA125261,USTEKINUMAB,USTEKINUMAB,"Janssen Biotech, Inc.",2009,Type 1 - New Molecular Entity
NDA022251,LAMICTAL ODT,LAMOTRIGINE,GlaxoSmithKline LLC,2009,Type 3 - New Dosage Form
NDA022308,BESIVANCE,BESIFLOXACIN,Bausch & Lomb Americas Inc.,2009,Type 1 - New Molecular Entity
NDA022314,EXFORGE HCT,AMLODIPINE VALSARTAN AND HYDROCHLOROTHIAZIDE,Novartis Pharmaceuticals Corporation,2009,Type 4 - New Combination
BLA125274,DYSPORT,BOTULINUM TOXIN TYPE A,"Galderma Laboratories, L.P.",2009,Type 1 - New Molecular Entity
NDA022173,ZYPREXA RELPREVV,OLANZAPINE PAMOATE,H2-Pharma LLC,2009,Type 3 - New Dosage Form
NDA022470,N/A,N/A,N/A,2009,Type 3 - New Dosage Form
NDA022115,LAMICTAL XR,LAMOTRIGINE,GlaxoSmithKline LLC,2009,Type 3 - New Dosage Form
NDA022246,N/A,N/A,N/A,2009,Type 3 - New Dosage Form
NDA022318,SEVELAMER CARBONATE,SEVELAMER CARBONATE,Sanofi-Aventis U.S. LLC,2009,Type 3 - New Dosage Form
NDA022350,N/A,N/A,N/A,2009,Type 1 - New Molecular Entity
NDA020947,N/A,N/A,N/A,2009,Type 3 - New Dosage Form
NDA022256,SAVELLA,MILNACIPRAN HYDROCHLORIDE,"Allergan, Inc.",2009,Type 1 - New Molecular Entity
NDA022192,FANAPT,ILOPERIDONE,Vanda Pharmaceuticals Inc.,2009,Type 1 - New Molecular Entity
NDA022395,QUTENZA,CAPSAICIN,Averitas Pharma Inc,2009,Type 1 - New Molecular Entity
NDA022468,FOLOTYN,PRALATREXATE,Acrotech Biopharma Inc,2009,Type 1 - New Molecular Entity
NDA022087,VECTICAL,CALCITRIOL,"Galderma Laboratories, L.P.",2009,Type 3 - New Dosage Form
NDA022473,REVATIO,SILDENAFIL CITRATE,Viatris Specialty LLC,2009,Type 3 - New Dosage Form
NDA022239,N/A,N/A,N/A,2009,Type 3 - New Dosage Form
NDA022401,N/A,N/A,N/A,2009,Type 4 - New Combination
NDA021997,EDLUAR,ZOLPIDEM TARTRATE,Viatris Specialty LLC,2009,Type 3 - New Dosage Form
NDA022211,ZIRGAN,GANCICLOVIR,Bausch & Lomb Incorporated,2009,Type 3 - New Dosage Form
NDA021998,PLAN B ONE-STEP,LEVONORGESTREL,Foundation Consumer Healthcare LLC,2009,Type 3 - New Dosage Form
NDA021856,ULORIC,FEBUXOSTAT,"Takeda Pharmaceuticals America, Inc.",2009,Type 1 - New Molecular Entity
NDA022362,WELCHOL,COLESEVELAM HYDROCHLORIDE,"Cosette Pharmaceuticals, Inc.",2009,Type 3 - New Dosage Form
NDA022129,N/A,N/A,N/A,2009,Type 1 - New Molecular Entity
NDA022006,SABRIL,VIGABATRIN,Lundbeck Pharmaceuticals LLC,2009,Type 3 - New Dosage Form
BLA125289,SIMPONI,GOLIMUMAB,"Janssen Biotech, Inc.",2009,Type 1 - New Molecular Entity
NDA022382,SPRIX,KETOROLAC TROMETHAMINE,Zyla Life Sciences US LLC,2010,Type 3 - New Dosage Form
NDA022410,SUBOXONE,"BUPRENORPHINE HYDROCHLORIDE, NALOXONE HYDROCHLORIDE",INDIVIOR INC.,2010,Type 4 - New Combination
NDA022488,PREGABALIN,PREGABALIN,Mylan Pharmaceuticals Inc.,2010,Type 3 - New Dosage Form
NDA022518,DULERA,MOMETASONE FUROATE AND FORMOTEROL FUMARATE DIHYDRATE,Organon LLC,2010,Type 4 - New Combination
NDA021879,NUEDEXTA,DEXTROMETHORPHAN HYDROBROMIDE AND QUINIDINE SULFATE,"Otsuka America Pharmaceutical, Inc",2010,Type 4 - New Combination
NDA201023,JEVTANA,CABAZITAXEL,Sanofi-Aventis U.S. LLC,2010,Type 1 - New Molecular Entity
NDA022502,N/A,N/A,N/A,2010,Type 3 - New Dosage Form
NDA200890,PILOCARPINE HYDROCHLORIDE,PILOCARPINE HYDROCHLORIDE,Sandoz Inc,2010,Type 3 - New Dosage Form
NDA200603,LATUDA,LURASIDONE HYDROCHLORIDE,"Sumitomo Pharma America, Inc.",2010,Type 1 - New Molecular Entity
NDA201532,HALAVEN,ERIBULIN MESYLATE,BSP Pharmaceuticals SpA,2010,Type 1 - New Molecular Entity
NDA022555,CYSVIEW,HEXAMINOLEVULINATE HYDROCHLORIDE,Photocure Inc.,2010,Type 3 - New Dosage Form
NDA022545,N/A,N/A,N/A,2010,Type 4 - New Combination
NDA022560,ATELVIA,RISEDRONATE SODIUM,"Allergan, Inc.",2010,Type 3 - New Dosage Form
NDA022255,VIMPAT,LACOSAMIDE,"UCB, Inc.",2010,Type 3 - New Dosage Form
NDA022525,N/A,N/A,N/A,2010,Type 3 - New Dosage Form
NDA200175,TRIBENZOR,OLMESARTAN MEDOXOMIL / AMLODIPINE BESYLATE / HYDROCHLOROTHIAZIDE,"Cosette Pharmaceuticals, Inc.",2010,Type 4 - New Combination
NDA200327,TEFLARO,CEFTAROLINE FOSAMIL,"Allergan, Inc.",2010,Type 1 - New Molecular Entity
NDA022562,CARBAGLU,CARGLUMIC ACID,Recordati Rare Diseases,2010,Type 1 - New Molecular Entity
NDA022568,ARICEPT,DONEPEZIL HYDROCHLORIDE,Eisai Inc.,2010,Type 3 - New Dosage Form
NDA022368,ARIDOL BRONCHIAL CHALLENGE TEST KIT,MANNITOL,"Methapharm, Inc.",2010,Type 3 - New Dosage Form
NDA021306,BUTRANS,BUPRENORPHINE,Knoa Pharma LLC,2010,Type 3 - New Dosage Form
NDA022571,CUVPOSA,GLYCOPYRROLATE,"Merz Pharmaceuticals, LLC",2010,Type 3 - New Dosage Form
NDA022504,N/A,N/A,N/A,2010,Type 3 - New Dosage Form
NDA021201,ASCLERA,POLIDOCANOL,"Methapharm, Inc",2010,Type 1 - New Molecular Entity
NDA022134,LASTACAFT,ALCAFTADINE,"Allergan, Inc.",2010,Type 1 - New Molecular Entity
NDA022404,ORAVIG,MICONAZOLE,"Galt Pharmaceuticals, LLC",2010,Type 3 - New Dosage Form
NDA050814,CAYSTON,AZTREONAM,"Gilead Sciences, Inc.",2010,Type 3 - New Dosage Form
NDA022377,N/A,N/A,N/A,2010,Type 3 - New Dosage Form
NDA200045,N/A,N/A,N/A,2010,Type 4 - New Combination
NDA022532,DROSPIRENONE/ETHINYL ESTRADIOL/LEVOMEFOLATE CALCIUM AND LEVOMEFOLATE CALCIUM,DROSPIRENONE/ETHINYL ESTRADIOL/LEVOMEFOLATE CALCIUM AND LEVOMEFOLATE CALCIUM,Sandoz Inc,2010,Type 4 - New Combination
NDA022578,ZYRTEC ALLERGY,CETIRIZINE HYDROCHLORIDE,Kenvue Brands LLC,2010,Type 3 - New Dosage Form
NDA022512,PRADAXA,DABIGATRAN ETEXILATE MESYLATE,Boehringer Ingelheim Pharmaceuticals Inc.,2010,Type 1 - New Molecular Entity
NDA021463,N/A,N/A,N/A,2010,Type 3 - New Dosage Form
NDA022474,ELLA,ULIPRISTAL ACETATE,"HRA PHARMA AMERICA, INC.",2010,Type 1 - New Molecular Entity
NDA022417,NORVIR,RITONAVIR,AbbVie Inc.,2010,Type 3 - New Dosage Form
BLA125291,LUMIZYME,ALGLUCOSIDASE ALFA,Genzyme Corporation,2010,Type 1 - New Molecular Entity
NDA021217,N/A,N/A,N/A,2010,Type 3 - New Dosage Form
NDA022252,NATAZIA,ESTRADIOL VALERATE AND ESTRADIOL VALERATE/DIENOGEST,Bayer HealthCare Pharmaceuticals Inc.,2010,Type 1 - New Molecular Entity and Type 4 - New Combination
NDA200678,N/A,N/A,N/A,2010,Type 4 - New Combination
NDA022565,ADVIL SINUS CONGESTION AND PAIN,"IBUPROFEN, PHENYLEPHRINE HYDROCHLORIDE",Haleon US Holdings LLC,2010,Type 4 - New Combination
NDA022509,N/A,N/A,N/A,2010,Type 3 - New Dosage Form
NDA022341,LIRAGLUTIDE,LIRAGLUTIDE,"Teva Pharmaceuticals USA, Inc.",2010,Type 1 - New Molecular Entity
NDA022524,N/A,N/A,N/A,2010,Type 3 - New Dosage Form
NDA022527,GILENYA,FINGOLIMOD HCL,Novartis Pharmaceuticals Corporation,2010,Type 1 - New Molecular Entity
BLA125276,ACTEMRA,TOCILIZUMAB,"Genentech, Inc.",2010,Type 1 - New Molecular Entity
NDA022411,N/A,N/A,N/A,2010,Type 3 - New Dosage Form
NDA022250,AMPYRA,DALFAMPRIDINE,"Merz Pharmaceuticals, LLC",2010,Type 1 - New Molecular Entity
BLA022505,EGRIFTA WR,TESAMORELIN,Theratechnologies Inc.,2010,Type 1 - New Molecular Entity
NDA022372,SUPREP BOWEL PREP,"SODIUM SULFATE, POTASSIUM SULFATE, MAGNESIUM SULFATE","Azurity Pharmaceuticals, Inc.",2010,Type 4 - New Combination
BLA125293,KRYSTEXXA,PEGLOTICASE,"Horizon Therapeutics USA, Inc.",2010,Type 1 - New Molecular Entity
NDA022501,LO LOESTRIN FE,"NORETHINDRONE ACETATE AND ETHINYL ESTRADIOL, ETHINYL ESTRADIOL AND FERROUS FUMARATE","Allergan, Inc.",2010,Type 3 - New Dosage Form
BLA022575,VPRIV,VELAGLUCERASE ALFA,"Takeda Pharmaceuticals America, Inc.",2010,Type 1 - New Molecular Entity
NDA022511,N/A,N/A,N/A,2010,Type 4 - New Combination
NDA200179,N/A,N/A,N/A,2010,Type 3 - New Dosage Form
NDA022466,ORABLOC,ARTICAINE HYDROCHLORIDE AND EPINEPHRINE BITARTRATE,Pierrel S.p.A.,2010,Type 4 - New Combination
NDA022522,DALIRESP,ROFLUMILAST,AstraZeneca Pharmaceuticals LP,2011,Type 1 - New Molecular Entity
BLA125288,NULOJIX,BELATACEPT,"E.R. Squibb & Sons, L.L.C.",2011,Type 1 - New Molecular Entity
NDA022497,BUPROPION HCL ER (XL),BUPROPION HCL ER,Lifestar Pharma LLC,2011,Type 3 - New Dosage Form
NDA021359,RECTIV,NITROGLYCERIN,"Allergan, Inc.",2011,Type 3 - New Dosage Form
NDA201152,N/A,N/A,N/A,2011,Type 3 - New Dosage Form
NDA022408,NATROBA,SPINOSAD,Cipher Pharmaceuticals Inc.,2011,Type 1 - New Molecular Entity
NDA022309,TESTOSTERONE,TESTOSTERONE,Prasco Laboratories,2011,Type 3 - New Dosage Form
NDA022406,XARELTO,RIVAROXABAN,"Janssen Pharmaceuticals, Inc.",2011,Type 1 - New Molecular Entity
NDA022581,N/A,N/A,N/A,2011,Type 3 - New Dosage Form
NDA022405,CAPRELSA,VANDETANIB,Genzyme Corporation,2011,Type 1 - New Molecular Entity
NDA202343,N/A,N/A,N/A,2011,Type 4 - New Combination
NDA022519,N/A,N/A,N/A,2011,Type 4 - New Combination
NDA203045,ISENTRESS,RALTEGRAVIR,Merck Sharp & Dohme LLC,2011,Type 3 - New Dosage Form
NDA022345,N/A,N/A,N/A,2011,Type 1 - New Molecular Entity
NDA202067,ONFI,CLOBAZAM,Lundbeck Pharmaceuticals LLC,2011,Type 1 - New Molecular Entity
NDA202123,COMPLERA,"EMTRICITABINE, RILPIVIRINE HYDROCHLORIDE, AND TENOFOVIR DISOPROXIL FUMARATE","Gilead Sciences, Inc.",2011,Type 4 - New Combination
NDA022496,EXPAREL,BUPIVACAINE,"Pacira Pharmaceuticals, Inc.",2011,Type 3 - New Dosage Form
NDA021747,COMBIVENT RESPIMAT,IPRATROPIUM BROMIDE AND ALBUTEROL,"Boehringer Ingelheim Pharmaceuticals, Inc.",2011,Type 3 - New Dosage Form
NDA021825,FERRIPROX,DEFERIPRONE,"Chiesi USA, Inc.",2011,Type 1 - New Molecular Entity
NDA022510,N/A,N/A,N/A,2011,Type 3 - New Dosage Form
NDA202192,JAKAFI,RUXOLITINIB,Incyte Corporation,2011,Type 1 - New Molecular Entity
NDA202022,EDURANT,RILPIVIRINE HYDROCHLORIDE,"Janssen Products, LP",2011,Type 1 - New Molecular Entity
NDA201280,TRADJENTA,LINAGLIPTIN,"Boehringer Ingelheim Pharmaceuticals, Inc.",2011,Type 1 - New Molecular Entity
NDA202331,EDARBYCLOR,AZILSARTAN KAMEDOXOMIL AND CHLORTHALIDONE,"Azurity Pharmaceuticals, Inc. (formerly Arbor Pharmaceuticals)",2011,Type 4 - New Combination
NDA200533,TAPENTADOL,TAPENTADOL HYDROCHLORIDE,Hikma Pharmaceuticals USA Inc.,2011,Type 3 - New Dosage Form
NDA050824,N/A,N/A,N/A,2011,Type 3 - New Dosage Form
NDA202429,ZELBORAF,VEMURAFENIB,"Genentech, Inc.",2011,Type 1 - New Molecular Entity
NDA201367,BANZEL,RUFINAMIDE,Eisai Inc.,2011,Type 3 - New Dosage Form
NDA202570,XALKORI,CRIZOTINIB,Pfizer Laboratories Div Pfizer Inc,2011,Type 1 - New Molecular Entity
NDA201917,N/A,N/A,N/A,2011,Type 1 - New Molecular Entity and Type 4 - New Combination
NDA202895,PREZISTA,DARUNAVIR,Janssen Products LP,2011,Type 3 - New Dosage Form
NDA022383,N/A,N/A,N/A,2011,Type 1 - New Molecular Entity
NDA202133,N/A,N/A,N/A,2011,Type 3 - New Dosage Form
NDA022150,FIRAZYR,ICATIBANT ACETATE,"Takeda Pharmaceuticals America, Inc.",2011,Type 1 - New Molecular Entity
NDA022567,VIIBRYD,VILAZODONE HYDROCHLORIDE,"Allergan, Inc.",2011,Type 1 - New Molecular Entity
NDA022569,N/A,N/A,N/A,2011,Type 3 - New Dosage Form
NDA022544,GRALISE,GABAPENTIN,Almatica Pharma LLC,2011,Type 3 - New Dosage Form
NDA202543,LEVETIRACETAM,LEVETIRACETAM,"WG Critical Care, LLC",2011,Type 3 - New Dosage Form
NDA201699,DIFICID,FIDAXOMICIN,Merck Sharp & Dohme LLC,2011,Type 1 - New Molecular Entity
NDA022113,ADVIL ALLERGY AND CONGESTION RELIEF,"CHLORPHENIRAMINE MALEATE, IBUPROFEN, AND PHENYLEPHRINE HYDROCHLORIDE",Haleon US Holdings LLC,2011,Type 4 - New Combination
NDA201517,N/A,N/A,N/A,2011,Type 3 - New Dosage Form
NDA022399,HORIZANT,GABAPENTIN ENACARBIL,"Azurity Pharmaceuticals, Inc. (formerly Arbor Pharmaceuticals)",2011,Type 1 - New Molecular Entity
NDA200738,LOTEMAX,LOTEPREDNOL ETABONATE,Bausch & Lomb Incorporated,2011,Type 3 - New Dosage Form
NDA201277,GADAVIST,GADOBUTROL,Bayer HealthCare Pharmaceuticals Inc.,2011,Type 1 - New Molecular Entity
NDA022328,N/A,N/A,N/A,2011,Type 3 - New Dosage Form
NDA202258,N/A,N/A,N/A,2011,Type 1 - New Molecular Entity and Type 4 - New Combination
NDA202379,ZYTIGA,ABIRATERONE ACETATE,"Janssen Biotech, Inc.",2011,Type 1 - New Molecular Entity
NDA202344,BINOSTO,ALENDRONATE SODIUM,"Radius Health, Inc.",2012,Type 3 - New Dosage Form
NDA203085,STIVARGA,REGORAFENIB,Bayer HealthCare Pharmaceuticals Inc.,2012,Type 1 - New Molecular Entity
NDA202810,OXTELLAR XR,OXCARBAZEPINE,"Supernus Pharmaceuticals, Inc.",2012,Type 3 - New Dosage Form
NDA022577,VIREAD,TENOFOVIR DISOPROXIL FUMARATE,"Gilead Sciences, Inc.",2012,Type 3 - New Dosage Form
NDA022549,N/A,N/A,N/A,2012,Type 3 - New Dosage Form
NDA202788,N/A,N/A,N/A,2012,Type 3 - New Dosage Form
NDA202535,N/A,N/A,N/A,2012,Type 1 - New Molecular Entity
NDA203341,BOSULIF,BOSUTINIB,Pfizer Laboratories Div Pfizer Inc,2012,Type 1 - New Molecular Entity
NDA022205,N/A,N/A,N/A,2012,Type 3 - New Dosage Form
NDA202129,N/A,N/A,N/A,2012,Type 3 - New Dosage Form
NDA203794,N/A,N/A,N/A,2012,Type 3 - New Dosage Form
NDA202813,QNASL,BECLOMETHASONE DIPROPIONATE,"Teva Respiratory, LLC",2012,Type 3 - New Dosage Form
NDA202811,LINZESS,LINACLOTIDE,"Allergan, Inc.",2012,Type 1 - New Molecular Entity
NDA203388,ERIVEDGE,VISMODEGIB,"Genentech, Inc.",2012,Type 1 - New Molecular Entity
NDA021746,N/A,N/A,N/A,2012,Type 1 - New Molecular Entity
NDA203585,N/A,N/A,N/A,2012,Type 1 - New Molecular Entity
NDA203109,REVATIO,SILDENAFIL CITRATE,Viatris Specialty LLC,2012,Type 3 - New Dosage Form
NDA203469,ICLUSIG,PONATINIB HYDROCHLORIDE,"Takeda Pharmaceuticals America, Inc.",2012,Type 1 - New Molecular Entity
NDA203756,COMETRIQ,CABOZANTINIB,"Exelixis, Inc.",2012,Type 1 - New Molecular Entity
NDA202020,N/A,N/A,N/A,2012,Type 3 - New Dosage Form
NDA202324,INLYTA,AXITINIB,U.S. Pharmaceuticals,2012,Type 1 - New Molecular Entity
NDA202100,QUILLIVANT XR,METHYLPHENIDATE HYDROCHLORIDE,"NextWave Pharmaceuticals, Inc",2012,Type 3 - New Dosage Form
NDA202799,N/A,N/A,N/A,2012,Type 1 - New Molecular Entity
NDA203100,STRIBILD,"ELVITEGRAVIR, COBICISTAT, EMTRICITABINE, AND TENOFOVIR DISOPROXIL FUMARATE","Gilead Sciences, Inc.",2012,Type 1 - New Molecular Entity and Type 4 - New Combination
NDA202008,AMYVID,FLORBETAPIR F 18,Eli Lilly and Company,2012,Type 1 - New Molecular Entity
NDA201922,N/A,N/A,N/A,2012,Type 3 - New Dosage Form
NDA202714,KYPROLIS,CARFILZOMIB,"Onyx Pharmaceuticals, Inc.",2012,Type 1 - New Molecular Entity
NDA202450,TUDORZA PRESSAIR,ACLIDINIUM BROMIDE,"Covis Pharma US, Inc",2012,Type 1 - New Molecular Entity
BLA125294,GRANIX,TBO-FILGRASTIM,"Cephalon, LLC",2012,Type 1 - New Molecular Entity
NDA202992,AUBAGIO,TERIFLUNOMIDE,Genzyme Corporation,2012,Type 1 - New Molecular Entity
NDA202833,N/A,N/A,N/A,2012,Type 1 - New Molecular Entity
NDA202611,MYRBETRIQ,MIRABEGRON,"Astellas Pharma US, Inc.",2012,Type 1 - New Molecular Entity
NDA203415,XTANDI,ENZALUTAMIDE,"Astellas Pharma US, Inc.",2012,Type 1 - New Molecular Entity
NDA022580,PHENTERMINE AND TOPIRAMATE,PHENTERMINE AND TOPIRAMATE,Prasco Laboratories,2012,Type 4 - New Combination
NDA202763,N/A,N/A,N/A,2012,Type 3 - New Dosage Form
NDA021951,ABSORICA,ISOTRETINOIN,"Sun Pharmaceutical Industries, Inc.",2012,Type 3 - New Dosage Form
NDA200740,CYSTARAN,CYSTEAMINE HYDROCHLORIDE,"Leadiant Biosciences, Inc.",2012,Type 3 - New Dosage Form
NDA201803,ADVIL,IBUPROFEN SODIUM,Haleon US Holdings LLC,2012,Type 2 - New Active Ingredient
NDA022200,N/A,N/A,N/A,2012,Type 3 - New Dosage Form
NDA202834,FYCOMPA,PERAMPANEL,Eisai Inc.,2012,Type 1 - New Molecular Entity
NDA200677,SIGNIFOR,PASIREOTIDE,"Recordati Rare Diseases, Inc.",2012,Type 1 - New Molecular Entity
NDA203188,KALYDECO,IVACAFTOR,Vertex Pharmaceuticals Incorporated,2012,Type 1 - New Molecular Entity
NDA022572,MITOSOL,MITOMYCIN,Mobius Therapeutics LLC,2012,Type 3 - New Dosage Form
NDA201281,JENTADUETO,LINAGLIPTIN AND METFORMIN HYDROCHLORIDE,"Boehringer Ingelheim Pharmaceuticals, Inc.",2012,Type 4 - New Combination
NDA203441,GATTEX,TEDUGLUTIDE,"Takeda Pharmaceuticals America, Inc.",2012,Type 1 - New Molecular Entity
NDA202236,DYMISTA,AZELASTINE HYDROCHLORIDE AND FLUTICASONE PROPIONATE,Viatris Specialty LLC,2012,Type 4 - New Combination
NDA203858,JUXTAPID,LOMITAPIDE MESYLATE,Amryt Pharmaceuticals DAC,2012,Type 1 - New Molecular Entity
NDA202276,N/A,N/A,N/A,2012,Type 1 - New Molecular Entity
NDA202736,SKLICE,IVERMECTIN,Azurity Pharmaceuticals,2012,Type 3 - New Dosage Form
NDA203696,N/A,N/A,N/A,2012,Type 4 - New Combination
NDA202292,MYTESI,CROFELEMER,"Napo Pharmaceuticals, Inc.",2012,Type 1 - New Molecular Entity
NDA202270,JANUMET XR,SITAGLIPTIN AND METFORMIN HYDROCHLORIDE,Merck Sharp & Dohme LLC,2012,Type 3 - New Dosage Form
NDA202428,TAZAROTENE,TAZAROTENE,Mayne Pharma Inc.,2012,Type 3 - New Dosage Form
NDA203155,CHOLINE C 11,CHOLINE C-11,Mayo Clinic,2012,Type 1 - New Molecular Entity
NDA203195,CEFIXIME,CEFIXIME,"Lupin Pharmaceuticals, Inc.",2012,Type 3 - New Dosage Form
NDA204781,DOTAREM,GADOTERATE MEGLUMINE,Guerbet LLC,2013,Type 1 - New Molecular Entity
NDA202971,ABILIFY MAINTENA,ARIPIPRAZOLE,"Otsuka America Pharmaceutical, Inc.",2013,Type 3 - New Dosage Form
NDA022416,APTIOM,ESLICARBAZEPINE ACETATE,"Sumitomo Pharma America, Inc.",2013,Type 1 - New Molecular Entity
NDA202278,N/A,N/A,N/A,2013,Type 3 - New Dosage Form
NDA203568,N/A,N/A,N/A,2013,Type 1 - New Molecular Entity
NDA203479,VERSACLOZ,CLOZAPINE,TruPharma LLC,2013,Type 3 - New Dosage Form
NDA204447,TRINTELLIX,VORTIOXETINE,"Takeda Pharmaceuticals America, Inc.",2013,Type 1 - New Molecular Entity
NDA204819,ADEMPAS,RIOCIGUAT,Bayer HealthCare Pharmaceuticals Inc.,2013,Type 1 - New Molecular Entity
NDA205065,KUVAN,SAPROPTERIN DIHYDROCHLORIDE,BioMarin Pharmaceutical Inc.,2013,Type 3 - New Dosage Form
NDA204412,N/A,N/A,N/A,2013,Type 3 - New Dosage Form
NDA204426,TAYTULLA,"NORETHINDRONE ACETATE AND ETHINYL ESTRADIOL, AND FERROUS FUMARATE","Allergan, Inc.",2013,Type 3 - New Dosage Form
NDA204026,POMALYST,POMALIDOMIDE,Celgene Corporation,2013,Type 1 - New Molecular Entity
NDA203414,KAZANO,ALOGLIPTIN AND METFORMIN HYDROCHLORIDE,"Takeda Pharmaceuticals America, Inc.",2013,Type 4 - New Combination
NDA022271,ALOGLIPTIN,ALOGLIPTIN,Padagis Israel Pharmaceuticals Ltd,2013,Type 1 - New Molecular Entity
NDA204114,MEKINIST,TRAMETINIB,Novartis Pharmaceuticals Corporation,2013,Type 1 - New Molecular Entity
NDA203496,ORENITRAM,TREPROSTINIL,United Therapeutics Corporation,2013,Type 3 - New Dosage Form
NDA204516,PAROXETINE,PAROXETINE,Padagis US LLC,2013,Type 3 - New Dosage Form
NDA204307,N/A,N/A,N/A,2013,Type 3 - New Dosage Form
NDA205175,ECOZA,ECONAZOLE NITRATE,"Resilia Pharmaceuticals, Inc.",2013,Type 3 - New Dosage Form
NDA204790,TIVICAY,DOLUTEGRAVIR SODIUM,ViiV Healthcare Company,2013,Type 1 - New Molecular Entity
NDA204671,SOVALDI,SOFOSBUVIR,"Gilead Sciences, Inc.",2013,Type 1 - New Molecular Entity
NDA203098,N/A,N/A,N/A,2013,Type 3 - New Dosage Form
NDA204708,MIRVASO,BRIMONIDINE TARTRATE,"Galderma Laboratories, L.P.",2013,Type 3 - New Dosage Form
NDA202806,TAFINLAR,DABRAFENIB,Novartis Pharmaceuticals Corporation,2013,Type 1 - New Molecular Entity
NDA204153,LUZU,LULICONAZOLE,"Bausch Health US, LLC",2013,Type 1 - New Molecular Entity
NDA022247,DUAVEE,CONJUGATED ESTROGENS/BAZEDOXIFENE,"Wyeth Pharmaceuticals LLC, a subsidiary of Pfizer Inc.",2013,Type 1 - New Molecular Entity and Type 4 - New Combination
NDA203137,VIZAMYL,FLUTEMETAMOL F-18,"GE Healthcare Inc. (Medi-Physics, Inc. dba GE Healthcare)",2013,Type 1 - New Molecular Entity
NDA202207,KIT FOR THE PREPARATION OF LYMPHOSEEK (TECHNETIUM TC 99M TILMANOCEPT),TILMANOCEPT,"Cardinal Health 414, LLC",2013,Type 1 - New Molecular Entity
NDA203595,N/A,N/A,N/A,2013,Type 4 - New Combination
NDA203340,NYMALIZE,NIMODIPINE,"Azurity Pharmaceuticals, Inc.",2013,Type 3 - New Dosage Form
NDA203697,N/A,N/A,N/A,2013,Type 3 - New Dosage Form
NDA204063,TECFIDERA,DIMETHYL FUMARATE,Biogen Inc.,2013,Type 1 - New Molecular Entity
NDA205053,NOXAFIL,POSACONAZOLE,Merck Sharp & Dohme LLC,2013,Type 3 - New Dosage Form
NDA203971,XOFIGO,RADIUM RA 223 DICHLORIDE,Bayer HealthCare Pharmaceuticals Inc.,2013,Type 1 - New Molecular Entity
NDA204275,BREO ELLIPTA,FLUTICASONE FUROATE AND VILANTEROL TRIFENATATE,GlaxoSmithKline LLC,2013,Type 1 - New Molecular Entity
NDA204168,FETZIMA,LEVOMILNACIPRAN HYDROCHLORIDE,"Allergan, Inc.",2013,Type 2 - New Active Ingredient
NDA203505,OSPHENA,OSPEMIFENE,"Duchesnay USA, Inc.",2013,Type 1 - New Molecular Entity
NDA204410,OPSUMIT,MACITENTAN,"Actelion Pharmaceuticals US, Inc.",2013,Type 1 - New Molecular Entity
NDA203284,GLYCEROL PHENYLBUTYRATE,GLYCEROL PHENYLBUTYRATE,"Lupin Pharmaceuticals, Inc.",2013,Type 2 - New Active Ingredient
NDA204592,N/A,N/A,N/A,2013,Type 3 - New Dosage Form
NDA201292,GILOTRIF,AFATINIB,"Boehringer Ingelheim Pharmaceuticals, Inc.",2013,Type 1 - New Molecular Entity
NDA204042,INVOKANA,CANAGLIFLOZIN,"Janssen Pharmaceuticals, Inc.",2013,Type 1 - New Molecular Entity
NDA202342,ESOMEPRAZOLE STRONTIUM,ESOMEPRAZOLE STRONTIUM,"R2 Pharma, LLC",2013,Type 2 - New Active Ingredient
NDA205786,ISENTRESS,RALTEGRAVIR,Merck Sharp & Dohme LLC,2013,Type 3 - New Dosage Form
NDA203791,N/A,N/A,N/A,2013,Type 3 - New Dosage Form
NDA204308,N/A,N/A,N/A,2013,Type 3 - New Dosage Form
NDA204141,DESOXIMETASONE,DESOXIMETASONE,"Sun Pharmaceutical Industries, Inc.",2013,Type 3 - New Dosage Form
NDA204096,ASTAGRAF XL,TACROLIMUS EXTENDED-RELEASE CAPSULES,"Astellas Pharma US, Inc.",2013,Type 3 - New Dosage Form
NDA204251,SIMBRINZA,BRINZOLAMIDE/BRIMONIDINE TARTRATE,"Alcon Laboratories, Inc.",2013,Type 4 - New Combination
NDA201688,TOBI PODHALER,TOBRAMYCIN,Viatris Specialty LLC,2013,Type 3 - New Dosage Form
NDA022556,CARBINOXAMINE MALEATE EXTENDED-RELEASE ORAL SUSPENSION,CARBINOXAMINE MALEATE,"Neos Therapeutics, LP",2013,Type 3 - New Dosage Form
NDA204734,FOSRENOL,LANTHANUM CARBONATE,"Takeda Pharmaceuticals America, Inc.",2014,Type 3 - New Dosage Form
NDA205858,ZYDELIG,IDELALISIB,"Gilead Sciences, Inc.",2014,Type 1 - New Molecular Entity
NDA206307,XTORO,FINAFLOXACIN,"Fonseca Biosciences, LLC",2014,Type 1 - New Molecular Entity
BLA125557,BLINCYTO,BLINATUMOMAB,"Amgen, Inc",2014,Type 1 - New Molecular Entity
NDA204427,N/A,N/A,N/A,2014,Type 1 - New Molecular Entity
BLA125496,SYLVANT,SILTUXIMAB,"Recordati Rare Diseases, Inc.",2014,Type 1 - New Molecular Entity
NDA205474,N/A,N/A,N/A,2014,Type 4 - New Combination
NDA206829,ZERBAXA,CEFTOLOZANE AND TAZOBACTAM,Merck Sharp & Dohme LLC,2014,Type 1 - New Molecular Entity and Type 4 - New Combination
NDA206426,RAPIVAB,PERAMIVIR,"BioCryst Pharmaceuticals, Inc.",2014,Type 1 - New Molecular Entity
NDA202293,FARXIGA,DAPAGLIFLOZIN,AstraZeneca Pharmaceuticals LP,2014,Type 1 - New Molecular Entity
NDA205352,ALEVE PM,DIPHENHYDRAMINE HYDROCHLORIDE AND NAPROXEN SODIUM,Bayer HealthCare LLC.,2014,Type 4 - New Combination
NDA205613,BUDESONIDE,BUDESONIDE,Oceanside Pharmaceuticals,2014,Type 3 - New Dosage Form
BLA125554,OPDIVO,NIVOLUMAB,"E.R. Squibb & Sons, L.L.C.",2014,Type 1 - New Molecular Entity
NDA204031,N/A,N/A,N/A,2014,Type 3 - New Dosage Form
NDA204569,BELSOMRA,SUVOREXANT,Merck Sharp & Dohme LLC,2014,Type 1 - New Molecular Entity
NDA205755,N/A,N/A,N/A,2014,Type 1 - New Molecular Entity
NDA205677,HETLIOZ,TASIMELTEON,Vanda Pharmaceuticals Inc.,2014,Type 1 - New Molecular Entity
NDA205777,N/A,N/A,N/A,2014,Type 4 - New Combination
NDA206439,NAMZARIC,MEMANTINE HYDROCHLORIDE AND DONEPEZIL HYDROCHLORIDE,"Allergan, Inc.",2014,Type 4 - New Combination
NDA204820,MITIGARE,COLCHICINE,Hikma Specialty USA Inc.,2014,Type 3 - New Dosage Form
NDA200656,KABIVEN,"DEXTROSE, SOYBEAN OIL, ELECTROLYTES, LYSINE, PHENYLALANINE, LEUCINE, VALINE, THREONINE, METHIONINE, ISOLEUCINE, TRYPTOPHAN, ALANINE, ARGININE, GLYCINE, PROLINE, HISTIDINE, GLUTAMIC ACID, SERINE, ASPARTIC ACID AND TYROSINE","Fresenius Kabi USA, LLC",2014,Type 2 - New Active Ingredient
NDA201923,ILUVIEN,FLUOCINOLONE ACETONIDE,"ANI Pharmaceuticals, Inc.",2014,Type 3 - New Dosage Form
NDA205436,SIVEXTRO,TEDIZOLID PHOSPHATE,Merck Sharp & Dohme LLC,2014,Type 3 - New Dosage Form
NDA022219,AVEED,TESTOSTERONE UNDECANOATE,"Endo USA, Inc.",2014,Type 3 - New Dosage Form
NDA203684,LUMASON,SULFUR HEXAFLUORIDE,BRACCO DIAGNOSTICS INC,2014,Type 1 - New Molecular Entity
NDA204353,INVOKAMET,CANAGLIFLOZIN AND METFORMIN HYDROCHLORIDE,"Janssen Pharmaceuticals, Inc.",2014,Type 4 - New Combination
NDA205435,SIVEXTRO,TEDIZOLID PHOSPHATE,Merck Sharp & Dohme LLC,2014,Type 1 - New Molecular Entity
NDA203567,JUBLIA,EFINACONAZOLE,Bausch Health US LLC,2014,Type 1 - New Molecular Entity
NDA204768,N/A,N/A,N/A,2014,Type 3 - New Dosage Form
NDA205494,CERDELGA,ELIGLUSTAT,Genzyme Corporation,2014,Type 1 - New Molecular Entity
NDA205437,OTEZLA,APREMILAST,"Amgen, Inc",2014,Type 1 - New Molecular Entity
NDA204629,JARDIANCE,EMPAGLIFLOZIN,"Boehringer Ingelheim Pharmaceuticals, Inc.",2014,Type 1 - New Molecular Entity
NDA205834,LEDIPASVIR AND SOFOSBUVIR,LEDIPASVIR AND SOFOSBUVIR,Asegua Therapeutics LLC,2014,Type 1 - New Molecular Entity and Type 4 - New Combination
NDA203108,STRIVERDI RESPIMAT,OLODATEROL RESPIMAT INHALATION SPRAY,"Boehringer Ingelheim Pharmaceuticals, Inc.",2014,Type 1 - New Molecular Entity
NDA205649,DAPAGLIFLOZIN AND METFORMIN HYDROCHLORIDE,DAPAGLIFLOZIN AND METFORMIN HYDROCHLORIDE,Prasco Laboratories,2014,Type 4 - New Combination
NDA205787,N/A,N/A,N/A,2014,Type 3 - New Dosage Form and Type 4 - New Combination
NDA205718,AKYNZEO,NETUPITANT AND PALONOSETRON,"Helsinn Therapeutics (U.S.), Inc.",2014,Type 1 - New Molecular Entity and Type 4 - New Combination
NDA021936,SPIRIVA RESPIMAT,TIOTROPIUM BROMIDE INHALATION SPRAY,"Boehringer Ingelheim Pharmaceuticals, Inc.",2014,Type 3 - New Dosage Form
NDA204684,IMPAVIDO,MILTEFOSINE,"Profounda, Inc.",2014,Type 1 - New Molecular Entity
NDA022396,N/A,N/A,N/A,2014,Type 3 - New Dosage Form
NDA205388,OMIDRIA,PHENYLEPHRINE AND KETOROLAC,Omeros Corporation,2014,Type 4 - New Combination
NDA205832,OFEV,NINTEDANIB,"Boehringer Ingelheim Pharmaceuticals, Inc.",2014,Type 1 - New Molecular Entity
BLA125499,PLEGRIDY PEN,PEGINTERFERON BETA-1A,Biogen Inc.,2014,Type 1 - New Molecular Entity
NDA205596,NOXAFIL,POSACONAZOLE,Merck Sharp & Dohme LLC,2014,Type 3 - New Dosage Form
NDA206619,N/A,N/A,N/A,2014,Type 1 - New Molecular Entity and Type 4 - New Combination
NDA204886,N/A,N/A,N/A,2014,Type 1 - New Molecular Entity
NDA021883,DALVANCE,DALBAVANCIN,"Allergan, Inc.",2014,Type 1 - New Molecular Entity
NDA204677,NEURACEQ,FLORBETABEN F 18,Lantheus Biosciences Ltd.,2014,Type 1 - New Molecular Entity
NDA200063,CONTRAVE EXTENDED-RELEASE,NALTREXONE HYDROCHLORIDE AND BUPROPION HYDROCHLORIDE,Nalpropion Pharmaceuticals LLC,2014,Type 4 - New Combination
NDA204623,N/A,N/A,N/A,2014,Type 3 - New Dosage Form
NDA206255,SOOLANTRA,IVERMECTIN,"Galderma Laboratories, L.P.",2014,Type 3 - New Dosage Form
NDA206256,BELEODAQ,BELINOSTAT,Acrotech Biopharma Inc,2014,Type 1 - New Molecular Entity
NDA022535,N/A,N/A,N/A,2014,Type 1 - New Molecular Entity
BLA125514,KEYTRUDA,PEMBROLIZUMAB,Merck Sharp & Dohme LLC,2014,Type 1 - New Molecular Entity
NDA206162,N/A,N/A,N/A,2014,Type 1 - New Molecular Entity
NDA205637,N/A,N/A,N/A,2014,Type 3 - New Dosage Form
NDA205641,ASMANEX HFA,MOMETASONE FUROATE,Organon LLC,2014,Type 2 - New Active Ingredient and Type 3 - New Dosage Form
NDA206143,CORLANOR,IVABRADINE,Amgen Inc,2015,Type 1 - New Molecular Entity
NDA208169,XURIDEN,URIDINE TRIACETATE,BTG International Inc,2015,Type 1 - New Molecular Entity
NDA205636,PROAIR DIGIHALER,ALBUTEROL SULFATE,"Teva Respiratory, LLC",2015,Type 3 - New Dosage Form
NDA207768,N/A,N/A,N/A,2015,Type 3 - New Dosage Form
NDA022526,ADDYI,FLIBANSERIN,"Sprout Pharmaceuticals, Inc.",2015,Type 1 - New Molecular Entity
BLA125511,N/A,N/A,N/A,2015,Type 1 - New Molecular Entity
NDA205353,N/A,N/A,N/A,2015,Type 1 - New Molecular Entity
NDA207071,FINACEA FOAM,AZELAIC ACID,LEO Pharma Inc.,2015,Type 3 - New Dosage Form
NDA202106,MEROPENEM AND SODIUM CHLORIDE,MEROPENEM AND SODIUM CHLORIDE,B. Braun Medical Inc.,2015,Type 4 - New Combination
NDA205383,N/A,N/A,N/A,2015,Type 3 - New Dosage Form
NDA205266,ODOMZO,SONIDEGIB,"Sun Pharmaceutical Industries, Inc.",2015,Type 1 - New Molecular Entity
BLA203314,TRESIBA,INSULIN DEGLUDEC,Novo Nordisk,2015,Type 1 - New Molecular Entity
NDA208183,HALOBETASOL PROPIONATE,HALOBETASOL PROPIONATE,"Coral Way Pharma, LLC",2015,Type 3 - New Dosage Form
NDA205831,METHYLPHENIDATE HYDROCHLORIDE,METHYLPHENIDATE HYDROCHLORIDE,Rhodes Pharmaceuticals LLC,2015,Type 3 - New Dosage Form
NDA208159,VISTOGARD,URIDINE TRIACETATE,BTG International Inc,2015,Type 10 - New Indication Submitted as Distinct NDA - Not Consolidated
NDA207958,LEVETIRACETAM,LEVETIRACETAM,Prasco Laboratories,2015,Type 3 - New Dosage Form
NDA207561,GENVOYA,"ELVITEGRAVIR, COBICISTAT, EMTRICITABINE, AND TENOFOVIR ALAFENAMIDE","Gilead Sciences, Inc.",2015,Type 1 - New Molecular Entity and Type 4 - New Combination
NDA206111,SYNJARDY,EMPAGLIFLOZIN AND METFORMIN HYDROCHLORIDE,"Boehringer Ingelheim Pharmaceuticals, Inc.",2015,Type 4 - New Combination
NDA205739,VELTASSA,PATIROMER,"Vifor Pharma, Inc.",2015,Type 1 - New Molecular Entity
NDA207953,YONDELIS,TRABECTEDIN,"Janssen Products, LP",2015,Type 1 - New Molecular Entity
NDA206406,ENVARSUS XR,TACROLIMUS,"Veloxis Pharmaceuticals, Inc",2015,Type 3 - New Dosage Form
NDA022225,BRIDION,SUGAMMADEX,Merck Sharp & Dohme LLC,2015,Type 1 - New Molecular Entity
NDA207930,N/A,N/A,N/A,2015,Type 3 - New Dosage Form and Type 4 - New Combination
NDA207988,N/A,N/A,N/A,2015,Type 1 - New Molecular Entity
BLA125513,STRENSIQ,ASFOTASE ALFA,"Alexion Pharmaceuticals, Inc.",2015,Type 1 - New Molecular Entity
NDA208065,TAGRISSO,OSIMERTINIB,AstraZeneca Pharmaceuticals LP,2015,Type 1 - New Molecular Entity
NDA207981,LONSURF,TRIFLURIDINE AND TIPIRACIL,"Taiho Pharmaceutical Co., Ltd.",2015,Type 1 - New Molecular Entity and Type 4 - New Combination
NDA205395,PREZCOBIX,DARUNAVIR ETHANOLATE AND COBICISTAT,"Janssen Products, LP",2015,Type 4 - New Combination
NDA207960,QUILLICHEW ER,METHYLPHENIDATE HYDROCHLORIDE,"NextWave Pharmaceuticals, Inc",2015,Type 3 - New Dosage Form
NDA204958,KENGREAL,CANGRELOR,"Chiesi USA, Inc.",2015,Type 1 - New Molecular Entity
BLA125526,NUCALA,MEPOLIZUMAB,GlaxoSmithKline LLC,2015,Type 1 - New Molecular Entity
NDA206500,VARUBI,ROLAPITANT,TerSera Therapeutics LLC,2015,Type 1 - New Molecular Entity
NDA022503,METAXALONE,METAXALONE,INA Pharmaceutics Inc,2015,Type 3 - New Dosage Form
NDA208434,ALECENSA,ALECTINIB HYDROCHLORIDE,"Genentech, Inc.",2015,Type 1 - New Molecular Entity
NDA207533,ARISTADA,ARIPIPRAZOLE LAUROXIL,"Alkermes, Inc.",2015,Type 1 - New Molecular Entity
BLA125547,N/A,N/A,N/A,2015,Type 1 - New Molecular Entity
BLA125516,UNITUXIN,DINUTUXIMAB,United Therapeutics Corporation,2015,Type 1 - New Molecular Entity
NDA206038,ORKAMBI,LUMACAFTOR AND IVACAFTOR,Vertex Pharmaceuticals Incorporated,2015,Type 1 - New Molecular Entity
NDA204370,VRAYLAR,CARIPRAZINE,"Allergan, Inc.",2015,Type 1 - New Molecular Entity
NDA207027,PROMACTA,ELTROMBOPAG OLAMINE,Novartis Pharmaceuticals Corporation,2015,Type 3 - New Dosage Form and Type 4 - New Combination
NDA207932,BELBUCA,BUPRENORPHINE HYDROCHLORIDE,BioDelivery Sciences International Inc,2015,Type 3 - New Dosage Form
NDA206494,AVYCAZ,"CEFTAZIDIME, AVIBACTAM","Allergan, Inc.",2015,Type 1 - New Molecular Entity and Type 4 - New Combination
NDA022279,N/A,N/A,N/A,2015,Type 4 - New Combination
NDA208030,FERRIPROX,DEFERIPRONE,"Chiesi USA, Inc.",2015,Type 3 - New Dosage Form
NDA207923,N/A,N/A,N/A,2015,Type 3 - New Dosage Form
NDA206947,LENVIMA,LENVATINIB,Eisai Inc.,2015,Type 1 - New Molecular Entity
NDA206192,COTELLIC,COBIMETINIB,"Genentech, Inc.",2015,Type 1 - New Molecular Entity
NDA208462,NINLARO,IXAZOMIB,"Takeda Pharmaceuticals America, Inc.",2015,Type 1 - New Molecular Entity
NDA207925,KALYDECO,IVACAFTOR,Vertex Pharmaceuticals Incorporated,2015,Type 3 - New Dosage Form
NDA207233,N/A,N/A,N/A,2015,Type 3 - New Dosage Form
BLA125561,KANUMA,SEBELIPASE ALFA,"Alexion Pharmaceuticals, Inc.",2015,Type 1 - New Molecular Entity
NDA207947,UPTRAVI,SELEXIPAG,"Actelion Pharmaceuticals US, Inc.",2015,Type 1 - New Molecular Entity
NDA208147,DYANAVEL XR,AMPHETAMINE,"NextWave Pharmaceuticals, Inc",2015,Type 3 - New Dosage Form
BLA125504,COSENTYX,SECUKINUMAB,Novartis Pharmaceuticals Corporation,2015,Type 1 - New Molecular Entity
NDA208411,NARCAN,NALOXONE HYDROCHLORIDE NASAL,Emergent Devices Inc.,2015,Type 3 - New Dosage Form
NDA207589,ENSTILAR,CALCIPOTRIENE AND BETAMETHASONE DIPROPIONATE,LEO Pharma Inc.,2015,Type 3 - New Dosage Form
NDA205003,N/A,N/A,N/A,2015,Type 4 - New Combination
NDA205750,CHOLBAM,CHOLIC ACID,Mirum Pharmaceuticals Inc.,2015,Type 1 - New Molecular Entity
BLA203313,N/A,N/A,N/A,2015,Type 4 - New Combination
BLA761035,EMPLICITI,ELOTUZUMAB,"E.R. Squibb & Sons, L.L.C.",2015,Type 1 - New Molecular Entity
BLA761025,PRAXBIND,IDARUCIZUMAB,"Boehringer Ingelheim Pharmaceuticals, Inc.",2015,Type 1 - New Molecular Entity
NDA206510,N/A,N/A,N/A,2015,Type 4 - New Combination
NDA207620,ENTRESTO,SACUBITRIL AND VALSARTAN,Novartis Pharmaceuticals Corporation,2015,Type 1 - New Molecular Entity and Type 4 - New Combination
NDA203952,DUOPA,CARBIDOPA AND LEVODOPA,AbbVie Inc.,2015,Type 3 - New Dosage Form
BLA125559,PRALUENT,ALIROCUMAB,"Regeneron Pharmaceuticals, Inc.",2015,Type 1 - New Molecular Entity
BLA761036,DARZALEX,DARATUMUMAB,"Janssen Biotech, Inc.",2015,Type 1 - New Molecular Entity
NDA200671,N/A,N/A,N/A,2015,Type 3 - New Dosage Form
NDA206073,GLYXAMBI,EMPAGLIFLOZIN AND LINAGLIPTIN,"Boehringer Ingelheim Pharmaceuticals, Inc.",2015,Type 4 - New Combination
NDA206940,VIBERZI,ELUXADOLINE,"Allergan, Inc.",2015,Type 1 - New Molecular Entity
NDA206843,N/A,N/A,N/A,2015,Type 1 - New Molecular Entity
NDA208658,SYNJARDY XR,"EMPAGLIFLOZIN, METFORMIN HYDROCHLORIDE","Boehringer Ingelheim Pharmaceuticals, Inc.",2016,Type 3 - New Dosage Form
NDA205836,BRIVIACT,BRIVARACETAM,"UCB, Inc.",2016,Type 1 - New Molecular Entity
NDA208079,SERNIVO,BETAMETHASONE DIPROPIONATE,"Primus Pharmaceuticals, Inc.",2016,Type 3 - New Dosage Form
BLA761044,USTEKINUMAB,USTEKINUMAB,"Janssen Biotech, Inc.",2016,Type 3 - New Dosage Form
NDA207621,N/A,N/A,N/A,2016,Type 3 - New Dosage Form and Type 4 - New Combination
NDA208277,FYCOMPA,PERAMPANEL,Eisai Inc.,2016,Type 3 - New Dosage Form
BLA208583,XULTOPHY 100/3.6,INSULIN DEGLUDEC AND LIRAGLUTIDE,Novo Nordisk,2016,Type 4 - New Combination
BLA761029,N/A,N/A,N/A,2016,Type 1 - New Molecular Entity
NDA206030,N/A,N/A,N/A,2016,Type 3 - New Dosage Form
NDA208551,N/A,N/A,N/A,2016,Type 3 - New Dosage Form
NDA203324,PHOTREXA CROSS-LINKING KIT,RIBOFLAVIN 5-PHOSPHATE OPHTHALMIC,Glaukos Corporation,2016,Type 3 - New Dosage Form
NDA208114,DEFITELIO,DEFIBROTIDE SODIUM,"Jazz Pharmaceuticals, Inc.",2016,Type 1 - New Molecular Entity
NDA208073,XIIDRA,LIFITEGRAST,Novartis Pharmaceuticals Corporation,2016,Type 1 - New Molecular Entity
NDA208026,JENTADUETO XR,LINAGLIPTIN AND METFORMIN HYDROCHLORIDE,"Boehringer Ingelheim Pharmaceuticals, Inc.",2016,Type 4 - New Combination
NDA208081,AMELUZ,AMINOLEVULINIC ACID HYDROCHLORIDE,Biofrontera Inc.,2016,Type 3 - New Dosage Form
NDA206099,ONZETRA XSAIL,SUMATRIPTAN SUCCINATE,Currax Pharmaceuticals LLC,2016,Type 3 - New Dosage Form
NDA204553,N/A,N/A,N/A,2016,Type 3 - New Dosage Form
NDA207318,NUPLAZID,PIMAVANSERIN TARTRATE,Acadia Pharmaceuticals Inc.,2016,Type 1 - New Molecular Entity
NDA208341,EPCLUSA,VELPATASVIR AND SOFOSBUVIR,"Gilead Sciences, Inc.",2016,Type 1 - New Molecular Entity and Type 4 - New Combination
BLA125544,INFLECTRA,INFLIXIMAB-DYYB,Pfizer Laboratories Div Pfizer Inc,2016,Type 2 - New Active Ingredient
NDA208271,RELISTOR,METHYLNALTREXONE BROMIDE,"Salix Pharmaceuticals, Inc.",2016,Type 3 - New Dosage Form
NDA209531,SPINRAZA,NUSINERSEN,Biogen Inc.,2016,Type 1 - New Molecular Entity
BLA761046,ZINPLAVA,BEZLOTOXUMAB,Merck Sharp & Dohme LLC,2016,Type 1 - New Molecular Entity
NDA208056,N/A,N/A,N/A,2016,Type 3 - New Dosage Form
NDA206679,N/A,N/A,N/A,2016,Type 3 - New Dosage Form
NDA206302,N/A,N/A,N/A,2016,Type 4 - New Combination
NDA206977,TIROSINT SOL,LEVOTHYROXINE SODIUM,IBSA Pharma Inc.,2016,Type 3 - New Dosage Form
NDA208351,ODEFSEY,"EMTRICITABINE, RILPIVIRINE HYDROCHLORIDE, AND TENOFOVIR ALAFENAMIDE","Gilead Sciences, Inc.",2016,Type 4 - New Combination
NDA205838,BRIVIACT,BRIVARACETAM,"UCB, Inc.",2016,Type 3 - New Dosage Form
NDA208032,N/A,N/A,N/A,2016,Type 4 - New Combination
BLA125509,ANTHIM,OBILTOXAXIMAB,"Elusys Therapeutics, Inc.",2016,Type 1 - New Molecular Entity
NDA205525,DRONABINOL,DRONABINOL,"Wellhouse Pharma, LLC",2016,Type 3 - New Dosage Form
BLA208673,SOLIQUA 100/33,INSULIN GLARGINE AND LIXISENATIDE,Sanofi-Aventis U.S. LLC,2016,Type 4 - New Combination
NDA204442,N/A,N/A,N/A,2016,Type 3 - New Dosage Form
BLA125521,TALTZ,IXEKIZUMAB,Eli Lilly and Company,2016,Type 1 - New Molecular Entity
NDA205879,INVOKAMET XR,CANAGLIFLOZIN AND METFORMIN HYDROCHLORIDE,"Janssen Pharmaceuticals, Inc.",2016,Type 4 - New Combination
BLA208471,N/A,N/A,N/A,2016,Type 1 - New Molecular Entity
NDA208401,QBRELIS,LISINOPRIL,"Azurity Pharmaceuticals, Inc.",2016,Type 3 - New Dosage Form
NDA207999,N/A,N/A,N/A,2016,Type 1 - New Molecular Entity
NDA207695,EUCRISA,CRISABOROLE,Pfizer Laboratories Div Pfizer Inc,2016,Type 1 - New Molecular Entity
NDA207648,SMOFLIPID,SMOFLIPID,"Fresenius Kabi USA, LLC",2016,Type 4 - New Combination
NDA208215,DESCOVY,EMTRICITABINE AND TENOFOVIR ALAFENAMIDE,"Gilead Sciences, Inc.",2016,Type 4 - New Combination
BLA761038,N/A,N/A,N/A,2016,Type 1 - New Molecular Entity
NDA209115,RUBRACA,RUCAPARIB,pharmaand GmbH,2016,Type 1 - New Molecular Entity
BLA761034,TECENTRIQ,ATEZOLIZUMAB,"Genentech, Inc.",2016,Type 1 - New Molecular Entity
NDA208294,BEVESPI AEROSPHERE,GLYCOPYRROLATE AND FORMOTEROL FUMARATE,AstraZeneca Pharmaceuticals LP,2016,Type 4 - New Combination
NDA205837,BRIVIACT,BRIVARACETAM,"UCB, Inc.",2016,Type 3 - New Dosage Form
BLA761033,CINQAIR,RESLIZUMAB,"Teva Respiratory, LLC",2016,Type 1 - New Molecular Entity
NDA208424,N/A,N/A,N/A,2016,Type 3 - New Dosage Form
NDA206488,EXONDYS 51,ETEPLIRSEN,"Sarepta Therapeutics, Inc.",2016,Type 1 - New Molecular Entity
NDA208692,CABOMETYX,CABOZANTINIB,"Exelixis, Inc.",2016,Type 3 - New Dosage Form
NDA208054,AXUMIN,FLUCICLOVINE F-18,Blue Earth Diagnostics,2016,Type 1 - New Molecular Entity
NDA208573,VENCLEXTA,VENETOCLAX,AbbVie Inc.,2016,Type 1 - New Molecular Entity
NDA206356,ORFADIN,NITISINONE,Swedish Orphan Biovitrum AB (publ),2016,Type 3 - New Dosage Form
NDA208547,NETSPOT,68GA-DOTATATE,"Advanced Accelerator Applications USA, Inc",2016,Type 1 - New Molecular Entity
BLA761060,MYLOTARG,GEMTUZUMAB OZOGAMICIN,"Wyeth Pharmaceuticals LLC, a subsidiary of Pfizer Inc.",2017,Type 4 - New Combination
NDA209637,OZEMPIC,SEMAGLUTIDE,"Novo Nordisk Pharmaceutical Industries, LP",2017,Type 1 - New Molecular Entity
NDA208383,N/A,N/A,N/A,2017,Type 1 - New Molecular Entity
NDA207145,XADAGO,SAFINAMIDE MESYLATE,"MDD US Operations LLC, a subsidiary of Supernus Pharmaceuticals, Inc.",2017,Type 1 - New Molecular Entity
BLA761069,IMFINZI,DURVALUMAB,AstraZeneca Pharmaceuticals LP,2017,Type 1 - New Molecular Entity
BLA761058,ADALIMUMAB-ADBM,ADALIMUMAB-ADBM,QUALLENT PHARMACEUTICALS HEALTH LLC,2017,Type 2 - New Active Ingredient
BLA761053,OCREVUS,OCRELIZUMAB,"Genentech, Inc.",2017,Type 1 - New Molecular Entity
NDA209360,GIAPREZA,ANGIOTENSIN II,La Jolla Pharmaceutical Company,2017,Type 1 - New Molecular Entity
BLA761083,HEMLIBRA,EMICIZUMAB,"Genentech, Inc.",2017,Type 1 - New Molecular Entity
NDA208582,ALTAFLUOR,FLUORESCEIN SODIUM AND BENOXINATE HYDROCHLORIDE,Altaire Pharmaceuticals Inc.,2017,Type 4 - New Combination
BLA761061,TREMFYA,GUSELKUMAB,"Janssen Biotech, Inc.",2017,Type 1 - New Molecular Entity
NDA208944,GOCOVRI,AMANTADINE,"Adamas Pharma, LLC",2017,Type 3 - New Dosage Form
NDA205598,MACRILEN,MACIMORELIN ACETATE,Aeterna Zentaris GmbH,2017,Type 1 - New Molecular Entity
NDA208400,XATMEP,METHOTREXATE,"Azurity Pharmaceuticals, Inc.",2017,Type 3 - New Dosage Form
BLA761049,BAVENCIO,AVELUMAB,"EMD Serono, Inc.",2017,Type 1 - New Molecular Entity
BLA761052,BRINEURA,CERLIPONASE ALFA,BioMarin Pharmaceutical Inc.,2017,Type 1 - New Molecular Entity
NDA208379,ZYPITAMAG,PITAVASTATIN MAGNESIUM,Medicure International Inc,2017,Type 2 - New Active Ingredient
NDA204325,N/A,N/A,N/A,2017,Type 3 - New Dosage Form
NDA022018,N/A,N/A,N/A,2017,Type 4 - New Combination
NDA208399,N/A,N/A,N/A,2017,Type 3 - New Dosage Form
NDA208745,TRULANCE IMMEDIATE RELEASE,PLECANATIDE,Salix Pharmaceuticals Inc.,2017,Type 1 - New Molecular Entity
BLA761055,DUPIXENT,DUPILUMAB,Sanofi-Aventis U.S. LLC,2017,Type 1 - New Molecular Entity
NDA207795,VYZULTA,LATANOPROSTENE BUNOD,Bausch & Lomb Incorporated,2017,Type 1 - New Molecular Entity
BLA761070,FASENRA,BENRALIZUMAB,AstraZeneca Pharmaceuticals LP,2017,Type 1 - New Molecular Entity
NDA208945,N/A,N/A,N/A,2017,Type 1 - New Molecular Entity
NDA209806,SEGLUROMET,ERTUGLIFLOZIN AND METFORMIN HYDROCHLORIDE,Merck Sharp & Dohme LLC,2017,Type 4 - New Combination
NDA209363,SOLOSEC,SECNIDAZOLE,Evofem Inc.,2017,Type 1 - New Molecular Entity
NDA209310,SINUVA,MOMETASONE FUROATE,"Intersect ENT, Inc.",2017,Type 3 - New Dosage Form
NDA209296,CINVANTI,APREPITANT,"Heron Therapeutics, Inc.",2017,Type 3 - New Dosage Form
NDA208558,LYNPARZA,OLAPARIB,AstraZeneca Pharmaceuticals LP,2017,Type 3 - New Dosage Form
NDA205489,COTEMPLA XR-ODT,METHYLPHENIDATE,"Neos Therapeutics Brands, LLC",2017,Type 3 - New Dosage Form
NDA209092,KISQALI,RIBOCICLIB,Novartis Pharmaceuticals Corporation,2017,Type 1 - New Molecular Entity
NDA208743,TYMLOS,ABALOPARATIDE,"Radius Health, Inc.",2017,Type 1 - New Molecular Entity
NDA209805,STEGLUJAN,ERTUGLIFLOZIN AND SITAGLIPTIN,Merck Sharp & Dohme LLC,2017,Type 4 - New Combination
NDA022063,MYDAYIS,"DEXTROAMPHETAMINE SULFATE, DEXTROAMPHETAMINE SACCHARATE, AMPHETAMINE ASPARTATE MONOHYDRATE, AND AMPHETAMINE SULFATE","Takeda Pharmaceuticals America, Inc.",2017,Type 3 - New Dosage Form
NDA209803,STEGLATRO,ERTUGLIFLOZIN,Merck Sharp & Dohme LLC,2017,Type 1 - New Molecular Entity
NDA208794,XERMELO,TELOTRISTAT ETHYL,"Lexicon Pharmaceuticals, Inc.",2017,Type 1 - New Molecular Entity
NDA210192,JULUCA,DOLUTEGRAVIR SODIUM AND RILPIVIRINE HYDROCHLORIDE,ViiV Healthcare Company,2017,Type 4 - New Combination
NDA209210,N/A,N/A,N/A,2017,Type 3 - New Dosage Form
NDA207975,N/A,N/A,N/A,2017,Type 3 - New Dosage Form
NDA208694,ZERVIATE,CETIRIZINE,"Harrow Eye, LLC",2017,Type 3 - New Dosage Form
NDA208684,EMFLAZA,DEFLAZACORT,"PTC Therapeutics, Inc.",2017,Type 1 - New Molecular Entity
NDA209478,SPIRONOLACTONE,SPIRONOLACTONE,Padagis US LLC,2017,Type 3 - New Dosage Form
NDA209589,CLENPIQ,"SODIUM PICOSULFATE, MAGNESIUM OXIDE, AND ANHYDROUS CITRIC ACID",Ferring Pharmaceuticals Inc.,2017,Type 3 - New Dosage Form
NDA209241,INGREZZA,VALBENAZINE,"Neurocrine Biosciences, Inc.",2017,Type 1 - New Molecular Entity
NDA208854,SYMPROIC,NALDEMEDINE,BioDelivery Sciences International Inc,2017,Type 1 - New Molecular Entity
NDA209940,PREVYMIS,LETERMOVIR,Merck Sharp & Dohme LLC,2017,Type 3 - New Dosage Form
NDA209936,N/A,N/A,N/A,2017,Type 1 - New Molecular Entity
NDA208772,ALUNBRIG,BRIGATINIB,"Takeda Pharmaceuticals America, Inc.",2017,Type 1 - New Molecular Entity
NDA209875,N/A,N/A,N/A,2017,Type 2 - New Active Ingredient
NDA209512,NORVIR,RITONAVIR,AbbVie Inc.,2017,Type 3 - New Dosage Form
NDA209195,VOSEVI,"SOFOSBUVIR, VELPATASVIR, AND VOXILAPREVIR","Gilead Sciences, Inc.",2017,Type 1 - New Molecular Entity and Type 4 - New Combination
NDA209091,N/A,N/A,N/A,2017,Type 4 - New Combination
NDA208716,VERZENIO,ABEMACICLIB,Eli Lilly and Company,2017,Type 1 - New Molecular Entity
NDA209401,VYXEOS,(DAUNORUBICIN AND CYTARABINE) LIPOSOME,"Jazz Pharmaceuticals, Inc.",2017,Type 4 - New Combination
NDA208799,FLUTICASONE PROPIONATE AND SALMETEROL,FLUTICASONE PROPIONATE AND SALMETEROL,"Teva Pharmaceuticals USA, Inc.",2017,Type 4 - New Combination
NDA209176,N/A,N/A,N/A,2017,Type 1 - New Molecular Entity
BLA761037,KEVZARA,SARILUMAB,Sanofi-Aventis U.S. LLC,2017,Type 1 - New Molecular Entity
NDA208437,N/A,N/A,N/A,2017,Type 3 - New Dosage Form and Type 4 - New Combination
NDA208051,NERLYNX,NERATINIB,"Puma Biotechnology, Inc.",2017,Type 1 - New Molecular Entity
NDA209939,PREVYMIS,LETERMOVIR,Merck Sharp & Dohme LLC,2017,Type 1 - New Molecular Entity
NDA208082,AUSTEDO,DEUTETRABENAZINE,"Teva Neuroscience, Inc.",2017,Type 1 - New Molecular Entity
NDA208843,SIKLOS,HYDROXYUREA,Medunik,2017,Type 3 - New Dosage Form
NDA209776,VABOMERE,MEROPENEM-VABORBACTAM,"Melinta Therapeutics, LLC",2017,Type 1 - New Molecular Entity and Type 4 - New Combination
NDA209819,SUBLOCADE,BUPRENORPHINE,Indivior Inc.,2017,Type 3 - New Dosage Form
NDA210259,CALQUENCE,ACALABRUTINIB,AstraZeneca Pharmaceuticals LP,2017,Type 1 - New Molecular Entity
NDA209935,KISQALI FEMARA CO-PACK,LETROZOLE AND RIBOCICLIB,Novartis Pharmaceuticals Corporation,2017,Type 4 - New Combination
NDA208552,RHOFADE,OXYMETAZOLINE HYDROCHLORIDE,"EPI Health, LLC",2017,Type 10 - New Indication Submitted as Distinct NDA - Not Consolidated
NDA208510,VYVANSE,LISDEXAMFETAMINE DIMESYLATE,"Takeda Pharmaceuticals America, Inc.",2017,Type 3 - New Dosage Form
NDA208780,ESBRIET,PIRFENIDONE,"Genentech, Inc.",2017,Type 3 - New Dosage Form
BLA761047,MEPSEVII,VESTRONIDASE ALFA,Ultragenyx Pharmaceutical Inc.,2017,Type 1 - New Molecular Entity
NDA209203,N/A,N/A,N/A,2017,Type 4 - New Combination
NDA207997,RYDAPT,RYDAPT,Novartis Pharmaceuticals Corporation,2017,Type 1 - New Molecular Entity
NDA209606,IDHIFA,ENASIDENIB MESYLATE,Celgene Corporation,2017,Type 1 - New Molecular Entity
NDA207202,N/A,N/A,N/A,2017,Type 4 - New Combination
NDA209394,MAVYRET,GLECAPREVIR AND PIBRENTASVIR,AbbVie Inc.,2017,Type 1 - New Molecular Entity and Type 4 - New Combination
BLA761032,SILIQ,BRODALUMAB,Bausch Health US LLC,2017,Type 1 - New Molecular Entity
BLA761040,BESPONSA,INOTUZUMAB OZOGAMICIN,"Wyeth Pharmaceuticals LLC, a subsidiary of Pfizer Inc.",2017,Type 1 - New Molecular Entity
NDA208325,PARSABIV,ETELCALCETIDE,"Amgen, Inc",2017,Type 1 - New Molecular Entity
NDA208447,N/A,N/A,N/A,2017,Type 1 - New Molecular Entity
NDA209400,BERKLEY AND JENSEN OMEPRAZOLE,OMEPRAZOLE,BJWC,2017,Type 3 - New Dosage Form
NDA208685,EMFLAZA,DEFLAZACORT,"PTC Therapeutics, Inc.",2017,Type 1 - New Molecular Entity
NDA209570,BENZNIDAZOLE,BENZNIDAZOLE,"Exeltis USA, Inc.",2017,Type 1 - New Molecular Entity
BLA761043,BENLYSTA,BELIMUMAB,GlaxoSmithKline LLC,2017,Type 3 - New Dosage Form
NDA209299,TAVALISSE,FOSTAMATINIB,"Rigel Pharmaceuticals, Inc.",2018,Type 1 - New Molecular Entity
NDA210238,DOPTELET,AVATROMBOPAG MALEATE,"AkaRx, Inc.",2018,Type 1 - New Molecular Entity
NDA208078,FIRDAPSE,AMIFAMPRIDINE PHOSPHATE,"Catalyst Pharmaceuticals, Inc.",2018,Type 1 - New Molecular Entity
NDA206709,DIACOMIT,STIRIPENTOL,"BIOCODEX, INC.",2018,Type 1 - New Molecular Entity
NDA022142,SYMFI,"EFAVIRENZ, LAMIVUDINE AND TENOFOVIR DISOPROXIL FUMARATE",Viatris Specialty LLC,2018,Type 4 - New Combination
BLA761071,ADALIMUMAB,ADALIMUMAB-ADAZ,Sandoz Inc,2018,Type 2 - New Active Ingredient
NDA210132,BIJUVA,ESTRADIOL AND PROGESTERONE,Mayne Pharma,2018,Type 4 - New Combination
NDA210498,MEKTOVI,BINIMETINIB,Array BioPharma Inc.,2018,Type 1 - New Molecular Entity
NDA210045,N/A,N/A,N/A,2018,Type 4 - New Combination
NDA210910,N/A,N/A,N/A,2018,Type 1 - New Molecular Entity
NDA210303,ZEMDRI (PLAZOMICIN),PLAZOMICIN,Cipla Therapeutics Inc.,2018,Type 1 - New Molecular Entity
NDA210833,SYMPAZAN,CLOBAZAM,Aquestive Therapeutics,2018,Type 3 - New Dosage Form
NDA209817,NUZYRA,OMADACYCLINE,"Paratek Pharmaceuticals, Inc.",2018,Type 1 - New Molecular Entity
NDA210807,DELSTRIGO,"DORAVIRINE, LAMIVUDINE, AND TENOFOVIR DISOPROXIL FUMARATE",Merck Sharp & Dohme LLC,2018,Type 4 - New Combination
NDA211358,ORKAMBI,LUMACAFTOR AND IVACAFTOR,Vertex Pharmaceuticals Incorporated,2018,Type 3 - New Dosage Form
NDA211226,KHAPZORY,LEVOLEUCOVORIN,Acrotech Biopharma Inc,2018,Type 2 - New Active Ingredient
NDA206976,LICART,DICLOFENAC EPOLAMINE,IBSA Pharma Inc.,2018,Type 3 - New Dosage Form and Type 4 - New Combination
NDA022141,CIMDUO,LAMIVUDINE AND TENOFOVIR DISOPROXIL FUMARATE,Viatris Specialty LLC,2018,Type 4 - New Combination
BLA761065,TROGARZO,IBALIZUMAB,Theratechnologies Inc.,2018,Type 1 - New Molecular Entity
NDA209627,ANNOVERA,SEGESTERONE ACETATE AND ETHINYL ESTRADIOL,Mayne Pharma,2018,Type 1 - New Molecular Entity and Type 4 - New Combination
NDA208313,N/A,N/A,N/A,2018,Type 3 - New Dosage Form
NDA210589,OMEGAVEN,FISH OIL,"Fresenius Kabi USA, LLC",2018,Type 1 - New Molecular Entity and Type 4 - New Combination
NDA210867,MOXIDECTIN,MOXIDECTIN,Medicines Development for Global Health,2018,Type 1 - New Molecular Entity
BLA761067,ILUMYA,TILDRAKIZUMAB-ASMN,"Sun Pharmaceutical Industries, Inc.",2018,Type 1 - New Molecular Entity
NDA205626,N/A,N/A,N/A,2018,Type 4 - New Combination
NDA210793,NUPLAZID,PIMAVANSERIN TARTRATE,Acadia Pharmaceuticals Inc.,2018,Type 3 - New Dosage Form
NDA210923,MULPLETA,LUSUTROMBOPAG,Eddingpharm (U. S. ) Inc.,2018,Type 1 - New Molecular Entity
NDA210655,PERSERIS,RISPERIDONE,Indivior Inc.,2018,Type 3 - New Dosage Form
BLA761068,CRYSVITA,BUROSUMAB,"Kyowa Kirin, Inc.",2018,Type 1 - New Molecular Entity
NDA209863,XYOSTED,TESTOSTERONE ENANTHATE,"Antares Pharma, Inc.",2018,Type 3 - New Dosage Form
NDA210861,VITRAKVI,LAROTRECTINIB,"Loxo Oncology, Inc.",2018,Type 1 - New Molecular Entity
BLA761063,EMGALITY,GALCANEZUMAB-GNLM,Eli Lilly and Company,2018,Type 1 - New Molecular Entity
BLA761089,AJOVY,FREMANEZUMAB-VFRM,"Teva Pharmaceuticals USA, Inc.",2018,Type 1 - New Molecular Entity
NDA210450,ORILISSA,ELAGOLIX,AbbVie Inc.,2018,Type 1 - New Molecular Entity
NDA210598,YUPELRI,REVEFENACIN,Viatris Specialty LLC,2018,Type 1 - New Molecular Entity
NDA209229,LUCEMYRA,LOFEXIDINE HYDROCHLORIDE,"USWM, LLC",2018,Type 1 - New Molecular Entity
NDA207223,DIACOMIT,STIRIPENTOL,"BIOCODEX, INC.",2018,Type 3 - New Dosage Form
NDA211210,N/A,N/A,N/A,2018,Type 3 - New Dosage Form
NDA211172,N/A,N/A,N/A,2018,Type 1 - New Molecular Entity
NDA210922,ONPATTRO,PATISIRAN,"Alnylam Pharmaceuticals, Inc.",2018,Type 1 - New Molecular Entity
BLA761092,REVCOVI,ELAPEGADEMASE-LVLR,"Chiesi USA, Inc.",2018,Type 1 - New Molecular Entity
NDA207356,ARIKAYCE,AMIKACIN,Insmed Incorporated,2018,Type 3 - New Dosage Form
NDA206185,XELPROS,LATANOPROST,"Sun Pharmaceutical Industries, Inc.",2018,Type 3 - New Dosage Form
NDA211109,XERAVA,ERAVACYCLINE,"Tetraphase Pharmaceuticals, Inc.",2018,Type 1 - New Molecular Entity
NDA210868,LORBRENA,LORLATINIB,Pfizer Laboratories Div Pfizer Inc,2018,Type 1 - New Molecular Entity
NDA209521,SEYSARA,SARECYCLINE HYDROCHLORIDE,"Almirall, LLC",2018,Type 1 - New Molecular Entity
NDA210115,PROGRAF,TACROLIMUS,"Astellas Pharma US, Inc.",2018,Type 3 - New Dosage Form
NDA210795,KRINTAFEL,TAFENOQUINE SUCCINATE,GlaxoSmithKline LLC,2018,Type 1 - New Molecular Entity
NDA210656,DAURISMO,GLASDEGIB,Pfizer Laboratories Div Pfizer Inc,2018,Type 1 - New Molecular Entity
NDA209566,N/A,N/A,N/A,2018,Type 10 - New Indication Submitted as Distinct NDA - Not Consolidated
NDA204441,JYNARQUE,TOLVAPTAN,"Otsuka America Pharmaceutical, Inc.",2018,Type 10 - New Indication Submitted as Distinct NDA - Not Consolidated
NDA210563,IMBRUVICA,IBRUTINIB,Pharmacyclics LLC,2018,Type 3 - New Dosage Form
NDA208085,N/A,N/A,N/A,2018,Type 3 - New Dosage Form and Type 4 - New Combination
NDA210166,MOTEGRITY,PRUCALOPRIDE,"Takeda Pharmaceuticals America, Inc.",2018,Type 1 - New Molecular Entity
NDA209184,INBRIJA,LEVODOPA,"Merz Pharmaceuticals, LLC",2018,Type 3 - New Dosage Form
BLA761080,NIVESTYM,FILGRASTIM-AAFI,Pfizer Laboratories Div Pfizer Inc,2018,Type 2 - New Active Ingredient
NDA210854,XOFLUZA,BALOXAVIR MARBOXIL,"Genentech, Inc.",2018,Type 1 - New Molecular Entity
NDA209080,TIGLUTIK,RILUZOLE,"EDW PHARMA, INC",2018,Type 3 - New Dosage Form
NDA210251,BIKTARVY,"BICTEGRAVIR SODIUM, EMTRICITABINE, AND TENOFOVIR ALAFENAMIDE FUMARATE","Gilead Sciences, Inc.",2018,Type 1 - New Molecular Entity and Type 4 - New Combination
NDA209128,DSUVIA,SUFENTANIL,"AcelRx Pharmaceuticals, Inc.",2018,Type 3 - New Dosage Form
NDA210428,KAPSPARGO,METOPROLOL SUCCINATE,"Sun Pharmaceutical Industries, Inc.",2018,Type 3 - New Dosage Form
NDA211651,TALZENNA,TALAZOPARIB,Pfizer Laboratories Div Pfizer Inc,2018,Type 1 - New Molecular Entity
NDA207924,OLUMIANT,BARICITINIB,Eli Lilly and Company,2018,Type 1 - New Molecular Entity
NDA208653,APADAZ,BENZHYDROCODONE AND ACETAMINOPHEN,"Zevra Therapeutics, Inc.",2018,Type 4 - New Combination
NDA209381,PLENVU,"POLYETHYLENE GLYCOL 3350, SODIUM SULFATE, SODIUM CHLORIDE, POTASSIUM CHLORIDE, ASCORBIC ACID, SODIUM ASCORBATE","Salix Pharmaceuticals, Inc",2018,Type 2 - New Active Ingredient
NDA210566,N/A,N/A,N/A,2018,Type 3 - New Dosage Form and Type 4 - New Combination
NDA209311,JORNAY PM EXTENDED-RELEASE,METHYLPHENIDATE HYDROCHLORIDE,Ironshore Pharmaceuticals Inc.,2018,Type 3 - New Dosage Form
NDA209816,NUZYRA,OMADACYCLINE,"Paratek Pharmaceuticals, Inc.",2018,Type 1 - New Molecular Entity
NDA211349,XOSPATA,GILTERITINIB,"Astellas Pharma US, Inc.",2018,Type 1 - New Molecular Entity
NDA208700,LUTATHERA,LUTETIUM LU 177 DOTATATE,"Advanced Accelerator Applications USA, Inc",2018,Type 1 - New Molecular Entity
NDA207078,LOKELMA,SODIUM ZIRCONIUM CYCLOSILICATE,AstraZeneca Pharmaceuticals LP,2018,Type 1 - New Molecular Entity
NDA210491,SYMDEKO,TEZACAFTOR AND IVACAFTOR,Vertex Pharmaceuticals Incorporated,2018,Type 1 - New Molecular Entity and Type 4 - New Combination
BLA761079,PALYNZIQ,PEGVALIASE-PQPZ,BioMarin Pharmaceutical Inc.,2018,Type 1 - New Molecular Entity
NDA209410,N/A,N/A,N/A,2018,Type 3 - New Dosage Form
BLA761051,POTELIGEO,MOGAMULIZUMAB-KPKC,"Kyowa Kirin, Inc.",2018,Type 1 - New Molecular Entity
NDA208742,DEXTENZA,DEXAMETHASONE,"Ocular Therapeutix, Inc.",2018,Type 3 - New Dosage Form
NDA210455,SYMTUZA,"DARUNAVIR, COBICISTAT, EMTRICITABINE, AND TENOFOVIR ALAFENAMIDE",Janssen Products LP,2018,Type 4 - New Combination
NDA210496,BRAFTOVI,ENCORAFENIB,Array BioPharma Inc.,2018,Type 1 - New Molecular Entity
BLA761077,AIMOVIG,ERENUMAB-AOOE,Amgen Inc,2018,Type 1 - New Molecular Entity
NDA210951,ERLEADA,APALUTAMIDE,"Janssen Products, LP",2018,Type 1 - New Molecular Entity
NDA022343,N/A,N/A,N/A,2018,Type 4 - New Combination
NDA210806,PIFELTRO,DORAVIRINE,Merck Sharp & Dohme LLC,2018,Type 1 - New Molecular Entity
NDA210493,AKYNZEO,FOSNETUPITANT AND PALONOSETRON,"Helsinn Therapeutics (U.S.), Inc.",2018,Type 1 - New Molecular Entity and Type 4 - New Combination
NDA211288,VIZIMPRO,DACOMITINIB,Pfizer Laboratories Div Pfizer Inc,2018,Type 1 - New Molecular Entity
NDA208276,N/A,N/A,N/A,2018,Type 3 - New Dosage Form
NDA211192,TIBSOVO,IVOSIDENIB,Servier Pharmaceutical LLC,2018,Type 1 - New Molecular Entity
BLA761090,TAKHZYRO,LANADELUMAB-FLYO,"Takeda Pharmaceuticals America, Inc.",2018,Type 1 - New Molecular Entity
NDA212595,N/A,N/A,N/A,2019,Type 3 - New Dosage Form
NDA210595,DUAKLIR PRESSAIR,ACLIDINIUM BROMIDE AND FORMOTEROL FUMARATE,"Covis Pharma US, Inc",2019,Type 4 - New Combination
NDA212480,SOVALDI,SOFOSBUVIR,"Gilead Sciences, Inc.",2019,Type 3 - New Dosage Form
NDA022075,NOURIANZ,ISTRADEFYLLINE,"Kyowa Kirin, Inc.",2019,Type 1 - New Molecular Entity
NDA211415,QUZYTTIR,CETIRIZINE HYDROCHLORIDE,TerSera Therapeutics LLC,2019,Type 3 - New Dosage Form
NDA213217,BRUKINSA,ZANUBRUTINIB,"BeOne Medicines USA, Inc.",2019,Type 1 - New Molecular Entity
NDA211765,UBRELVY,UBROGEPANT,"Allergan, Inc.",2019,Type 1 - New Molecular Entity
NDA212028,DAYVIGO,LEMBOREXANT,Eisai Inc.,2019,Type 1 - New Molecular Entity
NDA209884,MAYZENT,SIPONIMOD,Novartis Pharmaceuticals Corporation,2019,Type 1 - New Molecular Entity
NDA212279,EXEM FOAM,AIR POLYMER-TYPE A INTRAUTERINE FOAM,GISKIT PHARMA B.V.,2019,Type 1 - New Molecular Entity
NDA212640,N/A,N/A,N/A,2019,Type 3 - New Dosage Form
NDA212379,AMZEEQ,MINOCYCLINE,Journey Medical Corporation,2019,Type 3 - New Dosage Form
NDA212268,SECUADO,ASENAPINE,"Noven Therapeutics, LLC",2019,Type 3 - New Dosage Form
NDA211321,NAYZILAM,MIDAZOLAM,"UCB, Inc.",2019,Type 3 - New Dosage Form
NDA212273,TRIKAFTA,"ELEXACAFTOR, TEZACAFTOR, AND IVACAFTOR",Vertex Pharmaceuticals Incorporated,2019,Type 1 - New Molecular Entity and Type 4 - New Combination
NDA212862,PRETOMANID,PRETOMANID,Viatris Specialty LLC,2019,Type 1 - New Molecular Entity
NDA211843,THIOLA EC,TIOPRONIN,Mission Pharmacal Company,2019,Type 3 - New Dosage Form
NDA210884,TOSYMRA,SUMATRIPTAN,"Upsher-Smith Laboratories, LLC",2019,Type 3 - New Dosage Form
NDA208193,BACLOFEN,BACLOFEN,Palmetto Pharmaceuticals Inc.,2019,Type 3 - New Dosage Form
NDA206089,JATENZO,TESTOSTERONE UNDECANOATE,TOLMAR Inc.,2019,Type 3 - New Dosage Form
NDA022561,MAVENCLAD,CLADRIBINE,"EMD Serono, Inc.",2019,Type 3 - New Dosage Form
NDA212097,GVOKE HYPOPEN 0.5 MG AUTO-INJECTOR,"GLUCAGON INJECTION, SOLUTION","Xeris Pharmaceuticals, Inc.",2019,Type 3 - New Dosage Form
NDA211994,DOVATO,DOLUTEGRAVIR SODIUM AND LAMIVUDINE,ViiV Healthcare Company,2019,Type 4 - New Combination
NDA210134,BAQSIMI,GLUCAGON,"Amphastar Pharmaceuticals, Inc.",2019,Type 3 - New Dosage Form
NDA212725,ROZLYTREK,ENTRECTINIB,"Genentech, Inc.",2019,Type 1 - New Molecular Entity
NDA212306,XPOVIO,SELINEXOR,Karyopharm Therapeutics Inc.,2019,Type 1 - New Molecular Entity
NDA212018,BALVERSA,ERDAFITINIB,Janssen Products LP,2019,Type 1 - New Molecular Entity
BLA761066,N/A,N/A,N/A,2019,Type 2 - New Active Ingredient
NDA210895,N/A,N/A,N/A,2019,Type 3 - New Dosage Form
NDA202408,AVACLYR,ACYCLOVIR,"Fera Pharmaceuticals, LLC",2019,Type 3 - New Dosage Form
NDA209379,SELENIOUS ACID,SELENIOUS ACID,"American Regent, Inc.",2019,Type 2 - New Active Ingredient
NDA212839,XCOPRI,CENOBAMATE,"SK Life Science, Inc.",2019,Type 1 - New Molecular Entity
BLA761139,ENHERTU,FAM-TRASTUZUMAB DERUXTECAN-NXKI,Daiichi Sankyo Inc.,2019,Type 1 - New Molecular Entity
NDA209500,CAPLYTA,LUMATEPERONE,"Intra-Cellular Therapies, Inc",2019,Type 1 - New Molecular Entity
NDA211855,VUMERITY,DIROXIMEL FUMARATE,Biogen Inc.,2019,Type 2 - New Active Ingredient
NDA211230,SUNOSI,SOLRIAMFETOL,"Axsome Therapeutics, Inc.",2019,Type 1 - New Molecular Entity
NDA210557,VYLEESI,BREMELANOTIDE,"Cosette Pharmaceuticals, Inc.",2019,Type 1 - New Molecular Entity
BLA761136,REBLOZYL,LUSPATERCEPT,Celgene Corporation,2019,Type 1 - New Molecular Entity
NDA212099,NUBEQA,DAROLUTAMIDE,Bayer HealthCare Pharmaceuticals Inc.,2019,Type 1 - New Molecular Entity
NDA211673,N/A,N/A,N/A,2019,Type 1 - New Molecular Entity
NDA211996,VYNDAQEL,TAFAMIDIS MEGLUMINE,Pfizer Laboratories Div Pfizer Inc,2019,Type 1 - New Molecular Entity
BLA761085,JEUVEAU,PRABOTULINUM TOXIN TYPE A,"Evolus, Inc.",2019,Type 1 - New Molecular Entity
NDA209964,CORLANOR,IVABRADINE,Amgen Inc,2019,Type 3 - New Dosage Form
NDA209905,N/A,N/A,N/A,2019,Type 3 - New Dosage Form
NDA211280,REYVOW,LASMIDITAN,Eli Lilly and Company,2019,Type 1 - New Molecular Entity
NDA211970,VYONDYS 53,GOLODIRSEN,"Sarepta Therapeutics, Inc.",2019,Type 1 - New Molecular Entity
NDA210942,GLOPERBA,COLCHICINE,Scilex Pharmaceuticals Inc.,2019,Type 3 - New Dosage Form
NDA212161,VYNDAMAX,TAFAMIDIS,Pfizer Laboratories Div Pfizer Inc,2019,Type 2 - New Active Ingredient
NDA211675,RINVOQ,UPADACITINIB,AbbVie Inc.,2019,Type 1 - New Molecular Entity
NDA212895,CONJUPRI,LEVAMLODIPINE,CSPC Ouyi Pharmaceutical Co. Ltd,2019,Type 2 - New Active Ingredient and Type 3 - New Dosage Form
NDA210874,N/A,N/A,N/A,2019,Type 4 - New Combination
NDA211810,TURALIO,PEXIDARTINIB HYDROCHLORIDE,Daiichi Sankyo Inc.,2019,Type 1 - New Molecular Entity
NDA212320,ACCRUFER,FERRIC MALTOL,Shield TX (UK) Ltd,2019,Type 1 - New Molecular Entity
BLA761137,PADCEV EJFV,ENFORTUMAB VEDOTIN,SEAGEN INC.,2019,Type 1 - New Molecular Entity
NDA212436,IBRANCE,PALBOCICLIB,U.S. Pharmaceuticals,2019,Type 3 - New Dosage Form
NDA211672,N/A,N/A,N/A,2019,Type 1 - New Molecular Entity
NDA210828,GA-68-DOTATOC,EDOTREOTIDE GALLIUM GA-68,UIHC  P E T Imaging Center,2019,Type 1 - New Molecular Entity
NDA211801,IBSRELA,TENAPANOR HYDROCHLORIDE,"Ardelyx, Inc.",2019,Type 1 - New Molecular Entity
NDA209445,FETROJA,CEFIDEROCOL SULFATE TOSYLATE,Shionogi Inc.,2019,Type 1 - New Molecular Entity
NDA210632,LEVOTHYROXINE SODIUM,LEVOTHYROXINE SODIUM,"Fresenius Kabi USA, LLC",2019,Type 3 - New Dosage Form
BLA761062,EVENITY,ROMOSOZUMAB-AQQG,"Amgen, Inc",2019,Type 1 - New Molecular Entity
NDA209569,TISSUEBLUE,BRILLIANT BLUE G,D.O.R.C. Dutch Ophthalmic Research Center (International) B.V.,2019,Type 1 - New Molecular Entity
NDA212477,HARVONI,LEDIPASVIR AND SOFOSBUVIR,"Gilead Sciences, Inc",2019,Type 3 - New Dosage Form
NDA212327,INREBIC,FEDRATINIB HYDROCHLORIDE,Celgene Corporation,2019,Type 1 - New Molecular Entity
NDA212819,RECARBRIO,"IMIPENEM ANHYDROUS, CILASTATIN, AND RELEBACTAM ANHYDROUS",Merck Sharp & Dohme LLC,2019,Type 1 - New Molecular Entity and Type 4 - New Combination
NDA211527,AKLIEF,TRIFAROTENE,"Galderma Laboratories, L.P.",2019,Type 1 - New Molecular Entity
NDA208711,EGATEN,TRICLABENDAZOLE,Novartis Pharmaceuticals Corporation,2019,Type 1 - New Molecular Entity
NDA213051,OZEMPIC,ORAL SEMAGLUTIDE,"Novo Nordisk Pharmaceutical Industries, LP",2019,Type 3 - New Dosage Form
NDA211243,SPRAVATO,ESKETAMINE HYDROCHLORIDE,Janssen Pharmaceuticals Inc.,2019,Type 2 - New Active Ingredient
NDA210797,SCENESSE,AFAMELANOTIDE,CLINUVEL INC.,2019,Type 1 - New Molecular Entity
NDA212194,GIVLAARI,GIVOSIRAN SODIUM,"Alnylam Pharmaceuticals, Inc.",2019,Type 1 - New Molecular Entity
NDA213004,TALICIA,"OMEPRAZOLE MAGNESIUM, AMOXICILLIN AND RIFABUTIN",RedHill Biopharma Ltd,2019,Type 4 - New Combination
NDA200655,FLUORODOPA F18,FLUORODOPA F18,THE FEINSTEIN INSTITUTES FOR MEDICAL RESEARCH,2019,Type 1 - New Molecular Entity
NDA212526,PIQRAY,ALPELISIB,Novartis Pharmaceuticals Corporation,2019,Type 1 - New Molecular Entity
NDA212728,NURTEC ODT,RIMEGEPANT SULFATE,Pfizer Laboratories Div Pfizer Inc,2020,Type 1 - New Molecular Entity
NDA206966,N/A,N/A,N/A,2020,Type 1 - New Molecular Entity
NDA210296,BAFIERTAM,MONOMETHYL FUMARATE,Banner Life Sciences LLC,2020,Type 2 - New Active Ingredient
NDA212608,AYVAKIT,AVAPRITINIB,Blueprint Medicines Corporation,2020,Type 1 - New Molecular Entity
NDA212157,ELYXYB - CELECOXIB,CELECOXIB,SCILEX PHARMACEUTICALS INC.,2020,Type 3 - New Dosage Form
NDA209405,TYBLUME,LEVONORGESTREL AND ETHINYL ESTRADIOL,"Exeltis USA, Inc.",2020,Type 3 - New Dosage Form
NDA213721,GAVRETO,PRALSETINIB,"Genentech, Inc.",2020,Type 1 - New Molecular Entity
NDA213246,RETEVMO,SELPERCATINIB,Eli Lilly and Company,2020,Type 1 - New Molecular Entity
NDA211911,DURYSTA,BIMATOPROST,"Allergan, Inc.",2020,Type 3 - New Dosage Form
NDA213876,ALKINDI SPRINKLE,HYDROCORTISONE,"Eton Pharmaceuticals, Inc.",2020,Type 3 - New Dosage Form
NDA213973,QINLOCK,RIPRETINIB,"Deciphera Pharmaceuticals, LLC",2020,Type 1 - New Molecular Entity
NDA212123,TAUVID,FLORTAUCIPIR F-18,Eli Lilly and Company,2020,Type 1 - New Molecular Entity
NDA209899,ZEPOSIA 7-DAY STARTER PACK,OZANIMOD HYDROCHLORIDE,Celgene Corporation,2020,Type 1 - New Molecular Entity
NDA213591,TABRECTA,CAPMATINIB,Novartis Pharmaceuticals Corporation,2020,Type 1 - New Molecular Entity
NDA212154,VILTEPSO,VILTOLARSEN,"NS Pharma, Inc.",2020,Type 1 - New Molecular Entity
NDA210875,N/A,N/A,N/A,2020,Type 3 - New Dosage Form
NDA210583,N/A,N/A,N/A,2020,Type 3 - New Dosage Form
NDA208419,PEMETREXED,PEMETREXED,"Teva Pharmaceuticals, Inc.",2020,Type 2 - New Active Ingredient
NDA209529,VESICARE LS,SOLIFENACIN SUCCINATE,"Astellas Pharma US, Inc.",2020,Type 3 - New Dosage Form
NDA213756,KOSELUGO,SELUMETINIB,AstraZeneca Pharmaceuticals LP,2020,Type 1 - New Molecular Entity
NDA213736,PEMAZYRE,PEMIGATINIB,Incyte Corporation,2020,Type 1 - New Molecular Entity
NDA213006,GEMTESA,VIBEGRON,"Sumitomo Pharma America, Inc.",2020,Type 1 - New Molecular Entity
NDA212801,ISTURISA,OSILODROSTAT,"Recordati Rare Diseases, Inc.",2020,Type 1 - New Molecular Entity
BLA761172,EBANGA,ANSUVIMAB,"Emergent Manufacturing Operations Baltimore, LLC",2020,Type 1 - New Molecular Entity
NDA213189,KLISYRI,TIRBANIBULIN,"Almirall, LLC",2020,Type 1 - New Molecular Entity
NDA214621,ORGOVYX,RELUGOLIX,"Sumitomo Pharma America, Inc.",2020,Type 1 - New Molecular Entity
BLA761142,UPLIZNA,INEBILIZUMAB,"Horizon Therapeutics USA, Inc.",2020,Type 1 - New Molecular Entity
NDA212295,BYFAVO,REMIMAZOLAM BESYLATE,"Acacia Pharma, Ltd.",2020,Type 1 - New Molecular Entity
NDA212614,TRIJARDY XR,"EMPAGLIFLOZIN, LINAGLIPTIN, METFORMIN HYDROCHLORIDE","Boehringer Ingelheim Pharmaceuticals, Inc.",2020,Type 4 - New Combination
NDA213491,PROCYSBI,CYSTEAMINE BITARTRATE,"Horizon Therapeutics USA, Inc.",2020,Type 3 - New Dosage Form
NDA214787,VEKLURY,REMDESIVIR,"Gilead Sciences, Inc.",2020,Type 1 - New Molecular Entity
NDA214517,HETLIOZ LQ,TASIMELTEON,Vanda Pharmaceuticals Inc.,2020,Type 3 - New Dosage Form
NDA212155,CERIANNA,FLUOROESTRADIOL F 18,GE Healthcare Inc.,2020,Type 1 - New Molecular Entity
NDA213227,DETECTNET,COPPER CU 64 DOTATATE,CURIUM US LLC,2020,Type 1 - New Molecular Entity
BLA761171,DANYELZA,NAXITAMAB,BTG International Inc.,2020,Type 1 - New Molecular Entity
NDA204017,TWIRLA,LEVONORGESTREL/ETHINYL ESTRADIOL,"Agile Therapeutics, Inc.",2020,Type 3 - New Dosage Form
NDA212576,INQOVI,CEDAZURIDINE AND DECITABINE,"Taiho Pharmaceutical Co., Ltd.",2020,Type 1 - New Molecular Entity and Type 4 - New Combination
NDA212489,ONGENTYS,OPICAPONE,Amneal Pharmaceuticals LLC,2020,Type 1 - New Molecular Entity
NDA214044,TRAMADOL HYDROCHLORIDE,TRAMADOL HYDROCHLORIDE,"TruPharma, LLC",2020,Type 3 - New Dosage Form
NDA213687,DOJOLVI,TRIHEPTANOIN,Ultragenyx Pharmaceutical Inc.,2020,Type 1 - New Molecular Entity
NDA201110,N/A,N/A,N/A,2020,Type 3 - New Dosage Form
NDA213388,ORIAHNN,ELAGOLIX AND ESTRADIOL AND NORETHISTERONE,AbbVie Inc.,2020,Type 4 - New Combination
BLA761169,INMAZEB,"ATOLTIVIMAB, MAFTIVIMAB, AND ODESIVIMAB-EBGN","Regeneron Pharmaceuticals, Inc.",2020,Type 1 - New Molecular Entity
NDA214120,ONUREG,AZACITIDINE,Celgene Corporation,2020,Type 3 - New Dosage Form
NDA212642,GALLIUM GA-68 PSMA-11,GALLIUM GA-68 GOZETOTIDE,UCLA Biomedical Cyclotron,2020,Type 1 - New Molecular Entity
NDA213702,ZEPZELCA,LURBINECTEDIN,"Jazz Pharmaceuticals, Inc.",2020,Type 1 - New Molecular Entity
NDA210730,OLINVYK,OLICERIDINE,"Trevena, Inc.",2020,Type 1 - New Molecular Entity
NDA209511,N/A,N/A,N/A,2020,Type 3 - New Dosage Form and Type 4 - New Combination
NDA209388,GIMOTI,METOCLOPRAMIDE HYDROCHLORIDE,"Evoke Pharma, Inc.",2020,Type 3 - New Dosage Form and Type 4 - New Combination
BLA761170,PHESGO,"PERTUZUMAB, TRASTUZUMAB, AND HYALURONIDASE-ZZXF","Genentech, Inc.",2020,Type 4 - New Combination
NDA214094,ORLADEYO,BEROTRALSTAT HYDROCHLORIDE,"BioCryst Pharmaceuticals, Inc.",2020,Type 1 - New Molecular Entity
NDA213082,XELJANZ,TOFACITINIB,Pfizer Laboratories Div Pfizer Inc,2020,Type 3 - New Dosage Form
NDA214278,N/A,N/A,N/A,2020,Type 3 - New Dosage Form
NDA210933,EYSUVIS,LOTEPREDNOL ETABONATE,"ALCON LABORATORIES, INC.",2020,Type 10 - New Indication Submitted as Distinct NDA - Not Consolidated
NDA213036,N/A,N/A,N/A,2020,Type 1 - New Molecular Entity
BLA761145,DARZALEX FASPRO,DARATUMUMAB AND HYALURONIDASE-FIHJ (HUMAN RECOMBINANT),"Janssen Biotech, Inc.",2020,Type 3 - New Dosage Form and Type 4 - New Combination
NDA209376,TRALEMENT,TRACE ELEMENTS INJECTION 4,"American Regent, Inc.",2020,Type 4 - New Combination
NDA208352,PHEXXI,"LACTIC ACID, L-, CITRIC ACID MONOHYDRATE, AND POTASSIUM BITARTRATE","Evofem, Inc.",2020,Type 3 - New Dosage Form and Type 4 - New Combination
NDA213464,LAMPIT,NIFURTIMOX,Bayer HealthCare Pharmaceuticals Inc.,2020,Type 1 - New Molecular Entity
BLA761150,MARGENZA,MARGETUXIMAB-CMKB,TerSera Therapeutics LLC,2020,Type 1 - New Molecular Entity
NDA211616,NEXLETOL,BEMPEDOIC ACID,"Esperion Therapeutics, Inc.",2020,Type 1 - New Molecular Entity
BLA761156,SOGROYA,SOMAPACITAN-BECO,Novo Nordisk,2020,Type 1 - New Molecular Entity
NDA211281,N/A,N/A,N/A,2020,Type 1 - New Molecular Entity
NDA212102,FINTEPLA,FENFLURAMINE,"UCB, Inc.",2020,Type 3 - New Dosage Form
NDA211617,NEXLIZET,BEMPEDOIC ACID AND EZETIMIBE,"Esperion Therapeutics, Inc.",2020,Type 1 - New Molecular Entity and Type 4 - New Combination
NDA209510,BARHEMSYS,AMISULPRIDE,Acacia Pharma Ltd,2020,Type 1 - New Molecular Entity
NDA212690,XYWAV,"CALCIUM, MAGNESIUM, POTASSIUM, AND SODIUM OXYBATES","Jazz Pharmaceuticals, Inc.",2020,Type 2 - New Active Ingredient
NDA202049,N/A,N/A,N/A,2020,Type 10 - New Indication Submitted as Distinct NDA - Not Consolidated
BLA761163,MONJUVI,TAFASITAMAB-CXIX,Incyte Corporation,2020,Type 1 - New Molecular Entity
NDA211635,VALTOCO,DIAZEPAM,"Neurelis, Inc",2020,Type 3 - New Dosage Form
NDA213983,TIVICAY PD,DOLUTEGRAVIR SODIUM,ViiV Healthcare Company,2020,Type 3 - New Dosage Form
NDA213411,TUKYSA,TUCATINIB,SEAGEN INC.,2020,Type 1 - New Molecular Entity
NDA212860,N/A,N/A,N/A,2020,Type 3 - New Dosage Form
BLA761143,TEPEZZA,TEPROTUMUMAB,"Horizon Therapeutics USA, Inc.",2020,Type 1 - New Molecular Entity
BLA761149,ENSPRYNG,SATRALIZUMAB,"Genentech, Inc.",2020,Type 1 - New Molecular Entity
NDA213433,WINLEVI,CLASCOTERONE,"Sun Pharmaceutical Industries, Inc.",2020,Type 1 - New Molecular Entity
NDA212950,RUKOBIA,FOSTEMSAVIR TROMETHAMINE,ViiV Healthcare Company,2020,Type 1 - New Molecular Entity
NDA212643,GALLIUM GA-68 PSMA-11,GALLIUM GA-68 GOZETOTIDE,UCSF Radiopharmaceutical Facility,2020,Type 1 - New Molecular Entity
NDA213793,IMCIVREE,SETMELANOTIDE,"Rhythm Pharmaceuticals, Inc",2020,Type 1 - New Molecular Entity
NDA214103,OXLUMO,LUMASIRAN,"Alnylam Pharmaceuticals, Inc.",2020,Type 1 - New Molecular Entity
NDA213674,XTANDI,ENZALUTAMIDE,"Astellas Pharma US, Inc.",2020,Type 3 - New Dosage Form
NDA215358,SCEMBLIX,ASCIMINIB,Novartis Pharmaceuticals Corporation,2021,Type 1 - New Molecular Entity
NDA213072,N/A,N/A,N/A,2021,Type 4 - New Combination
NDA214018,NULIBRY,FOSDENOPTERIN HYDROBROMIDE,"Sentynl Therapeutics, Inc.",2021,Type 1 - New Molecular Entity
NDA215383,WELIREG,BELZUTIFAN,Merck Sharp & Dohme LLC,2021,Type 1 - New Molecular Entity
NDA213978,TYRVAYA,VARENICLINE,"Oyster Point Pharma, Inc.",2021,Type 3 - New Dosage Form
NDA215859,XARELTO,RIVAROXABAN,"Janssen Pharmaceuticals, Inc.",2021,Type 3 - New Dosage Form
NDA214622,N/A,N/A,N/A,2021,Type 1 - New Molecular Entity
NDA212994,AZSTARYS,SERDEXMETHYLPHENIDATE AND DEXMETHYLPHENIDATE,"Commave Sub, LLC",2021,Type 1 - New Molecular Entity and Type 4 - New Combination
NDA214900,N/A,N/A,N/A,2021,Type 1 - New Molecular Entity
BLA761166,BESREMI,ROPEGINTERFERON ALFA-2B,PharmaEssentia USA,2021,Type 1 - New Molecular Entity
BLA761210,RYBREVANT,AMIVANTAMAB-VMJW,"Janssen Biotech, Inc.",2021,Type 1 - New Molecular Entity
NDA213426,N/A,N/A,N/A,2021,Type 4 - New Combination
NDA212904,FOTIVDA,TIVOZANIB,"AVEO Pharmaceuticals, Inc.",2021,Type 1 - New Molecular Entity
BLA761194,NEXVIAZYME,AVALGLUCOSIDASE ALFA-NGPT,Genzyme Corporation,2021,Type 1 - New Molecular Entity
BLA761178,N/A,N/A,N/A,2021,Type 1 - New Molecular Entity
NDA215498,BYLVAY,ODEVIXIBAT,"Ipsen Biopharmaceuticals, Inc.",2021,Type 1 - New Molecular Entity
NDA213378,LYBALVI,OLANZAPINE AND SAMIDORPHAN L-MALATE,"Alkermes, Inc.",2021,Type 1 - New Molecular Entity and Type 4 - New Combination
BLA761208,TIVDAK,TISOTUMAB VEDOTIN,SEAGEN INC.,2021,Type 1 - New Molecular Entity
NDA211950,XIPERE,TRIAMCINOLONE ACETONIDE,Bausch & Lomb Incorporated,2021,Type 3 - New Dosage Form
NDA216157,OXBRYTA,VOXELOTOR,"Global Blood Therapeutics, Inc, A subsidiary of Pfizer Inc.",2021,Type 3 - New Dosage Form
NDA215019,N/A,N/A,N/A,2021,Type 3 - New Dosage Form
NDA214679,EPRONTIA,TOPIRAMATE,"Azurity Pharmaceuticals, Inc.",2021,Type 3 - New Dosage Form
BLA761177,SKYTROFA,LONAPEGSOMATROPIN-TCGD,"Ascendis Pharma Endocrinology, Inc.",2021,Type 1 - New Molecular Entity
BLA761181,EVKEEZA,EVINACUMAB,"Regeneron Pharmaceuticals, Inc.",2021,Type 1 - New Molecular Entity
NDA211488,CAMCEVI,LEUPROLIDE,"Accord BioPharma, Inc.",2021,Type 2 - New Active Ingredient
BLA761174,JEMPERLI,DOSTARLIMAB,GlaxoSmithKline LLC,2021,Type 1 - New Molecular Entity
NDA214096,TEPMETKO,TEPOTINIB HYDROCHLORIDE,"EMD Serono, Inc.",2021,Type 1 - New Molecular Entity
NDA215014,EMPAVELI,PEGCETACOPLAN,"Apellis Pharmaceuticals, Inc.",2021,Type 1 - New Molecular Entity
NDA215110,MAVYRET,GLECAPREVIR AND PIBRENTASVIR,AbbVie Inc.,2021,Type 3 - New Dosage Form
NDA214916,KORSUVA,DIFELIKEFALIN,"Vifor (International), Inc.",2021,Type 1 - New Molecular Entity
NDA212888,CABENUVA,CABOTEGRAVIR AND RILPIVIRINE,ViiV Healthcare Company,2021,Type 1 - New Molecular Entity and Type 4 - New Combination
BLA761216,YUSIMRY,ADALIMUMAB-AQVH,Coherus BioSciences Inc,2021,Type 2 - New Active Ingredient
NDA213498,PONVORY,PONESIMOD,"Janssen Pharmaceuticals, Inc",2021,Type 1 - New Molecular Entity
NDA214275,UPTRAVI,SELEXIPAG,"Actelion Pharmaceuticals US, Inc.",2021,Type 3 - New Dosage Form
NDA204803,N/A,N/A,N/A,2021,Type 3 - New Dosage Form
NDA214200,COSELA,TRILACICLIB,"G1 Therapeutics, Inc.",2021,Type 1 - New Molecular Entity
NDA214429,FEXINIDAZOLE,FEXINIDAZOLE,Sanofi-Aventis U.S. LLC,2021,Type 1 - New Molecular Entity
NDA213026,AMONDYS 45,CASIMERSEN,"Sarepta Therapeutics, Inc.",2021,Type 1 - New Molecular Entity
BLA761179,RYLAZE,ASPARAGINASE ERWINIA CHRYSANTHEMI (RECOMBINANT)-RYWN,"Jazz Pharmaceuticals, Inc.",2021,Type 1 - New Molecular Entity
NDA214907,CYTALUX,PAFOLACIANINE INJECTION,"On Target Laboratories, Inc.",2021,Type 1 - New Molecular Entity
NDA214133,RECORLEV,LEVOKETOCONAZOLE,"Xeris Pharmaceuticals, Inc.",2021,Type 2 - New Active Ingredient
NDA214902,TWYNEO,TRETINOIN AND BENZOYL PEROXIDE,"Galderma Laboratories, L.P.",2021,Type 4 - New Combination
NDA211988,ZYNRELEF,BUPIVACAINE AND MELOXICAM,"Heron Therapeutics, Inc.",2021,Type 4 - New Combination
NDA214826,LOREEV XR,LORAZEPAM,Almatica Pharma LLC,2021,Type 3 - New Dosage Form
NDA215309,OPZELURA,RUXOLITINIB,Incyte Corporation,2021,Type 10 - New Indication Submitted as Distinct NDA - Not Consolidated
NDA214487,TAVNEOS,AVACOPAN,"ChemoCentryx, Inc.",2021,Type 1 - New Molecular Entity
NDA214187,EPCLUSA,VELPATASVIR AND SOFOSBUVIR,"Gilead Sciences, Inc.",2021,Type 3 - New Dosage Form
NDA214793,PYLARIFY,PIFLUFOLASTAT F-18,"Progenics Pharmaceuticals, Inc.",2021,Type 1 - New Molecular Entity
NDA214662,LIVMARLI,MARALIXIBAT CHLORIDE,Mirum Pharmaceuticals Inc.,2021,Type 1 - New Molecular Entity
NDA215310,N/A,N/A,N/A,2021,Type 1 - New Molecular Entity
BLA761196,ZYNLONTA,LONCASTUXIMAB TESIRINE,"ADC Therapeutics America, Inc.",2021,Type 1 - New Molecular Entity
NDA213716,LUPKYNIS,VOCLOSPORIN,"Aurinia Pharma U.S., Inc.",2021,Type 1 - New Molecular Entity
NDA211964,QELBREE,VILOXAZINE HYDROCHLORIDE,"Supernus Pharmaceuticals, Inc",2021,Type 1 - New Molecular Entity
NDA215422,LYVISPAH,BACLOFEN,Amneal Pharmaceuticals LLC,2021,Type 3 - New Dosage Form
BLA761224,TEZSPIRE,TEZEPELUMAB-EKKO,Amgen Inc,2021,Type 1 - New Molecular Entity
BLA761180,ADBRY,TRALOKINUMAB-LDRM,LEO Pharma Inc.,2021,Type 1 - New Molecular Entity
NDA214665,LUMAKRAS,SOTORASIB,Amgen Inc,2021,Type 1 - New Molecular Entity
NDA213801,MYRBETRIQ,MIRABEGRON,"Astellas Pharma US, Inc.",2021,Type 3 - New Dosage Form
BLA761197,SUSVIMO,RANIBIZUMAB,"Genentech, Inc.",2021,Type 2 - New Active Ingredient
NDA214032,ILLUCCIX,KIT FOR THE PREPARATION OF GALLIUM GA 68 GOZETOTIDE INJECTION,Telix Pharmaceuticals (US) Inc.,2021,Type 3 - New Dosage Form and Type 4 - New Combination
NDA210526,DYANAVEL XR,AMPHETAMINE,"NextWave Pharmaceuticals, Inc",2021,Type 3 - New Dosage Form
NDA215341,KERENDIA,FINERENONE,Bayer HealthCare Pharmaceuticals Inc.,2021,Type 1 - New Molecular Entity
NDA214154,NEXTSTELLIS,DROSPIRENONE AND ESTETROL,Mayne Pharma,2021,Type 1 - New Molecular Entity and Type 4 - New Combination
NDA214461,TEMBEXA,BRINCIDOFOVIR,Emergent BioDefense Operations Lansing LLC,2021,Type 2 - New Active Ingredient
NDA214231,ZEGALOGUE,DASIGLUCAGON,Novo Nordisk,2021,Type 1 - New Molecular Entity
NDA214846,MYFEMBREE,"RELUGOLIX, ESTRADIOL HEMIHYDRATE, AND NORETHINDRONE ACETATE","Sumitomo Pharma America, Inc",2021,Type 4 - New Combination
BLA761201,INSULIN GLARGINE,INSULIN GLARGINE-YFGN,Biocon Biologics Inc.,2021,Type 2 - New Active Ingredient
NDA212887,VOCABRIA,CABOTEGRAVIR SODIUM,ViiV Healthcare Company,2021,Type 3 - New Dosage Form
NDA215256,WEGOVY,SEMAGLUTIDE,"Novo Nordisk Pharmaceutical Industries, LP",2021,Type 10 - New Indication Submitted as Distinct NDA - Not Consolidated
NDA215133,SERTRALINE HYDROCHLORIDE,SERTRALINE HYDROCHLORIDE,"Alvogen, Inc.",2021,Type 3 - New Dosage Form
NDA214938,VOXZOGO 0.4MG,VOSORITIDE,BioMarin Pharmaceutical Inc.,2021,Type 1 - New Molecular Entity
BLA761195,VYVGART,EFGARTIGIMOD ALFA,argenx US,2021,Type 1 - New Molecular Entity
NDA215423,N/A,N/A,N/A,2021,Type 4 - New Combination
NDA214012,LEQVIO,INCLISIRAN,Novartis Pharmaceuticals Corporation,2021,Type 1 - New Molecular Entity
NDA214460,TEMBEXA,BRINCIDOFOVIR,Emergent BioDefense Operations Lansing LLC,2021,Type 2 - New Active Ingredient
NDA208712,VONJO,PACRITINIB,"Sobi, Inc.",2022,Type 1 - New Molecular Entity
NDA215985,ZORYVE,ROFLUMILAST,"Arcutis Biotherapeutics, Inc.",2022,Type 3 - New Dosage Form
NDA215841,LOCAMETZ,KIT FOR THE PREPARATION OF GALLIUM GA 68 GOZETOTIDE,"Advanced Accelerator Applications USA, Inc",2022,Type 2 - New Active Ingredient
NDA215910,SEZABY,PHENOBARBITAL SODIUM,"Sun Pharmaceutical Industries, Inc.",2022,Type 3 - New Dosage Form
BLA761148,ROLVEDON,EFLAPEGRASTIM-XNST,"Spectrum Pharmaceuticals, Inc.",2022,Type 1 - New Molecular Entity
NDA208746,N/A,N/A,N/A,2022,Type 3 - New Dosage Form
BLA761291,TECVAYLI,TECLISTAMAB-CQYV,"Janssen Biotech, Inc.",2022,Type 1 - New Molecular Entity
NDA022231,TERLIVAZ,TERLIPRESSIN,Mallinckrodt Hospital Products Inc.,2022,Type 1 - New Molecular Entity
NDA022388,N/A,N/A,N/A,2022,Type 3 - New Dosage Form and Type 4 - New Combination
BLA761215,REZVOGLAR KWIKPEN,INSULIN GLARGINE-AGLR,Eli Lilly and Company,2022,Type 2 - New Active Ingredient
BLA761310,ELAHERE,MIRVETUXIMAB SORAVTANSINE,"ImmunoGen, Inc.",2022,Type 1 - New Molecular Entity
BLA761262,SKYRIZI,RISANKIZUMAB-RZAA,AbbVie Inc.,2022,Type 3 - New Dosage Form
NDA214273,ZONISADE,ZONISAMIDE,"Azurity Pharmaceuticals, Inc.",2022,Type 3 - New Dosage Form
NDA215272,VTAMA,TAPINAROF,Organon LLC,2022,Type 1 - New Molecular Entity
NDA215429,VENLAFAXINE,VENLAFAXINE,Almatica Pharma LLC,2022,Type 2 - New Active Ingredient and Type 3 - New Dosage Form
NDA215428,CITALOPRAM,CITALOPRAM,Almatica Pharma LLC,2022,Type 2 - New Active Ingredient and Type 3 - New Dosage Form
BLA761084,FYLNETRA,PEGFILGRASTIM,Amneal Pharmaceuticals LLC,2022,Type 2 - New Active Ingredient
NDA209988,FUROSCIX,FUROSEMIDE INJECTION 80 MG/ 10 ML,scPharmaceuticals Inc.,2022,Type 3 - New Dosage Form
NDA215390,N/A,N/A,N/A,2022,Type 3 - New Dosage Form
BLA761235,VABYSMO,FARICIMAB,"Genentech, Inc.",2022,Type 1 - New Molecular Entity
NDA208088,TLANDO,TESTOSTERONE UNDECANOATE,Verity Pharmaceuticals Inc.,2022,Type 3 - New Dosage Form
NDA215430,AUVELITY,"DEXTROMETHORPHAN HYDROBROMIDE, BUPROPION HYDROCHLORIDE","Axsome Therapeutics, Inc.",2022,Type 3 - New Dosage Form and Type 4 - New Combination
BLA761234,OPDUALAG,NIVOLUMAB AND RELATLIMAB-RMBW,"E.R. Squibb & Sons, L.L.C.",2022,Type 1 - New Molecular Entity
NDA215413,TRIUMEQ PD,"ABACAVIR SULFATE, DOLUTEGRAVIR SODIUM, LAMIVUDINE",ViiV Healthcare Company,2022,Type 3 - New Dosage Form
NDA214408,N/A,N/A,N/A,2022,Type 3 - New Dosage Form
BLA761183,TZIELD,TEPLIZUMAB-MZWV,"Provention Bio, Inc.",2022,Type 1 - New Molecular Entity
NDA216285,N/A,N/A,N/A,2022,Type 3 - New Dosage Form
NDA214998,CAMZYOS,MAVACAMTEN,"Myokardia, Inc.",2022,Type 1 - New Molecular Entity
NDA215515,AMVUTTRA,VUTRISIRAN,"Alnylam Pharmaceuticals, Inc.",2022,Type 1 - New Molecular Entity
NDA216660,N/A,N/A,N/A,2022,Type 1 - New Molecular Entity
NDA215814,REZLIDHIA,OLUTASIDENIB,"Rigel Pharmaceuticals, Inc.",2022,Type 1 - New Molecular Entity
BLA761238,BRIUMVI,UBLITUXIMAB,"TG Therapeutics, Inc.",2022,Type 1 - New Molecular Entity
NDA215866,MOUNJARO,TIRZEPATIDE,Eli Lilly and Company,2022,Type 1 - New Molecular Entity
NDA216387,CALQUENCE,ACALABRUTINIB,AstraZeneca Pharmaceuticals LP,2022,Type 3 - New Dosage Form
BLA761244,SPEVIGO,SPESOLIMAB-SBZO,"Boehringer Ingelheim Pharmaceuticals, Inc.",2022,Type 1 - New Molecular Entity
NDA215000,N/A,N/A,N/A,2022,Type 2 - New Active Ingredient
NDA214985,QUVIVIQ,DARIDOREXANT,Idorsia Pharmaceuticals Ltd,2022,Type 1 - New Molecular Entity
NDA215446,RADICAVA ORS,EDARAVONE,Shionogi Inc.,2022,Type 3 - New Dosage Form
NDA214958,SOTYKTU,DEUCRAVACITINIB,"E.R. Squibb & Sons, L.L.C.",2022,Type 1 - New Molecular Entity
BLA761289,IMJUDO,TREMELIMUMAB,AstraZeneca Pharmaceuticals LP,2022,Type 1 - New Molecular Entity
BLA761164,ENJAYMO,SUTIMLIMAB-JOME,"Recordati Rare Diseases, Inc.",2022,Type 1 - New Molecular Entity
NDA216196,AQVESME,MITAPIVAT,"Agios Pharmaceuticals, Inc.",2022,Type 1 - New Molecular Entity
NDA211746,RYALTRIS,OLOPATADINE HYDROCHLORIDE AND MOMETASONE FUROATE,HIKMA SPECIALTY USA INC.,2022,Type 4 - New Combination
NDA215401,XELSTRYM,DEXTROAMPHETAMINE,"Noven Therapeutics, LLC",2022,Type 3 - New Dosage Form
NDA215039,VIJOICE,ALPELISIB,Novartis Pharmaceuticals Corporation,2022,Type 10 - New Indication Submitted as Distinct NDA - Not Consolidated
NDA215833,PLUVICTO,LUTETIUM LU 177 VIPIVOTIDE TETRAXETAN,Novartis Pharmaceuticals Corporation,2022,Type 1 - New Molecular Entity
BLA761228,KIMMTRAK,TEBENTAFUSP,Immunocore Commercial LLC,2022,Type 1 - New Molecular Entity
NDA214518,TPOXX,TECOVIRIMAT MONOHYDRATE,"SIGA Technologies, Inc.",2022,Type 3 - New Dosage Form
NDA215092,OMLONTI,OMIDENEPAG ISOPROPYL,"Ocuvex Therapeutics, Inc.",2022,Type 1 - New Molecular Entity
NDA215760,CUVRIOR,TRIENTINE TETRAHYDROCHLORIDE,Orphalan SA,2022,Type 2 - New Active Ingredient
NDA215974,SUNLENCA,LENACAPAVIR SODIUM,"Gilead Sciences, Inc.",2022,Type 1 - New Molecular Entity
NDA215152,VOQUEZNA TRIPLE PAK,"VONOPRAZAN FUMARATE, AMOXICILLIN AND CLARITHROMYCIN",Phathom Pharmaceuticals Inc.,2022,Type 1 - New Molecular Entity and Type 4 - New Combination
NDA215904,ZTALMY,GANAXOLONE,Immedica Pharma US Inc,2022,Type 1 - New Molecular Entity
BLA761263,LUNSUMIO,MOSUNETUZUMAB,"Genentech, Inc.",2022,Type 1 - New Molecular Entity
NDA215973,SUNLENCA,LENACAPAVIR SODIUM,"Gilead Sciences, Inc.",2022,Type 1 - New Molecular Entity
NDA213478,HYFTOR,SIROLIMUS,"Nobelpharma America, LLC",2022,Type 3 - New Dosage Form
BLA761192,NEXOBRID,ANACAULASE-BCDB,Vericel Corporation,2022,Type 1 - New Molecular Entity
NDA216227,IHEEZO,CHLOROPROCAINE HYDROCHLORIDE OPHTHALMIC GEL,"Harrow Eye, LLC",2022,Type 3 - New Dosage Form
NDA212304,N/A,N/A,N/A,2022,Type 3 - New Dosage Form
NDA216986,VUEWAY,GADOPICLENOL,BRACCO DIAGNOSTICS INC,2022,Type 1 - New Molecular Entity and Type 4 - New Combination
NDA213871,CIBINQO,ABROCITINIB,U.S. Pharmaceuticals,2022,Type 1 - New Molecular Entity
NDA214962,TASCENSO ODT,FINGOLIMOD LAURYL SULFATE,Cycle Pharmaceuticals Ltd,2022,Type 2 - New Active Ingredient
BLA761261,XENPOZYME,OLIPUDASE ALFA-RPCP,Genzyme Corporation,2022,Type 1 - New Molecular Entity
NDA214801,LYTGOBI,FUTIBATINIB,"TAIHO PHARMACEUTICAL CO., LTD.",2022,Type 1 - New Molecular Entity
NDA216340,KRAZATI,ADAGRASIB,"Mirati Therapeutics, Inc",2022,Type 1 - New Molecular Entity
NDA215888,VIVJOA,OTESECONAZOLE,"Mycovia Pharmaceuticals, Inc.",2022,Type 1 - New Molecular Entity
NDA204311,N/A,N/A,N/A,2023,Type 3 - New Dosage Form
BLA761240,LOQTORZI,TORIPALIMAB-TPZI,"Coherus Oncology, Inc.",2023,Type 1 - New Molecular Entity
NDA216686,FOCINVEZ,FOSAPREPITANT DIMEGLUMINE,Steriscience Specialties Private Limited,2023,Type 3 - New Dosage Form
NDA216632,CABTREO,CLINDAMYCIN PHOSPHATE/BENZOYL PEROXIDE/ADAPALENE,Bausch Health US LLC,2023,Type 4 - New Combination
NDA210136,BRIXADI,BUPRENORPHINE,Braeburn Inc.,2023,Type 3 - New Dosage Form
NDA215559,SOHONOS,PALOVAROTENE,"Ipsen Biopharmaceuticals, Inc.",2023,Type 1 - New Molecular Entity
NDA217927,COXANTO,OXAPROZIN,"SOLA Pharmaceuticals, LLC",2023,Type 3 - New Dosage Form
NDA215151,VOQUEZNA,VONOPRAZAN FUMARATE,Phathom Pharmaceuticals Inc.,2023,Type 10 - New Indication Submitted as Distinct NDA - Not Consolidated
NDA215721,ZOLPIDEM TARTRATE,ZOLPIDEM TARTRATE,Almatica Pharma LLC,2023,Type 3 - New Dosage Form
NDA216774,ALVAIZ,ELTROMBOPAG,"Teva Pharmaceuticals, Inc.",2023,Type 2 - New Active Ingredient
NDA216185,MOTPOLY XR,LACOSAMIDE,"Aucta Pharmaceuticals, Inc.",2023,Type 3 - New Dosage Form
BLA761339,VEOPOZ,POZELIMAB,"Regeneron Pharmaceuticals, Inc.",2023,Type 1 - New Molecular Entity
BLA761219,ADALIMUMAB,ADALIMUMAB-AATY,"CELLTRION USA, Inc.",2023,Type 2 - New Active Ingredient
BLA761324,EPKINLY,EPCORITAMAB-BYSP,"Genmab US, Inc.",2023,Type 1 - New Molecular Entity
NDA217110,IVRA,MELPHALAN HCL,Apotex Corp,2023,Type 3 - New Dosage Form
NDA216403,FILSPARI,SPARSENTAN,"Travere Therapeutics, Inc.",2023,Type 1 - New Molecular Entity
NDA216873,OJJAARA,MOMELOTINIB,GlaxoSmithKline LLC,2023,Type 1 - New Molecular Entity
NDA201848,HEPZATO KIT,"MELPHALAN HYDROCHLORIDE INJECTION, POWDER, LYOPHILIZED, FOR SOLUTION","Delcath Systems, Inc.",2023,Type 4 - New Combination
NDA022335,TECHNEGAS,KIT FOR THE PREPARATION OF TECHNETIUM TC 99M-LABELED CARBON INHALATION AEROSOL,Cyclomedica Australia Pty Limited,2023,Type 3 - New Dosage Form
NDA216834,ZILBRYSQ,ZILUCOPLAN,"UCB, Inc.",2023,Type 1 - New Molecular Entity
NDA215344,SUFLAVE,"POLYETHYLENE GLYCOL 3350, SODIUM SULFATE, POTASSIUM CHLORIDE, MAGNESIUM SULFATE, AND SODIUM CHLORIDE FOR ORAL SOLUTION","Braintree Laboratories, Inc.",2023,Type 4 - New Combination
NDA217660,TRIKAFTA,"ELEXACAFTOR, TEZACAFTOR, AND IVACAFTOR",Vertex Pharmaceuticals Incorporated,2023,Type 3 - New Dosage Form
BLA761151,BIMZELX,BIMEKIZUMAB,"UCB, Inc.",2023,Type 1 - New Molecular Entity and Type 4 - New Combination
NDA215830,LITFULO,RITLECITINIB,Pfizer Laboratories Div Pfizer Inc,2023,Type 1 - New Molecular Entity
BLA761278,LAMZEDE,VELMANASE ALFA-TYCV,"Chiesi USA, Inc.",2023,Type 1 - New Molecular Entity
NDA217581,XALKORI,CRIZOTINIB,Pfizer Laboratories Div Pfizer Inc,2023,Type 3 - New Dosage Form
NDA215887,QALSODY,TOFERSEN,Biogen Inc.,2023,Type 1 - New Molecular Entity
NDA217388,WAINUA,EPLONTERSEN,AstraZeneca Pharmaceuticals LP,2023,Type 1 - New Molecular Entity
NDA217188,PAXLOVID,NIRMATRELVIR AND RITONAVIR,Pfizer Laboratories Div Pfizer Inc,2023,Type 1 - New Molecular Entity
NDA218010,IDOSE TR,TRAVOPROST INTRACAMERAL,Glaukos Corporation,2023,Type 3 - New Dosage Form
NDA216993,VANFLYTA,QUIZARTINIB,Daiichi Sankyo Inc.,2023,Type 1 - New Molecular Entity
NDA215842,RIVFLOZA,NEDOSIRAN,Novo Nordisk,2023,Type 1 - New Molecular Entity
NDA216718,SKYCLARYS,OMAVELOXOLONE,Biogen,2023,Type 1 - New Molecular Entity
BLA761322,TYRUKO,NATALIZUMAB-SZTN,Sandoz Inc,2023,Type 2 - New Active Ingredient
BLA761358,ZYMFENTRA,INFLIXIMAB-DYYB,CELLTRION USA Inc.,2023,Type 3 - New Dosage Form
NDA216675,MIEBO,PERFLUOROHEXYLOCTANE,Bausch & Lomb Incorporated,2023,Type 1 - New Molecular Entity
NDA216956,VELSIPITY,ETRASIMOD,Pfizer Laboratories Div Pfizer Inc,2023,Type 1 - New Molecular Entity
NDA216386,ZAVZPRET,ZAVEGEPANT,Pfizer Laboratories Div Pfizer Inc,2023,Type 1 - New Molecular Entity
NDA021164,EXXUA,GEPIRONE,"Aytu Therapeutics, LLC",2023,Type 1 - New Molecular Entity
NDA217064,RYZUMVI,PHENTOLAMINE MESYLATE,"Oyster Point Pharma, Inc.",2023,Type 3 - New Dosage Form
NDA217242,ZORYVE,ROFLUMILAST,"Arcutis Biotherapeutics, Inc.",2023,Type 3 - New Dosage Form and Type 4 - New Combination
NDA218550,ROZLYTREK,ENTRECTINIB,"Genentech, Inc.",2023,Type 3 - New Dosage Form
NDA217564,FRUZAQLA,FRUQUINTINIB,"Takeda Pharmaceuticals America, Inc.",2023,Type 1 - New Molecular Entity
NDA214070,AIRSUPRA,ALBUTEROL SULFATE AND BUDESONIDE,AstraZeneca Pharmaceuticals LP,2023,Type 4 - New Combination
NDA217603,XDEMVY,LOTILANER OPHTHALMIC SOLUTION,"Tarsus Pharmaceuticals, Inc.",2023,Type 1 - New Molecular Entity
BLA761345,ELREXFIO,ELRANATAMAB-BCMM,U.S. Pharmaceuticals,2023,Type 1 - New Molecular Entity
BLA761134,RYZNEUTA,EFBEMALENOGRASTIM ALFA-VUXW,Acrotech Biopharma Inc,2023,Type 1 - New Molecular Entity
NDA217677,OGSIVEO,NIROGACESTAT,"SpringWorks Therapeutics, Inc.",2023,Type 1 - New Molecular Entity
NDA213260,ATORVALIQ,ATORVALIQ,"CMP Pharma, Inc.",2023,Type 3 - New Dosage Form
NDA209471,COMBOGESIC,ACETAMINOPHEN AND IBUPROFEN,Hikma Pharmaceuticals USA Inc,2023,Type 4 - New Combination
BLA761328,BEYFORTUS,NIRSEVIMAB,Sanofi Vaccines US Inc.,2023,Type 1 - New Molecular Entity
NDA216793,AKEEGA,NIRAPARIB TOSYLATE MONOHYDRATE AND ABIRATERONE ACETATE,"Janssen Biotech, Inc.",2023,Type 4 - New Combination
BLA761269,LEQEMBI,LECANEMAB,Eisai Inc.,2023,Type 1 - New Molecular Entity
BLA761184,NGENLA,SOMATROGON-GHLA,Pfizer Laboratories Div Pfizer Inc,2023,Type 1 - New Molecular Entity
NDA215239,AGAMREE,VAMOROLONE,"Catalyst Pharmaceuticals, Inc.",2023,Type 1 - New Molecular Entity
NDA217026,DAYBUE,TROFINETIDE,Acadia Pharmaceuticals Inc.,2023,Type 1 - New Molecular Entity
NDA216354,AUSTEDO XR,DEUTETRABENAZINE,"Teva Neuroscience, Inc.",2023,Type 3 - New Dosage Form
NDA217729,BOSULIF,BOSUTINIB,Pfizer Laboratories Div Pfizer Inc,2023,Type 3 - New Dosage Form
NDA218276,FABHALTA,IPTACOPAN,Novartis Pharmaceuticals Corporation,2023,Type 1 - New Molecular Entity
BLA761309,COLUMVI,GLOFITAMAB,"Genentech, Inc.",2023,Type 1 - New Molecular Entity
BLA761161,ELFABRIO,PEGUNIGALSIDASE ALFA,"Chiesi USA, Inc.",2023,Type 1 - New Molecular Entity
NDA214520,DEFENCATH,TAUROLIDINE AND HEPARIN,CorMedix Inc.,2023,Type 1 - New Molecular Entity and Type 4 - New Combination
NDA212849,RYKINDO EXTENDED-RELEASE MICROSPHERES,RISPERIDONE,"Shandong Luye Pharmaceutical Co., Ltd.",2023,Type 3 - New Dosage Form
NDA216974,XACDURO,SULBACTAM AND DURLOBACTAM,La Jolla Pharmaceutical Company,2023,Type 1 - New Molecular Entity and Type 4 - New Combination
NDA217639,ORSERDU,ELACESTRANT,"Stemline Therapeutics, Inc.",2023,Type 1 - New Molecular Entity
NDA217171,SYFOVRE,PEGCETACOPLAN,"Apellis Pharmaceuticals, Inc.",2023,Type 3 - New Dosage Form
BLA761349,COSENTYX,SECUKINUMAB,Novartis Pharmaceuticals Corporation,2023,Type 3 - New Dosage Form
NDA214876,ZEJULA,NIRAPARIB,GlaxoSmithKline LLC,2023,Type 3 - New Dosage Form
NDA216203,INPEFA,SOTAGLIFLOZIN,"Lexicon Pharmaceuticals, Inc.",2023,Type 1 - New Molecular Entity
BLA761279,OMVOH,MIRIKIZUMAB-MRKZ,Eli Lilly and Company,2023,Type 1 - New Molecular Entity
NDA216951,JESDUVROQ,DAPRODUSTAT,GlaxoSmithKline LLC,2023,Type 1 - New Molecular Entity
NDA211566,SITAGLIPTIN,SITAGLIPTIN,Zydus Lifesciences Limited,2023,Type 2 - New Active Ingredient
NDA216578,VEOZAH,FEZOLINETANT,"Astellas Pharma US, Inc.",2023,Type 1 - New Molecular Entity
BLA761334,ZYNYZ,RETIFANLIMAB-DLWR,Incyte Corporation,2023,Type 1 - New Molecular Entity
BLA761286,RYSTIGGO,ROZANOLIXIZUMAB,"UCB, Inc.",2023,Type 1 - New Molecular Entity
BLA761342,TALVEY,TALQUETAMAB,"Janssen Biotech, Inc.",2023,Type 1 - New Molecular Entity
NDA217806,ZEPBOUND,TIRZEPATIDE,Eli Lilly and Company,2023,Type 10 - New Indication Submitted as Distinct NDA - Not Consolidated
NDA217836,QLOSI,PILOCARPINE HYDROCHLORIDE,"Orasis Pharmaceuticals, Inc.",2023,Type 3 - New Dosage Form
NDA217225,IZERVAY,AVACINCAPTAD PEGOL,"Astellas Pharma US, Inc.",2023,Type 1 - New Molecular Entity
BLA761204,POMBILITI ATGA,CIPAGLUCOSIDASE ALFA-ATGA,"AMICUS THERAPEUTICS US, LLC",2023,Type 1 - New Molecular Entity
NDA217159,APHEXDA,MOTIXAFORTIDE,Gamida Cell Inc.,2023,Type 1 - New Molecular Entity
NDA217417,REZZAYO,REZAFUNGIN,"Melinta Therapeutics, LLC",2023,Type 1 - New Molecular Entity
NDA217006,ABILIFY ASIMTUFII,ARIPIPRAZOLE,"Otsuka America Pharmaceutical, Inc",2023,Type 3 - New Dosage Form
NDA217470,OPVEE,NALMEFENE HYDROCHLORIDE,Indivior Inc.,2023,Type 3 - New Dosage Form
NDA205394,RIZAFILM,RIZATRIPTAN BENZOATE,Gensco Laboratories LLC,2023,Type 3 - New Dosage Form
NDA215064,FILSUVEZ,BIRCH TRITERPENES,Amryt Pharmaceuticals DAC,2023,Type 1 - New Molecular Entity
NDA217933,AURLUMYN,ILOPROST,BTG International Inc,2024,Type 3 - New Dosage Form
BLA761306,EBGLYSS,LEBRIKIZUMAB-LBKZ,Eli Lilly and Company,2024,Type 1 - New Molecular Entity
BLA761336,ANKTIVA,NOGAPENDEKIN ALFA INBAKICEPT-PMLN,"Altor BioScience, LLC, an indirect wholly-owned subsidiary of ImmunityBio, Inc.",2024,Type 1 - New Molecular Entity
BLA761333,BKEMV,ECULIZUMAB-AEEB,Amgen Inc,2024,Type 2 - New Active Ingredient
NDA216017,N/A,N/A,N/A,2024,Type 1 - New Molecular Entity
NDA218944,REVUFORJ,REVUMENIB,"Syndax Pharmaceuticals, Inc.",2024,Type 1 - New Molecular Entity
BLA761338,STEQEYMA,USTEKINUMAB-STBA,"CELLTRION USA, Inc.",2024,Type 2 - New Active Ingredient
NDA216165,N/A,N/A,N/A,2024,Type 1 - New Molecular Entity and Type 4 - New Combination
NDA216016,IOMERVU,IOMEPROL INJECTION,BRACCO DIAGNOSTICS INC,2024,Type 1 - New Molecular Entity
NDA216655,OPIPZA,ARIPIPRAZOLE,"Carwin Pharmaceutical Associates, LLC",2024,Type 3 - New Dosage Form
BLA761315,ALHEMO,CONCIZUMAB,Novo Nordisk,2024,Type 1 - New Molecular Entity
NDA213972,ORLYNVAH,SULOPENEM ETZADROXIL AND PROBENECID,ITERUM THERAPEUTICS US LIMITED,2024,Type 1 - New Molecular Entity and Type 4 - New Combination
NDA216158,COBENFY,XANOMELINE AND TROSPIUM CHLORIDE,"E.R. Squibb & Sons, L.L.C.",2024,Type 1 - New Molecular Entity
NDA218808,CRENESSITY,CRINECERFONT,"Neurocrine Biosciences, Inc.",2024,Type 1 - New Molecular Entity
NDA216984,TEPYLUTE,THIOTEPA,Shorla Oncology Inc.,2024,Type 3 - New Dosage Form
BLA761347,TECENTRIQ HYBREZA,ATEZOLIZUMAB AND HYALURONIDASE-TQJS,"Genentech, Inc.",2024,Type 3 - New Dosage Form
NDA218347,RINVOQ,UPADACITINIB,AbbVie Inc.,2024,Type 3 - New Dosage Form
NDA218171,ENSACOVE,ENSARTINIB,"Xcovery Holdings, Inc.",2024,Type 1 - New Molecular Entity
NDA218466,VIJOICE,ALPELISIB,Novartis Pharmaceuticals Corporation,2024,Type 3 - New Dosage Form
BLA761344,IMDELLTRA (AMG757),TARLATAMAB-DLLE,"Amgen, Inc",2024,Type 1 - New Molecular Entity
NDA216190,ONTRALFY,TIZANIDINE HYDROCHLORIDE,"Rosemont Pharmaceuticals, LLC",2024,Type 3 - New Dosage Form
BLA761381,OPDIVO QVANTIG,NIVOLUMAB AND HYALURONIDASE-NVHY,"E.R. Squibb & Sons, L.L.C.",2024,Type 3 - New Dosage Form
NDA219016,EDURANT PED,RILPIVIRINE HYDROCHLORIDE,"Janssen Products, LP",2024,Type 3 - New Dosage Form
NDA218527,N/A,N/A,N/A,2024,Type 3 - New Dosage Form
NDA216540,ATTRUBY,ACORAMIDIS HYDROCHLORIDE,"BridgeBio Pharma, Inc.",2024,Type 1 - New Molecular Entity
NDA216593,XROMI,HYDROXYUREA,"Nova Laboratories, Ltd.",2024,Type 3 - New Dosage Form
BLA761378,AHZANTIVE,AFLIBERCEPT-MRBB,"Valorum Biologics, LLC",2024,Type 3 - New Dosage Form
NDA217424,ZELSUVMI,BERDAZIMER,"LNHC, Inc.",2024,Type 1 - New Molecular Entity
NDA217684,VIGAFYDE,VIGABATRIN,"Upsher-Smith Laboratories, LLC",2024,Type 3 - New Dosage Form
BLA761225,LETYBO,LETIBOTULINUMTOXINA-WLBG,"Hugel, Inc.",2024,Type 1 - New Molecular Entity
NDA218037,VOYDEYA,DANICOPAN,Alexion Pharmaceuticals Inc.,2024,Type 1 - New Molecular Entity
NDA218730,ALYFTREK,"VANZACAFTOR, TEZACAFTOR, AND DEUTIVACAFTOR",Vertex Pharmaceuticals Incorporated,2024,Type 1 - New Molecular Entity
NDA210661,AXTLE,PEMETREXED,"Avyxa Pharma, LLC",2024,Type 2 - New Active Ingredient
NDA217389,OHTUVAYRE,ENSIFENTRINE,MERCK SHARP & DOHME LLC,2024,Type 1 - New Molecular Entity
BLA761371,OCREVUS ZUNOVO,OCRELIZUMAB AND HYALURONIDASE,"Genentech, Inc.",2024,Type 3 - New Dosage Form
NDA218390,INGREZZA SPRINKLE,VALBENAZINE,"Neurocrine Biosciences, Inc.",2024,Type 3 - New Dosage Form
NDA217700,OJEMDA,TOVORAFENIB,"Day One Biopharmaceuticals, Inc.",2024,Type 1 - New Molecular Entity
NDA218591,ENTRESTO,SACUBITRIL AND VALSARTAN,Novartis Pharmaceuticals Corporation,2024,Type 3 - New Dosage Form
NDA215040,N/A,N/A,N/A,2024,Type 2 - New Active Ingredient and Type 3 - New Dosage Form
NDA217645,ONYDA XR,CLONIDINE HYDROCHLORIDE,"NextWave Pharmaceuticals, Inc",2024,Type 3 - New Dosage Form
NDA214927,MIPLYFFA,ARIMOCLOMOL CITRATE,Acer Therapeutics Inc.,2024,Type 1 - New Molecular Entity
NDA218139,TEZRULY,TERAZOSIN,"ANI Pharmaceuticals, Inc.",2024,Type 3 - New Dosage Form
NDA218549,ZUNVEYL,BENZGALANTAMINE,"Alpha Cognition, Inc.",2024,Type 2 - New Active Ingredient and Type 3 - New Dosage Form
NDA217512,PANTOPRAZOLE SODIUM,PANTOPRAZOLE SODIUM IN 0.9% SODIUM CHLORIDE,Baxter Healthcare Corporation,2024,Type 3 - New Dosage Form
NDA214697,NEFFY,EPINEPHRINE,"ARS Pharmaceuticals Operations, Inc.",2024,Type 3 - New Dosage Form
NDA214835,N/A,N/A,N/A,2024,Type 3 - New Dosage Form
BLA761388,PIASKY,CROVALIMAB,"Genentech, Inc.",2024,Type 1 - New Molecular Entity
NDA214511,LUMISIGHT,PEGULICIANINE,"Lumicell, Inc.",2024,Type 1 - New Molecular Entity
NDA217186,CREXONT,CARBIDOPA AND LEVODOPA,Amneal Pharmaceuticals LLC,2024,Type 3 - New Dosage Form
NDA218033,OJEMDA,TOVORAFENIB,"Day One Biopharmaceuticals, Inc.",2024,Type 3 - New Dosage Form
NDA218614,TRYNGOLZA,OLEZARSEN SODIUM,"Ionis Pharmaceuticals, Inc.",2024,Type 1 - New Molecular Entity
NDA217686,TRYVIO,APROCITENTAN,Idorsia Pharmaceuticals Ltd,2024,Type 1 - New Molecular Entity
BLA761390,NEMLUVIO,NEMOLIZUMAB-ILTO,"Galderma Laboratories, L.P.",2024,Type 1 - New Molecular Entity
BLA761391,N/A,N/A,N/A,2024,Type 1 - New Molecular Entity
NDA217900,LEQSELVI,DEURUXOLITINIB PHOSPHATE,"Sun Pharmaceutical Industries, Inc.",2024,Type 1 - New Molecular Entity
BLA761248,KISUNLA,DONANEMAB-AZBT,Eli Lilly and Company,2024,Type 1 - New Molecular Entity and Type 4 - New Combination
NDA218637,RALDESY TM,TRAZODONE HYDROCHLORIDE ORAL,Validus Pharmaceuticals LLC,2024,Type 3 - New Dosage Form
NDA219293,DANZITEN,NILOTINIB,"Azurity Pharmaceuticals, Inc.",2024,Type 3 - New Dosage Form
BLA761411,NIKTIMVO,AXATILIMAB-CSFR,Incyte Corporation,2024,Type 1 - New Molecular Entity
BLA761373,USTEKINUMAB-TTWE,USTEKINUMAB-TTWE,Quallent Pharmaceuticals Health LLC,2024,Type 2 - New Active Ingredient
NDA218160,RETEVMO,SELPERCATINIB,Eli Lilly and Company,2024,Type 3 - New Dosage Form
BLA761350,N/A,N/A,N/A,2024,Type 3 - New Dosage Form
BLA761352,BIZENGRI,ZENOCUTUZUMAB,"Merus US, Inc.",2024,Type 1 - New Molecular Entity
NDA219008,LAZCLUZE,LAZERTINIB,"Janssen Biotech, Inc.",2024,Type 1 - New Molecular Entity
NDA217899,LIVDELZI,SELADELPAR LYSINE,"Gilead Sciences, Inc",2024,Type 1 - New Molecular Entity
NDA216962,VYALEV,FOSCARBIDOPA/FOSLEVODOPA,AbbVie Inc.,2024,Type 3 - New Dosage Form and Type 4 - New Combination
NDA218784,VORANIGO,VORASIDENIB,Servier Pharmaceuticals LLC,2024,Type 1 - New Molecular Entity
NDA217865,DUVYZAT,GIVINOSTAT,Italfarmaco SPA,2024,Type 1 - New Molecular Entity
BLA761406,YESINTEK,USTEKINUMAB,Biocon Biologics Inc.,2024,Type 2 - New Active Ingredient
BLA761232,N/A,N/A,N/A,2024,Type 1 - New Molecular Entity
NDA218820,CRENESSITY,CRINECERFONT,"Neurocrine Biosciences, Inc.",2024,Type 3 - New Dosage Form
NDA218490,OPSYNVI,MACITENTAN AND TADALAFIL,"Actelion Pharmaceuticals US, Inc.",2024,Type 4 - New Combination
BLA761369,HYMPAVZI,MARSTACIMAB-HNCQ,Pfizer Laboratories Div Pfizer Inc,2024,Type 1 - New Molecular Entity
NDA218590,ZURNAI,NALMEFENE HYDROCHLORIDE,Knoa Pharma LLC,2024,Type 3 - New Dosage Form
BLA761363,WINREVAIR,SOTATERCEPT-CSRK,Merck Sharp & Dohme LLC,2024,Type 1 - New Molecular Entity
NDA218275,ZEVTERA,CEFTOBIPROLE MEDOCARIL SODIUM,La Jolla Pharmaceutical Company,2024,Type 1 - New Molecular Entity
NDA217202,RAPIBLYK,LANDIOLOL,AOP Orphan Pharmaceuticals GmbH,2024,Type 1 - New Molecular Entity
NDA219104,PREVYMIS,LETERMOVIR,Merck Sharp & Dohme LLC,2024,Type 3 - New Dosage Form
BLA761364,IMULDOSA,USTEKINUMAB-SRLF,Accord BioPharma Inc.,2024,Type 2 - New Active Ingredient
BLA761297,UNLOXCYT,COSIBELIMAB,"Sun Pharmaceutical Industries, Inc.",2024,Type 1 - New Molecular Entity
BLA761365,VYLOY,ZOLBETUXIMAB,"Astellas Pharma US, Inc.",2024,Type 1 - New Molecular Entity
NDA219097,IMKELDI,IMATINIB ORAL,"Shorla Oncology Inc.,",2024,Type 3 - New Dosage Form
NDA213976,EOHILIA,BUDESONIDE,"TAKEDA PHARMACEUTICALS AMERICA, INC.",2024,Type 3 - New Dosage Form
NDA219132,AQNEURSA,LEVACETYLLEUCINE,IntraBio Inc,2024,Type 1 - New Molecular Entity
NDA218860,IQIRVO,ELAFIBRANOR,"Ipsen Biopharmaceuticals, Inc.",2024,Type 1 - New Molecular Entity
BLA761416,ZIIHERA,ZANIDATAMAB-HRII,"Jazz Pharmaceuticals, Inc.",2024,Type 1 - New Molecular Entity
BLA761255,IDACIO,ADALIMUMAB-AACF,"Fresenius Kabi USA, LLC",2024,Type 2 - New Active Ingredient
NDA217785,REZDIFFRA,RESMETIROM,"Madrigal Pharmaceuticals, Inc.",2024,Type 1 - New Molecular Entity
NDA217628,CLOTIC (CLOTRIMAZOLE) OTIC SOLUTION,CLOTRIMAZOLE,"Carwin Pharmaceutical Associates, LLC",2025,Type 3 - New Dosage Form
NDA219208,VANRAFIA,ATRASENTAN,Novartis Pharmaceuticals Corporation,2025,Type 1 - New Molecular Entity
NDA220256,JAVADIN,CLONIDINE HYDROCHLORIDE ORAL,"Azurity Pharmaceuticals, Inc.",2025,Type 3 - New Dosage Form
NDA219070,PALSONIFY,PALTUSOTINE,"Crinetics Pharmaceuticals, Inc.",2025,Type 1 - New Molecular Entity
BLA761467,KEYTRUDA QLEX,PEMBROLIZUMAB AND BERAHYALURONIDASE ALFA-PMPH,Merck Sharp & Dohme LLC,2025,Type 1 - New Molecular Entity
NDA216665,VYKAT XR,DIAZOXIDE CHOLINE,"Soleno Therapeutics, Inc.",2025,Type 2 - New Active Ingredient
NDA219285,EVRYSDI,RISDIPLAM,"Genentech, Inc.",2025,Type 3 - New Dosage Form
NDA219130,ESCITALOPRAM,ESCITALOPRAM,Almatica Pharma LLC,2025,Type 3 - New Dosage Form
NDA210858,VYBRIQUE,SILDENAFIL CITRATE,IBSA Pharma Inc.,2025,Type 3 - New Dosage Form
BLA761473,N/A,N/A,N/A,2025,Type 2 - New Active Ingredient
NDA219304,ROMVIMZA,VIMSELTINIB,"Deciphera Pharmaceuticals, LLC",2025,Type 1 - New Molecular Entity
BLA761400,LYNOZYFIC,LINVOSELTAMAB-GCPT,"Regeneron Pharmaceuticals, Inc.",2025,Type 1 - New Molecular Entity
NDA218643,CYKLX,ARTICAINE HYDROCHLORIDE,"American Genomics, LLC",2025,Type 3 - New Dosage Form and Type 4 - New Combination
NDA217673,BRINSUPRI,BRENSOCATIB,Insmed Incorporated,2025,Type 1 - New Molecular Entity
NDA219776,ORLADEYO,BEROTRALSTAT HYDROCHLORIDE,"BioCryst Pharmaceuticals, Inc.",2025,Type 3 - New Dosage Form
BLA761440,BLENREP,BELANTAMAB MAFODOTIN,GlaxoSmithKline LLC,2025,Type 2 - New Active Ingredient
NDA219757,N/A,N/A,N/A,2025,Type 3 - New Dosage Form
NDA219531,SDAMLO,AMLODIPINE,"Pangea Pharmaceuticals, LLC",2025,Type 3 - New Dosage Form
NDA220305,KOMZIFTI,ZIFTOMENIB,"Kura Oncology, Inc.",2025,Type 1 - New Molecular Entity
NDA218585,VIZZ,ACECLIDINE,"LENZ Therapeutics, Inc.",2025,Type 1 - New Molecular Entity
NDA219428,TONMYA,CYCLOBENZAPRINE HYDROCHLORIDE,"Tonix Medicines, Inc.",2025,Type 3 - New Dosage Form
NDA218785,BRUKINSA,ZANUBRUTINIB,"BeOne Medicines USA, Inc.",2025,Type 3 - New Dosage Form
BLA761434,VOYXACT,SIBEPRENLIMAB,"Otsuka America Pharmaceutical, Inc.",2025,Type 1 - New Molecular Entity
NDA219884,DAYBUE STIX,TROFINETIDE,Acadia Pharmaceuticals Inc.,2025,Type 3 - New Dosage Form
NDA219301,EKTERLY,SEBETRALSTAT,KalVista Pharmaceuticals Ltd,2025,Type 1 - New Molecular Entity
NDA217901,ATZUMI,DIHYDROERGOTAMINE MESYLATE,"Satsuma Pharmaceuticals, Inc.",2025,Type 3 - New Dosage Form
BLA761430,IMAAVY,NIPOCALIMAB-AAHU,"Janssen Biotech, Inc.",2025,Type 1 - New Molecular Entity
NDA219713,IBTROZI,TALETRECTINIB,Nuvation Bio Inc.,2025,Type 1 - New Molecular Entity
BLA761152,YARTEMLEA,NARSOPLIMAB,Omeros Corporation,2025,Type 1 - New Molecular Entity
BLA761432,ENFLONSIA,CLESROVIMAB,Merck Sharp & Dohme LLC,2025,Type 1 - New Molecular Entity
NDA218571,CARDAMYST,ETRIPAMIL,"Milestone Pharmaceuticals USA, Inc.",2025,Type 1 - New Molecular Entity
BLA761425,USTEKINUMAB-TTWE,USTEKINUMAB-TTWE,Quallent Pharmaceuticals Health LLC,2025,Type 3 - New Dosage Form
NDA219122,BRYNOVIN,SITAGLIPTIN HYDROCHLORIDE ORAL,"Azurity Pharmaceuticals, Inc.",2025,Type 3 - New Dosage Form
BLA761427,LEROCHOL,LERODALCIBEP-LIGA,"LIB Therapeutics, Inc.",2025,Type 1 - New Molecular Entity
BLA761458,EXDENSUR,DEPEMOKIMAB,GlaxoSmithKline LLC,2025,Type 1 - New Molecular Entity
NDA220018,YEZTUGO,LENACAPAVIR SODIUM,"Gilead Sciences, Inc.",2025,Type 10 - New Indication Submitted as Distinct NDA - Not Consolidated
BLA761419,STARJEMZA,USTEKINUMAB-HMNY,Hikma Pharmaceuticals USA Inc.,2025,Type 2 - New Active Ingredient
NDA219696,DOPTELET SPRINKLE,AVATROMBOPAG,"AkaRx, Inc.",2025,Type 3 - New Dosage Form
NDA215244,FORZINITY,ELAMIPRETIDE HYDROCHLORIDE,Stealth Biotherapeutics Inc.,2025,Type 1 - New Molecular Entity
NDA219083,MYQORZO,AFICAMTEN,Cytokinetics Inc.,2025,Type 1 - New Molecular Entity
NDA218881,INLURIYO,IMLUNESTRANT,Eli Lilly and Company,2025,Type 1 - New Molecular Entity
NDA218316,WEGOVY,SEMAGLUTIDE,"Novo Nordisk Pharmaceutical Industries, LP",2025,Type 3 - New Dosage Form
BLA761464,N/A,N/A,N/A,2025,Type 1 - New Molecular Entity
NDA220020,YEZTUGO,LENACAPAVIR SODIUM,"Gilead Sciences, Inc.",2025,Type 10 - New Indication Submitted as Distinct NDA - Not Consolidated
NDA218436,RHAPSIDO,REMIBRUTINIB,Novartis Pharmaceuticals Corporation,2025,Type 1 - New Molecular Entity
NDA219423,WIDAPLIK,"TELMISARTAN, AMLODIPINE AND INDAPAMIDE","Azurity Pharmaceuticals, Inc.",2025,Type 4 - New Combination
NDA219379,GOMEKLI,MIRDAMETINIB,"SpringWorks Therapeutics, Inc.",2025,Type 1 - New Molecular Entity
NDA219666,SEPHIENCE,SEPIAPTERIN,allphamed Pharbil Arzneimittel GmbH,2025,Type 1 - New Molecular Entity
NDA219792,KYGEVVI,DOXECITINE AND DOXRIBTIMINE,"UCB, Inc.",2025,Type 1 - New Molecular Entity
NDA219491,NUZOLVENCE,ZOLIFLODACIN,La Jolla Pharmaceutical Company,2025,Type 1 - New Molecular Entity
BLA761384,EMRELIS,TELISOTUZUMAB VEDOTIN,AbbVie Inc.,2025,Type 1 - New Molecular Entity
NDA219155,ANZUPGO,DELGOCITINIB,"LEO Pharma, Inc",2025,Type 1 - New Molecular Entity
NDA219042,HERNEXEOS,ZONGERTINIB,"Boehringer Ingelheim Pharmaceuticals, Inc.",2025,Type 1 - New Molecular Entity
NDA219389,GOMEKLI,MIRDAMETINIB,"SpringWorks Therapeutics, Inc.",2025,Type 3 - New Dosage Form
NDA219839,N/A,N/A,N/A,2025,Type 1 - New Molecular Entity
NDA218922,NILOTINIB,NILOTINIB,Cipla USA Inc.,2025,Type 3 - New Dosage Form
NDA218772,ARBLI,LOSARTAN POTASSIUM,Scienture LLC,2025,Type 3 - New Dosage Form
BLA761377,N/A,N/A,N/A,2025,Type 3 - New Dosage Form
NDA219868,FERABRIGHT,FERUMOXYTOL,"Azurity Pharmaceuticals, Inc.",2025,Type 10 - New Indication Submitted as Distinct NDA - Not Consolidated
NDA219019,QFITLIA,FITUSIRAN,Genzyme Corporation,2025,Type 1 - New Molecular Entity
BLA761367,ANDEMBRY,GARADACIMAB,CSL,2025,Type 1 - New Molecular Entity
NDA219847,ARYNTA,LISDEXAMFETAMINE DIMESYLATE ORAL,"Azurity Pharmaceuticals, Inc.",2025,Type 3 - New Dosage Form
NDA217294,LASIX ONYU,FUROSEMIDE,"SQ Innovation, Inc.",2025,Type 3 - New Dosage Form
NDA219616,AVMAPKI FAKZYNJA CO-PACK,AVUTOMETINIB POTASSIUM AND DEFACTINIB HYDROCHLORIDE,Verastem Inc.,2025,Type 1 - New Molecular Entity
NDA215431,SYMBRAVO,"MELOXICAM, RIZATRIPTAN","Axsome Therapeutics, Inc.",2025,Type 4 - New Combination
NDA219407,DAWNZERA,DONIDALORSEN,Ionis Pharmaceuticals Inc.,2025,Type 1 - New Molecular Entity
NDA219500,ENBUMYST,BUMETANIDE,Corstasis USA LLC,2025,Type 3 - New Dosage Form
NDA218647,HEMICLOR,CHLORTHALIDONE,"Ingenus Pharmaceuticals, LLC",2025,Type 3 - New Dosage Form
NDA215793,ZUSDURI,MITOMYCIN,"UroGen Pharma, Inc",2025,Type 3 - New Dosage Form
NDA218230,BLUJEPA,GEPOTIDACIN,GlaxoSmithKline LLC,2025,Type 1 - New Molecular Entity
NDA212271,CONTEPO,FOSFOMYCIN DISODIUM,Meitheal Pharmaceuticals Inc.,2025,Type 2 - New Active Ingredient
NDA218980,KHINDIVI,HYDROCORTISONE,"Eton Pharmaceuticals, Inc.",2025,Type 3 - New Dosage Form
NDA211448,N/A,N/A,N/A,2025,Type 3 - New Dosage Form
NDA211759,VYSCOXA,CELECOXIB,"Carwin Pharmaceutical Associates, LLC",2025,Type 3 - New Dosage Form
NDA219485,LIVMARLI,MARALIXIBAT CHLORIDE,Mirum Pharmaceuticals Inc.,2025,Type 3 - New Dosage Form
NDA220152,NEREUS,TRADIPITANT,Vanda Pharmaceuticals Inc.,2025,Type 1 - New Molecular Entity
NDA217307,ZOLYMBUS,BIMATOPROST,Thea Pharma Inc.,2025,Type 3 - New Dosage Form
BLA761394,DATROWAY,DATOPOTAMAB DERUXTECAN,Daiichi Sankyo Inc.,2025,Type 1 - New Molecular Entity
NDA218879,SUBVENITE,LAMOTRIGINE,"OWP Pharmaceuticals, Inc.",2025,Type 3 - New Dosage Form
NDA219141,INZIRQO,HYDROCHLOROTHIAZIDE,"ANI Pharmaceuticals, Inc.",2025,Type 3 - New Dosage Form
NDA217906,EMBLAVEO,AZTREONAM AND AVIBACTAM,AbbVie Inc.,2025,Type 4 - New Combination
NDA219876,MODEYSO,DORDAVIPRONE,"Jazz Pharmaceuticals, Inc.",2025,Type 1 - New Molecular Entity
NDA219683,INLEXZO,GEMCITABINE INTRAVESICAL,"Janssen Biotech, Inc",2025,Type 3 - New Dosage Form
NDA218764,JASCAYD,NERANDOMILAST,"Boehringer Ingelheim Pharmaceuticals, Inc.",2025,Type 1 - New Molecular Entity
NDA219373,LOPRESSOR,METOPROLOL TARTRATE,VALIDUS PHARMACEUTICALS LLC,2025,Type 3 - New Dosage Form
NDA220073,N/A,N/A,N/A,2025,Type 3 - New Dosage Form
NDA219685,WAYRILZ,RILZABRUTINIB,Genzyme Corporation,2025,Type 1 - New Molecular Entity
NDA219469,LYNKUET,ELINZANETANT,Bayer HealthCare Pharmaceuticals Inc.,2025,Type 1 - New Molecular Entity
BLA761258,PENPULIMAB KCQX,PENPULIMAB,"Akeso Biopharma, Co., Ltd",2025,Type 1 - New Molecular Entity
NDA220358,N/A,N/A,N/A,2026,Type 1 - New Molecular Entity
BLA761468,HEPCLUDEX,BULEVIRTIDE,"Gilead Sciences, Inc.",2026,Type 1 - New Molecular Entity
NDA220934,FOUNDAYO,ORFORGLIPRON,Eli Lilly and Company,2026,Type 1 - New Molecular Entity
BLA761326,AWIQLI,INSULIN ICODEC-ABAE,Novo Nordisk,2026,Type 1 - New Molecular Entity
NDA219474,ADQUEY,DIFAMILAST,Acrotech Biopharma Inc,2026,Type 1 - New Molecular Entity
NDA219878,BAXFENDY,BAXDROSTAT,AstraZeneca Pharmaceuticals LP,2026,Type 1 - New Molecular Entity
NDA220295,N/A,N/A,N/A,2026,Type 1 - New Molecular Entity
NDA220442,N/A,N/A,N/A,2026,Type 1 - New Molecular Entity
BLA761211,LOARGYS,PEGZILARGINASE-NBLN,Immedica Pharma US Inc.,2026,Type 1 - New Molecular Entity
NDA219164,YUVIWEL,NAVEPEGRITIDE,"Ascendis Pharma Endocrinology, Inc.",2026,Type 1 - New Molecular Entity
NDA220149,ICOTYDE,ICOTROKINRA,"Janssen Biotech, Inc.",2026,Type 1 - New Molecular Entity
NDA220641,LIFYORLI,RELACORILANT,Corcept Therapeutics Incorporated,2026,Type 1 - New Molecular Entity
NDA216395,QUIOFIC,FOLIC ACID,"Solubiomix, LLC",2026,Type 3 - New Dosage Form
NDA220142,YUVEZZI,CARBACHOL AND BRIMONIDINE TARTRATE,"Visus Therapeutics, Inc.",2026,Type 3 - New Dosage Form and Type 4 - New Combination
BLA761460,DECNUPAZ,PIVEKIMAB SUNIRINE-PVZY,AbbVie Inc.,2026,Type 1 - New Molecular Entity
NDA220200,AVOPEF,ETOPOSIDE,"Avyxa Pharma, LLC",2026,Type 3 - New Dosage Form
NDA220092,N/A,N/A,N/A,2026,Type 3 - New Dosage Form
NDA219873,DESMODA,DESMOPRESSIN ACETATE ORAL SOLUTION,"Eton Pharmaceuticals, Inc.",2026,Type 3 - New Dosage Form
NDA219622,N/A,N/A,N/A,2026,Type 4 - New Combination
NDA216964,IDVYNSO,"DORAVIRINE, ISLATRAVIR",Merck Sharp & Dohme LLC,2026,Type 1 - New Molecular Entity and Type 4 - New Combination
NDA220482,N/A,N/A,N/A,2026,Type 1 - New Molecular Entity
NDA220711,N/A,N/A,N/A,2026,Type 1 - New Molecular Entity
BLA761485,AVLAYAH,TIVIDENOFUSP ALFA-EKNM,Denali Therapeutics Inc.,2026,Type 1 - New Molecular Entity
NDA220787,N/A,N/A,N/A,2026,Type 1 - New Molecular Entity and Type 4 - New Combination
NDA220320,ATOMOXETINE HYDROCHLORIDE,ATOMOXETINE HYDROCHLORIDE,Advagen Pharma Ltd.,2026,Type 3 - New Dosage Form
NDA211241,ZYCUBO,COPPER HISTIDINATE,"Sentynl Therapeutics, Inc.",2026,Type 1 - New Molecular Entity
NDA219835,VEPPANU,VEPDEGESTRANT,"Arvinas Operations, Inc.",2026,Type 1 - New Molecular Entity
BLA761480,N/A,N/A,N/A,2026,Type 2 - New Active Ingredient
