application_number,brand_name,generic_name,company,approval_year,submission_class
NDA004782,CONJUGATED ESTROGENS,"ESTROGENS, CONJUGATED",Prasco Laboratories,1942,Type 1 - New Molecular Entity
NDA005010,N/A,N/A,N/A,1942,Type 1 - New Molecular Entity
NDA005213,HYDROCODONE BITARTRATE AND HOMATROPINE METHYLBROMIDE,HYDROCODONE BITARTRATE AND HOMATROPINE METHYLBROMIDE,Genus Lifesciences Inc.,1943,Type 1 - New Molecular Entity
NDA005845,N/A,N/A,N/A,1946,Type 1 - New Molecular Entity
NDA005970,N/A,N/A,N/A,1946,Type 1 - New Molecular Entity
NDA005914,N/A,N/A,N/A,1948,Type 1 - New Molecular Entity
NDA006412,N/A,N/A,N/A,1948,Type 1 - New Molecular Entity
NDA006695,N/A,N/A,N/A,1949,Type 1 - New Molecular Entity
NDA006632,N/A,N/A,N/A,1949,Type 1 - New Molecular Entity
NDA007073,AZULFIDINE EN-TABS,SULFASALAZINE,Pfizer Laboratories Div Pfizer Inc,1950,Type 1 - New Molecular Entity
NDA007335,N/A,N/A,N/A,1950,Type 1 - New Molecular Entity
NDA007513,LEVOPHED,NOREPINEPHRINE BITARTRATE,"Hospira, Inc.",1950,Type 1 - New Molecular Entity
NDA007409,N/A,N/A,N/A,1950,Type 1 - New Molecular Entity
NDA007504,N/A,N/A,N/A,1950,Type 1 - New Molecular Entity
NDA007517,N/A,N/A,N/A,1950,Type 1 - New Molecular Entity
NDA007390,N/A,N/A,N/A,1951,Type 1 - New Molecular Entity
NDA007883,N/A,N/A,N/A,1951,Type 1 - New Molecular Entity
NDA007959,N/A,N/A,N/A,1951,Type 1 - New Molecular Entity
NDA008032,N/A,N/A,N/A,1951,Type 1 - New Molecular Entity
NDA007794,N/A,N/A,N/A,1951,Type 1 - New Molecular Entity
NDA008453,ANECTINE,SUCCINYLCHOLINE CHLORIDE,Sandoz Inc,1952,Type 1 - New Molecular Entity
NDA008278,N/A,N/A,N/A,1952,Type 1 - New Molecular Entity
NDA008592,N/A,N/A,N/A,1952,Type 1 - New Molecular Entity and Type 4 - New Combination
NDA008107,N/A,N/A,N/A,1952,Type 1 - New Molecular Entity
NDA008855,N/A,N/A,N/A,1953,Type 1 - New Molecular Entity
NDA008693,N/A,N/A,N/A,1953,Type 1 - New Molecular Entity
NDA008565,N/A,N/A,N/A,1953,Type 1 - New Molecular Entity
NDA008085,N/A,N/A,N/A,1953,Type 1 - New Molecular Entity
NDA009087,N/A,N/A,N/A,1953,Type 1 - New Molecular Entity
NDA008303,N/A,N/A,N/A,1953,Type 1 - New Molecular Entity
NDA008883,N/A,N/A,N/A,1953,Type 1 - New Molecular Entity
NDA008951,N/A,N/A,N/A,1953,Type 1 - New Molecular Entity
NDA008943,N/A,N/A,N/A,1953,Type 1 - New Molecular Entity
NDA008732,N/A,N/A,N/A,1953,Type 1 - New Molecular Entity
NDA009053,MERCAPTOPURINE,MERCAPTOPURINE,"Florida Pharmaceutical Products, LLC",1953,Type 1 - New Molecular Entity
NDA008922,N/A,N/A,N/A,1953,Type 1 - New Molecular Entity
NDA008848,N/A,N/A,N/A,1953,Type 1 - New Molecular Entity
NDA008578,PYRIMETHAMINE,PYRIMETHAMINE,"OAKRUM PHARMA, LLC",1953,Type 1 - New Molecular Entity
NDA008708,N/A,N/A,N/A,1953,Type 1 - New Molecular Entity
NDA009561,N/A,N/A,N/A,1954,Type 1 - New Molecular Entity
NDA009330,LANOXIN,DIGOXIN,"Covis Pharma US, Inc",1954,Type 1 - New Molecular Entity
NDA009489,N/A,N/A,N/A,1954,Type 1 - New Molecular Entity
NDA009170,MYSOLINE,PRIMIDONE,"Bausch Health US, LLC",1954,Type 1 - New Molecular Entity
NDA008983,N/A,N/A,N/A,1954,Type 1 - New Molecular Entity
NDA009386,MYLERAN,BUSULFAN,Waylis Therapeutics LLC,1954,Type 1 - New Molecular Entity
NDA009190,LIPIODOL,ETHIODIZED OIL,Guerbet LLC,1954,Type 1 - New Molecular Entity
NDA009410,N/A,N/A,N/A,1954,Type 1 - New Molecular Entity
NDA009218,N/A,N/A,N/A,1954,Type 1 - New Molecular Entity
NDA009193,N/A,N/A,N/A,1954,Type 1 - New Molecular Entity
NDA007600,N/A,N/A,N/A,1954,Type 1 - New Molecular Entity
NDA009048,N/A,N/A,N/A,1954,Type 1 - New Molecular Entity
NDA009660,N/A,N/A,N/A,1955,Type 1 - New Molecular Entity
NDA009768,PLAQUENIL,HYDROXYCHLOROQUINE SULFATE,Advanz Pharma (US) Corp.,1955,Type 1 - New Molecular Entity
NDA010028,N/A,N/A,N/A,1955,Type 1 - New Molecular Entity
NDA009987,N/A,N/A,N/A,1955,Type 1 - New Molecular Entity
NDA009766,N/A,N/A,N/A,1955,Type 1 - New Molecular Entity
NDA009435,NESACAINE,CHLOROPROCAINE HYDROCHLORIDE,"Fresenius Kabi USA, LLC",1955,Type 1 - New Molecular Entity
NDA009750,N/A,N/A,N/A,1955,Type 1 - New Molecular Entity
NDA010611,N/A,N/A,N/A,1956,Type 1 - New Molecular Entity
NDA010155,N/A,N/A,N/A,1956,Type 1 - New Molecular Entity
NDA010679,N/A,N/A,N/A,1956,Type 1 - New Molecular Entity
NDA010379,CYTOMEL,LIOTHYRONINE SODIUM,Pfizer Laboratories Div Pfizer Inc,1956,Type 1 - New Molecular Entity
NDA010392,N/A,N/A,N/A,1956,Type 1 - New Molecular Entity
NDA010251,N/A,N/A,N/A,1956,Type 1 - New Molecular Entity
NDA010554,N/A,N/A,N/A,1956,Type 1 - New Molecular Entity
NDA010423,N/A,N/A,N/A,1956,Type 1 - New Molecular Entity
NDA010349,N/A,N/A,N/A,1956,Type 1 - New Molecular Entity
NDA010571,N/A,N/A,N/A,1956,Type 1 - New Molecular Entity
NDA010585,N/A,N/A,N/A,1957,Type 1 - New Molecular Entity
NDA010997,N/A,N/A,N/A,1957,Type 1 - New Molecular Entity
NDA009519,N/A,N/A,N/A,1957,Type 1 - New Molecular Entity
NDA010775,N/A,N/A,N/A,1957,Type 1 - New Molecular Entity
NDA009149,N/A,N/A,N/A,1957,Type 1 - New Molecular Entity
NDA010796,N/A,N/A,N/A,1957,Type 1 - New Molecular Entity
NDA010841,N/A,N/A,N/A,1957,Type 1 - New Molecular Entity
NDA010669,LEUKERAN,CHLORAMBUCIL,Waylis Therapeutics LLC,1957,Type 1 - New Molecular Entity
NDA011123,N/A,N/A,N/A,1957,Type 1 - New Molecular Entity
NDA010909,N/A,N/A,N/A,1957,Type 1 - New Molecular Entity
NDA011153,MEDROL,METHYLPREDNISOLONE,Pharmacia & Upjohn Company LLC,1957,Type 1 - New Molecular Entity
NDA010596,CELONTIN,METHSUXIMIDE,Parke-Davis Div of Pfizer Inc,1957,Type 1 - New Molecular Entity
NDA010670,N/A,N/A,N/A,1957,Type 1 - New Molecular Entity
NDA010653,N/A,N/A,N/A,1957,Type 1 - New Molecular Entity
NDA011161,N/A,N/A,N/A,1957,Type 1 - New Molecular Entity
NDA010599,N/A,N/A,N/A,1957,Type 1 - New Molecular Entity
NDA011340,N/A,N/A,N/A,1958,Type 1 - New Molecular Entity
NDA011641,N/A,N/A,N/A,1958,Type 1 - New Molecular Entity
NDA011210,N/A,N/A,N/A,1958,Type 1 - New Molecular Entity
NDA011664,N/A,N/A,N/A,1958,Type 1 - New Molecular Entity
NDA011366,KEVEYIS,DICHLORPHENAMIDE,"Xeris Pharmaceuticals, Inc.",1958,Type 1 - New Molecular Entity
NDA011145,N/A,N/A,N/A,1958,Type 1 - New Molecular Entity
NDA011287,N/A,N/A,N/A,1958,Type 1 - New Molecular Entity
NDA011338,N/A,N/A,N/A,1958,Type 1 - New Molecular Entity
NDA011722,N/A,N/A,N/A,1959,Type 1 - New Molecular Entity
NDA011792,SOMA,CARISOPRODOL,Viatris Specialty LLC,1959,Type 1 - New Molecular Entity
NDA011839,MEDROXYPROGESTERONE ACETATE,MEDROXYPROGESTERONE ACETATE,Mylan Pharmaceuticals Inc.,1959,Type 1 - New Molecular Entity
NDA011793,N/A,N/A,N/A,1959,Type 1 - New Molecular Entity
NDA012093,ISOSORBIDE DINITRATE,ISOSORBIDE DINITRATE,Oceanside Pharmaceuticals,1959,Type 1 - New Molecular Entity
NDA011556,N/A,N/A,N/A,1959,Type 1 - New Molecular Entity
NDA012034,N/A,N/A,N/A,1959,Type 1 - New Molecular Entity
NDA011679,N/A,N/A,N/A,1959,Type 1 - New Molecular Entity
NDA011891,N/A,N/A,N/A,1959,Type 1 - New Molecular Entity
NDA012141,CYCLOPHOSPHAMIDE,CYCLOPHOSPHAMIDE,Baxter Healthcare Corporation,1959,Type 1 - New Molecular Entity
NDA011552,N/A,N/A,N/A,1959,Type 1 - New Molecular Entity
NDA011860,N/A,N/A,N/A,1959,Type 1 - New Molecular Entity
NDA011961,MARPLAN,ISOCARBOXAZID,Lifsa Drugs LLC,1959,Type 1 - New Molecular Entity
NDA011657,N/A,N/A,N/A,1959,Type 1 - New Molecular Entity
NDA011836,N/A,N/A,N/A,1959,Type 1 - New Molecular Entity
NDA011613,N/A,N/A,N/A,1959,Type 1 - New Molecular Entity
NDA011949,N/A,N/A,N/A,1959,Type 1 - New Molecular Entity
NDA011525,IC-GREEN,INDOCYANINE GREEN,Renew Pharmaceuticals Limited,1959,Type 1 - New Molecular Entity
NDA012283,N/A,N/A,N/A,1960,Type 1 - New Molecular Entity
NDA012329,N/A,N/A,N/A,1960,Type 1 - New Molecular Entity
NDA012151,ALDACTONE,SPIRONOLACTONE,Pfizer Laboratories Div Pfizer Inc,1960,Type 1 - New Molecular Entity
NDA012249,N/A,N/A,N/A,1960,Type 1 - New Molecular Entity
NDA011963,PHOSPHOLINE IODIDE,ECHOTHIOPHATE IODIDE FOR OPHTHALMIC SOLUTION,"Fera Pharmaceuticals, LLC",1960,Type 1 - New Molecular Entity
NDA012122,N/A,N/A,N/A,1960,Type 1 - New Molecular Entity
NDA012382,N/A,N/A,N/A,1960,Type 1 - New Molecular Entity
NDA011559,BREVITAL SODIUM,METHOHEXITAL SODIUM,"Par Health USA, LLC",1960,Type 1 - New Molecular Entity
NDA012542,N/A,N/A,N/A,1960,Type 1 - New Molecular Entity
NDA012265,N/A,N/A,N/A,1960,Type 1 - New Molecular Entity
NDA012111,N/A,N/A,N/A,1960,Type 1 - New Molecular Entity
NDA012380,ZARONTIN,ETHOSUXIMIDE,Parke-Davis Div of Pfizer Inc,1960,Type 1 - New Molecular Entity
NDA011467,N/A,N/A,N/A,1960,Type 1 - New Molecular Entity
NDA012427,N/A,N/A,N/A,1960,Type 1 - New Molecular Entity
NDA012845,N/A,N/A,N/A,1961,Type 1 - New Molecular Entity
NDA010976,N/A,N/A,N/A,1961,Type 1 - New Molecular Entity and Type 4 - New Combination
NDA012649,N/A,N/A,N/A,1961,Type 1 - New Molecular Entity
NDA012827,GLYCOPYRROLATE,GLYCOPYRROLATE,"Rising Pharma Holdings, Inc.",1961,Type 1 - New Molecular Entity
NDA012342,TRANYLCYPROMINE SULFATE,TRANYLCYPROMINE SULFATE,"Actavis Pharma, Inc.",1961,Type 1 - New Molecular Entity
NDA012254,N/A,N/A,N/A,1961,Type 1 - New Molecular Entity
NDA012703,N/A,N/A,N/A,1961,Type 1 - New Molecular Entity
NDA012657,N/A,N/A,N/A,1961,Type 1 - New Molecular Entity
NDA012753,N/A,N/A,N/A,1961,Type 1 - New Molecular Entity
NDA012772,N/A,N/A,N/A,1961,Type 1 - New Molecular Entity
NDA012836,N/A,N/A,N/A,1961,Type 1 - New Molecular Entity
NDA011909,PHENELZINE SULFATE,PHENELZINE SULFATE,Mylan Pharmaceuticals Inc.,1961,Type 1 - New Molecular Entity
NDA012911,METOPIRONE,METYRAPONE,HRA Pharma Rare Diseases,1961,Type 1 - New Molecular Entity
NDA012516,N/A,N/A,N/A,1962,Type 1 - New Molecular Entity
NDA012209,N/A,N/A,N/A,1962,Type 1 - New Molecular Entity
NDA012892,N/A,N/A,N/A,1962,Type 1 - New Molecular Entity
NDA012486,N/A,N/A,N/A,1962,Type 1 - New Molecular Entity
NDA013056,N/A,N/A,N/A,1962,Type 1 - New Molecular Entity
NDA012967,N/A,N/A,N/A,1962,Type 1 - New Molecular Entity
NDA012885,N/A,N/A,N/A,1962,Type 1 - New Molecular Entity
NDA013400,N/A,N/A,N/A,1962,Type 1 - New Molecular Entity
NDA013295,CONRAY,IOTHALAMATE MEGLUMINE,Liebel-Flarsheim Company LLC,1962,Type 1 - New Molecular Entity
NDA013217,N/A,N/A,N/A,1962,Type 1 - New Molecular Entity
NDA011808,N/A,N/A,N/A,1962,Type 1 - New Molecular Entity
NDA013157,N/A,N/A,N/A,1963,Type 1 - New Molecular Entity
NDA012787,FLUOCINOLONE ACETONIDE,FLUOCINOLONE ACETONIDE,"ANI Pharmaceuticals, Inc.",1963,Type 1 - New Molecular Entity
NDA013601,N/A,N/A,N/A,1963,Type 1 - New Molecular Entity
NDA014103,N/A,N/A,N/A,1963,Type 1 - New Molecular Entity
NDA012623,N/A,N/A,N/A,1963,Type 1 - New Molecular Entity
NDA013935,N/A,N/A,N/A,1963,Type 1 - New Molecular Entity
NDA013263,VALIUM,DIAZEPAM,Roche Laboratories Inc.,1963,Type 1 - New Molecular Entity
NDA013264,N/A,N/A,N/A,1963,Type 1 - New Molecular Entity
NDA014691,N/A,N/A,N/A,1964,Type 1 - New Molecular Entity
NDA014005,N/A,N/A,N/A,1964,Type 1 - New Molecular Entity
NDA015197,AMINOCAPROIC ACID,AMINOCAPROIC ACID,Hikma Pharmaceuticals USA Inc.,1964,Type 1 - New Molecular Entity
NDA014684,N/A,N/A,N/A,1964,Type 1 - New Molecular Entity
NDA014214,N/A,N/A,N/A,1964,Type 1 - New Molecular Entity
NDA050682,N/A,N/A,N/A,1964,Type 1 - New Molecular Entity
NDA012697,N/A,N/A,N/A,1964,Type 1 - New Molecular Entity
NDA014134,PROTOPAM CHLORIDE,PRALIDOXIME CHLORIDE,Baxter Healthcare Corporation,1964,Type 1 - New Molecular Entity
NDA013174,TRIAMTERENE,TRIAMTERENE,Prasco Laboratories,1964,Type 1 - New Molecular Entity
NDA013378,N/A,N/A,N/A,1964,Type 1 - New Molecular Entity
NDA013025,THAM,TROMETHAMINE,"Hospira, Inc.",1965,Type 1 - New Molecular Entity and Type 4 - New Combination
NDA013026,N/A,N/A,N/A,1965,Type 1 - New Molecular Entity
NDA014763,N/A,N/A,N/A,1965,Type 1 - New Molecular Entity
BLA101995,COLLAGENASE SANTYL,COLLAGENASE SANTYL,"SMITH & NEPHEW, INC",1965,Type 1 - New Molecular Entity
NDA015539,N/A,N/A,N/A,1965,Type 1 - New Molecular Entity
NDA012715,N/A,N/A,N/A,1965,Type 1 - New Molecular Entity
NDA014602,CELESTONE SOLUSPAN,BETAMETHASONE ACETATE AND BETAMETHASONE SODIUM PHOSPHATE,Organon LLC,1965,Type 1 - New Molecular Entity
NDA012665,N/A,N/A,N/A,1965,Type 1 - New Molecular Entity
NDA012806,CORDRAN,FLURANDRENOLIDE,"INA Pharmaceutics, Inc",1965,Type 1 - New Molecular Entity
NDA014879,DOPRAM,DOXAPRAM HYDROCHLORIDE,Hikma Pharmaceuticals USA Inc.,1965,Type 1 - New Molecular Entity
NDA016059,N/A,N/A,N/A,1965,Type 1 - New Molecular Entity
NDA016084,ALLOPURINOL,ALLOPURINOL,"Rising Pharma Holdings, Inc.",1966,Type 1 - New Molecular Entity
NDA015500,N/A,N/A,N/A,1966,Type 1 - New Molecular Entity
NDA016000,N/A,N/A,N/A,1966,Type 1 - New Molecular Entity
NDA012429,TABLOID,THIOGUANINE,Waylis Therapeutics LLC,1966,Type 1 - New Molecular Entity
NDA016273,LASIX,FUROSEMIDE,Validus Pharmaceuticals LLC,1966,Type 1 - New Molecular Entity
NDA016245,N/A,N/A,N/A,1966,Type 1 - New Molecular Entity
NDA016029,N/A,N/A,N/A,1966,Type 1 - New Molecular Entity and Type 4 - New Combination
NDA015921,N/A,N/A,N/A,1967,Type 1 - New Molecular Entity
NDA016320,ETHAMBUTOL HYDROCHLORIDE,ETHAMBUTOL HYDROCHLORIDE,"Marlex Pharmaceuticals, Inc.",1967,Type 1 - New Molecular Entity
NDA016194,N/A,N/A,N/A,1967,Type 1 - New Molecular Entity
NDA016033,N/A,N/A,N/A,1967,Type 1 - New Molecular Entity
NDA016418,N/A,N/A,N/A,1967,Type 1 - New Molecular Entity
NDA016584,N/A,N/A,N/A,1967,Type 1 - New Molecular Entity
NDA016099,N/A,N/A,N/A,1967,Type 1 - New Molecular Entity
NDA016131,N/A,N/A,N/A,1967,Type 1 - New Molecular Entity
NDA016092,EDECRIN,ETHACRYNIC ACID,"Bausch Health US, LLC",1967,Type 1 - New Molecular Entity
NDA016295,DROXIA,HYDROXYUREA,Waylis Therapeutics LLC,1967,Type 1 - New Molecular Entity
NDA016096,N/A,N/A,N/A,1967,Type 1 - New Molecular Entity
NDA016267,DESFERAL,DEFEROXAMINE MESYLATE,MITEM PHARMA,1968,Type 1 - New Molecular Entity
NDA016608,TEGRETOL,CARBAMAZEPINE,Novartis Pharmaceuticals Corporation,1968,Type 1 - New Molecular Entity
NDA016672,N/A,N/A,N/A,1968,Type 1 - New Molecular Entity and Type 4 - New Combination
NDA013615,N/A,N/A,N/A,1969,Type 1 - New Molecular Entity
NDA016624,N/A,N/A,N/A,1969,Type 1 - New Molecular Entity
NDA016793,N/A,N/A,N/A,1969,Type 1 - New Molecular Entity
NDA016785,MATULANE,PROCARBAZINE HYDROCHLORIDE,"Leadiant Biosciences, Inc.",1969,Type 1 - New Molecular Entity
NDA012828,N/A,N/A,N/A,1969,Type 1 - New Molecular Entity
NDA016798,N/A,N/A,N/A,1969,Type 1 - New Molecular Entity
NDA016812,KETALAR,KETAMINE HYDROCHLORIDE,"Par Health USA, LLC",1970,Type 1 - New Molecular Entity
NDA016929,N/A,N/A,N/A,1970,Type 1 - New Molecular Entity
NDA016885,LYSODREN,MITOTANE,"ESTEVE PHARMACEUTICALS, S.A.",1970,Type 1 - New Molecular Entity
NDA016721,N/A,N/A,N/A,1970,Type 1 - New Molecular Entity
NDA016750,CORTROSYN,COSYNTROPIN,"Amphastar Pharmaceuticals, Inc.",1970,Type 1 - New Molecular Entity
NDA016782,N/A,N/A,N/A,1970,Type 1 - New Molecular Entity
NDA050109,N/A,N/A,N/A,1970,Type 1 - New Molecular Entity
NDA019853,CUPRIMINE,PENICILLAMINE,"Bausch Health US, LLC",1970,Type 1 - New Molecular Entity
NDA016774,N/A,N/A,N/A,1970,Type 1 - New Molecular Entity
NDA017001,ANCOBON,FLUCYTOSINE,Bausch Health US LLC,1971,Type 1 - New Molecular Entity
NDA016979,N/A,N/A,N/A,1971,Type 1 - New Molecular Entity
NDA016224,N/A,N/A,N/A,1971,Type 1 - New Molecular Entity
NDA016942,N/A,N/A,N/A,1971,Type 1 - New Molecular Entity
NDA016908,N/A,N/A,N/A,1971,Type 1 - New Molecular Entity
NDA016636,N/A,N/A,N/A,1971,Type 1 - New Molecular Entity
NDA017015,N/A,N/A,N/A,1972,Type 1 - New Molecular Entity
NDA017010,TRIDESILON CREAM,DESONIDE 0.05%,Encore Dermatology Inc,1972,Type 1 - New Molecular Entity
NDA017105,N/A,N/A,N/A,1972,Type 1 - New Molecular Entity
NDA017042,N/A,N/A,N/A,1972,Type 1 - New Molecular Entity
NDA016968,MIOSTAT,CARBACHOL,"Alcon Laboratories, Inc.",1972,Type 1 - New Molecular Entity
NDA017087,N/A,N/A,N/A,1972,Type 1 - New Molecular Entity
NDA016964,MARCAINE WITH EPINEPHRINE,BUPIVACAINE HYDROCHLORIDE AND EPINEPHRINE,"Hospira, Inc.",1972,Type 1 - New Molecular Entity
NDA016729,N/A,N/A,N/A,1973,Type 1 - New Molecular Entity
NDA016211,N/A,N/A,N/A,1973,Type 1 - New Molecular Entity
NDA017376,N/A,N/A,N/A,1973,Type 1 - New Molecular Entity and Type 4 - New Combination
NDA017454,N/A,N/A,N/A,1973,Type 1 - New Molecular Entity
NDA050443,N/A,N/A,N/A,1973,Type 1 - New Molecular Entity
NDA017247,N/A,N/A,N/A,1973,Type 1 - New Molecular Entity
NDA016402,N/A,N/A,N/A,1973,Type 1 - New Molecular Entity
NDA017047,N/A,N/A,N/A,1973,Type 1 - New Molecular Entity
NDA017481,N/A,N/A,N/A,1974,Type 1 - New Molecular Entity
NDA017111,N/A,N/A,N/A,1974,Type 1 - New Molecular Entity
NDA017546,N/A,N/A,N/A,1974,Type 1 - New Molecular Entity
NDA017048,N/A,N/A,N/A,1974,Type 1 - New Molecular Entity
NDA017463,N/A,N/A,N/A,1974,Type 1 - New Molecular Entity
NDA050467,N/A,N/A,N/A,1974,Type 1 - New Molecular Entity
NDA017443,DANTROLENE SODIUM,DANTROLENE SODIUM,"Endo USA, Inc.",1974,Type 1 - New Molecular Entity
NDA017503,N/A,N/A,N/A,1974,Type 1 - New Molecular Entity and Type 4 - New Combination
NDA017551,N/A,N/A,N/A,1974,Type 1 - New Molecular Entity
NDA017395,N/A,N/A,N/A,1974,Type 1 - New Molecular Entity
NDA017556,HALOG,HALCINONIDE CREAM,"Sun Pharmaceutical Industries, Inc.",1974,Type 1 - New Molecular Entity
BLA050114,PRE-PEN,BENZYLPENICILLOYL POLYLYSINE,"ALK-ABELLO, INC.",1974,Type 1 - New Molecular Entity
NDA017466,N/A,N/A,N/A,1974,Type 1 - New Molecular Entity
NDA050459,N/A,N/A,N/A,1974,Type 1 - New Molecular Entity
NDA017450,MONISTAT 7 7-DAY DISPOSABLE APPLICATORS,MICONAZOLE NITRATE,Insight Pharmaceuticals LLC,1974,Type 1 - New Molecular Entity
NDA017569,N/A,N/A,N/A,1975,Type 1 - New Molecular Entity
NDA017555,SINEMET,CARBIDOPA AND LEVODOPA,Organon LLC,1975,Type 1 - New Molecular Entity and Type 4 - New Combination
NDA050477,N/A,N/A,N/A,1975,Type 1 - New Molecular Entity
NDA016832,N/A,N/A,N/A,1975,Type 1 - New Molecular Entity
NDA017533,KLONOPIN,CLONAZEPAM,"H2-Pharma, LLC",1975,Type 1 - New Molecular Entity
NDA017577,N/A,N/A,N/A,1975,Type 1 - New Molecular Entity
NDA017613,N/A,N/A,N/A,1975,Type 1 - New Molecular Entity
NDA017575,N/A,N/A,N/A,1975,Type 1 - New Molecular Entity
NDA017525,N/A,N/A,N/A,1975,Type 1 - New Molecular Entity
NDA017694,N/A,N/A,N/A,1976,Type 1 - New Molecular Entity
NDA017442,PRAZOSIN HYDROCHLORIDE,PRAZOSIN HYDROCHLORIDE,Prasco Laboratories,1976,Type 1 - New Molecular Entity
NDA017630,N/A,N/A,N/A,1976,Type 1 - New Molecular Entity
NDA017581,N/A,N/A,N/A,1976,Type 1 - New Molecular Entity
BLA017835,N/A,N/A,N/A,1976,Type 1 - New Molecular Entity
NDA017588,GLEOSTINE,LOMUSTINE,"NextSource Biotechnology, LLC",1976,Type 1 - New Molecular Entity
NDA017518,N/A,N/A,N/A,1976,Type 1 - New Molecular Entity
NDA017697,KINEVAC,SINCALIDE,Bracco Diagnostics Inc.,1976,Type 1 - New Molecular Entity
NDA017573,N/A,N/A,N/A,1976,Type 1 - New Molecular Entity
BLA017836,N/A,N/A,N/A,1976,Type 1 - New Molecular Entity
NDA017557,N/A,N/A,N/A,1976,Type 1 - New Molecular Entity
NDA017869,N/A,N/A,N/A,1976,Type 1 - New Molecular Entity
NDA017638,N/A,N/A,N/A,1976,Type 1 - New Molecular Entity
NDA017628,N/A,N/A,N/A,1976,Type 1 - New Molecular Entity
NDA017594,N/A,N/A,N/A,1976,Type 1 - New Molecular Entity
NDA017657,N/A,N/A,N/A,1976,Type 1 - New Molecular Entity
NDA017604,FENOPROFEN CALCIUM,FENOPROFEN CALCIUM,"Misemer Pharmaceuticals, Inc.",1976,Type 1 - New Molecular Entity
NDA050486,N/A,N/A,N/A,1976,Type 1 - New Molecular Entity
NDA017851,N/A,N/A,N/A,1977,Type 1 - New Molecular Entity
NDA017856,N/A,N/A,N/A,1977,Type 1 - New Molecular Entity
NDA017563,COLESTID,COLESTIPOL HYDROCHLORIDE,Pharmacia & Upjohn Company LLC,1977,Type 1 - New Molecular Entity
NDA017741,N/A,N/A,N/A,1977,Type 1 - New Molecular Entity
NDA017601,N/A,N/A,N/A,1977,Type 1 - New Molecular Entity
NDA017821,N/A,N/A,N/A,1977,Type 1 - New Molecular Entity
NDA017535,N/A,N/A,N/A,1977,Type 1 - New Molecular Entity
NDA017831,N/A,N/A,N/A,1977,Type 1 - New Molecular Entity
NDA017970,N/A,N/A,N/A,1977,Type 1 - New Molecular Entity
NDA017765,N/A,N/A,N/A,1977,Type 1 - New Molecular Entity
NDA017422,CARMUSTINE,CARMUSTINE,Heritage Pharmaceuticals Inc. d/b/a Avet Pharmaceuticals Inc.,1977,Type 1 - New Molecular Entity
NDA017661,N/A,N/A,N/A,1977,Type 1 - New Molecular Entity
NDA017447,DISOPYRAMIDE PHOSPHATE,DISOPYRAMIDE PHOSPHATE,Mylan Pharmaceuticals Inc.,1977,Type 1 - New Molecular Entity
NDA017806,N/A,N/A,N/A,1977,Type 1 - New Molecular Entity
NDA017794,ATIVAN,LORAZEPAM,Bausch Health US LLC,1977,Type 1 - New Molecular Entity
NDA018081,N/A,N/A,N/A,1978,Type 1 - New Molecular Entity
NDA017857,N/A,N/A,N/A,1978,Type 1 - New Molecular Entity
BLA101063,N/A,N/A,N/A,1978,Type 1 - New Molecular Entity
NDA017911,N/A,N/A,N/A,1978,Type 1 - New Molecular Entity
NDA017744,MOTOFEN,DIFENOXIN AND ATROPINE SULFATE,Legacy Pharma USA Inc.,1978,Type 1 - New Molecular Entity and Type 4 - New Combination
NDA017922,N/A,N/A,N/A,1978,Type 1 - New Molecular Entity
NDA017788,RIMSO-50,DIMETHYL SULFOXIDE,Mylan Institutional LLC,1978,Type 1 - New Molecular Entity
NDA017982,N/A,N/A,N/A,1978,Type 1 - New Molecular Entity
NDA018057,CISPLATIN,CISPLATIN,"WG Critical Care, LLC",1978,Type 1 - New Molecular Entity
NDA018044,CALCITRIOL,CALCITRIOL,"Sun Pharmaceutical Industries, Inc.",1978,Type 1 - New Molecular Entity
NDA017820,N/A,N/A,N/A,1978,Type 1 - New Molecular Entity
NDA018086,TIMOPTIC,TIMOLOL MALEATE,Bausch & Lomb Incorporated,1978,Type 1 - New Molecular Entity
NDA017907,N/A,N/A,N/A,1978,Type 1 - New Molecular Entity
NDA017962,BROMOCRIPTINE MESYLATE,BROMOCRIPTINE MESYLATE,"ANI Pharmaceuticals, Inc.",1978,Type 1 - New Molecular Entity
NDA017963,LOPRESSOR,METOPROLOL TARTRATE,Validus Pharmaceuticals LLC,1978,Type 1 - New Molecular Entity
NDA017624,FORANE,ISOFLURANE,Baxter Healthcare Corporation,1979,Type 1 - New Molecular Entity
NDA018024,N/A,N/A,N/A,1979,Type 1 - New Molecular Entity
NDA017871,DEMSER,METYROSINE,"Bausch Health US, LLC",1979,Type 1 - New Molecular Entity
NDA017989,HEMABATE,CARBOPROST TROMETHAMINE,Pharmacia & Upjohn Company LLC,1979,Type 1 - New Molecular Entity
NDA050484,N/A,N/A,N/A,1979,Type 1 - New Molecular Entity
NDA018154,N/A,N/A,N/A,1979,Type 1 - New Molecular Entity
NDA018203,N/A,N/A,N/A,1979,Type 1 - New Molecular Entity
NDA016792,N/A,N/A,N/A,1979,Type 1 - New Molecular Entity
NDA018063,N/A,N/A,N/A,1979,Type 1 - New Molecular Entity
NDA018116,N/A,N/A,N/A,1979,Type 1 - New Molecular Entity
NDA018021,N/A,N/A,N/A,1980,Type 1 - New Molecular Entity
NDA017543,N/A,N/A,N/A,1980,Type 1 - New Molecular Entity
NDA018006,N/A,N/A,N/A,1980,Type 1 - New Molecular Entity
NDA018202,N/A,N/A,N/A,1980,Type 1 - New Molecular Entity
NDA018299,N/A,N/A,N/A,1980,Type 1 - New Molecular Entity
NDA018312,N/A,N/A,N/A,1980,Type 1 - New Molecular Entity
NDA018343,N/A,N/A,N/A,1981,Type 1 - New Molecular Entity
NDA018533,N/A,N/A,N/A,1981,Type 1 - New Molecular Entity
NDA018401,N/A,N/A,N/A,1981,Type 1 - New Molecular Entity
NDA018200,AMILORIDE HYDROCHLORIDE,AMILORIDE HYDROCHLORIDE,Padagis US LLC,1981,Type 1 - New Molecular Entity
NDA018207,N/A,N/A,N/A,1981,Type 1 - New Molecular Entity
NDA018045,N/A,N/A,N/A,1981,Type 1 - New Molecular Entity
NDA018148,N/A,N/A,N/A,1981,Type 1 - New Molecular Entity
NDA018276,ALPRAZOLAM,ALPRAZOLAM,Mylan Pharmaceuticals Inc.,1981,Type 1 - New Molecular Entity
NDA018333,SUCRALFATE,SUCRALFATE,"Mylan Pharmaceuticals, Inc.",1981,Type 1 - New Molecular Entity
NDA017736,N/A,N/A,N/A,1981,Type 1 - New Molecular Entity
NDA018240,TENORMIN,ATENOLOL,Almatica Pharma LLC,1981,Type 1 - New Molecular Entity
NDA017675,N/A,N/A,N/A,1981,Type 1 - New Molecular Entity
NDA018422,LOPID,GEMFIBROZIL,Parke-Davis Div of Pfizer Inc,1981,Type 1 - New Molecular Entity
NDA050549,N/A,N/A,N/A,1981,Type 1 - New Molecular Entity
NDA018310,N/A,N/A,N/A,1981,Type 1 - New Molecular Entity
NDA050545,N/A,N/A,N/A,1981,Type 1 - New Molecular Entity
NDA018557,N/A,N/A,N/A,1981,Type 1 - New Molecular Entity and Type 4 - New Combination
NDA018485,N/A,N/A,N/A,1981,Type 1 - New Molecular Entity
NDA018482,N/A,N/A,N/A,1981,Type 1 - New Molecular Entity
NDA050547,N/A,N/A,N/A,1981,Type 1 - New Molecular Entity
NDA018484,PROSTIN VR PEDIATRIC,ALPROSTADIL,Pharmacia & Upjohn Company LLC,1981,Type 1 - New Molecular Entity
NDA018163,RESTORIL,TEMAZEPAM,SpecGx LLC,1981,Type 1 - New Molecular Entity
NDA017559,N/A,N/A,N/A,1981,Type 1 - New Molecular Entity
NDA018147,N/A,N/A,N/A,1982,Type 1 - New Molecular Entity
NDA018467,N/A,N/A,N/A,1982,Type 1 - New Molecular Entity
NDA018604,ACYCLOVIR,ACYCLOVIR,"ACTAVIS PHARMA, INC.",1982,Type 1 - New Molecular Entity
NDA017944,N/A,N/A,N/A,1982,Type 1 - New Molecular Entity
NDA018714,BILTRICIDE,PRAZIQUANTEL,Bayer HealthCare Pharmaceuticals Inc.,1982,Type 1 - New Molecular Entity
NDA018702,N/A,N/A,N/A,1982,Type 1 - New Molecular Entity
NDA018587,N/A,N/A,N/A,1982,Type 1 - New Molecular Entity
NDA018751,N/A,N/A,N/A,1982,Type 1 - New Molecular Entity
NDA018536,N/A,N/A,N/A,1982,Type 1 - New Molecular Entity
NDA017892,HALCION,TRIAZOLAM,Pharmacia & Upjohn Company LLC,1982,Type 1 - New Molecular Entity
NDA018445,N/A,N/A,N/A,1982,Type 1 - New Molecular Entity
BLA018663,N/A,N/A,N/A,1982,Type 1 - New Molecular Entity
NDA018285,N/A,N/A,N/A,1982,Type 1 - New Molecular Entity
NDA018104,N/A,N/A,N/A,1982,Type 1 - New Molecular Entity
NDA018662,N/A,N/A,N/A,1982,Type 1 - New Molecular Entity
NDA050577,N/A,N/A,N/A,1982,Type 1 - New Molecular Entity
NDA017707,INDIUM DTPA IN 111,INDIUM IN-111 PENTETATE DISODIUM,"Medi-Physics, Inc. dba GE Healthcare",1982,Type 1 - New Molecular Entity
BLA018780,HUMULIN R,INSULIN HUMAN,Eli Lilly and Company,1982,Type 1 - New Molecular Entity
NDA050551,N/A,N/A,N/A,1982,Type 1 - New Molecular Entity
NDA018613,N/A,N/A,N/A,1982,Type 1 - New Molecular Entity
NDA018748,N/A,N/A,N/A,1982,Type 1 - New Molecular Entity
NDA018831,N/A,N/A,N/A,1983,Type 1 - New Molecular Entity
NDA018749,LITHOSTAT,ACETOHYDROXAMIC ACID,Mission Pharmacal Company,1983,Type 1 - New Molecular Entity
NDA018225,BUMEX,BUMETANIDE,Validus Pharmaceuticals LLC,1983,Type 1 - New Molecular Entity
NDA018366,N/A,N/A,N/A,1983,Type 1 - New Molecular Entity
NDA050573,SANDIMMUNE,CYCLOSPORINE,Novartis Pharmaceuticals Corporation,1983,Type 1 - New Molecular Entity
NDA050560,N/A,N/A,N/A,1983,Type 1 - New Molecular Entity
NDA050544,N/A,N/A,N/A,1983,Type 1 - New Molecular Entity
NDA018703,N/A,N/A,N/A,1983,Type 1 - New Molecular Entity
NDA050558,N/A,N/A,N/A,1983,Type 1 - New Molecular Entity
NDA018768,N/A,N/A,N/A,1983,Type 1 - New Molecular Entity
NDA018538,N/A,N/A,N/A,1983,Type 1 - New Molecular Entity
NDA018612,NICORETTE ORIGINAL,NICOTINE POLACRILEX,Haleon US Holdings LLC,1984,Type 1 - New Molecular Entity
NDA018770,N/A,N/A,N/A,1984,Type 1 - New Molecular Entity
NDA019264,PENTAM 300,PENTAMIDINE ISETHIONATE,"Fresenius Kabi USA, LLC",1984,Type 1 - New Molecular Entity
NDA019050,N/A,N/A,N/A,1984,Type 1 - New Molecular Entity
NDA018917,N/A,N/A,N/A,1984,Type 1 - New Molecular Entity
NDA018257,N/A,N/A,N/A,1984,Type 1 - New Molecular Entity
NDA017473,N/A,N/A,N/A,1984,Type 1 - New Molecular Entity
NDA050585,N/A,N/A,N/A,1984,Type 1 - New Molecular Entity
NDA050554,N/A,N/A,N/A,1984,Type 1 - New Molecular Entity
NDA018776,N/A,N/A,N/A,1984,Type 1 - New Molecular Entity
NDA018289,N/A,N/A,N/A,1984,Type 1 - New Molecular Entity
NDA018700,N/A,N/A,N/A,1984,Type 1 - New Molecular Entity
NDA017498,N/A,N/A,N/A,1984,Type 1 - New Molecular Entity
NDA050564,N/A,N/A,N/A,1984,Type 1 - New Molecular Entity and Type 4 - New Combination
NDA017783,N/A,N/A,N/A,1984,Type 1 - New Molecular Entity
NDA018932,N/A,N/A,N/A,1984,Type 1 - New Molecular Entity
NDA018631,N/A,N/A,N/A,1984,Type 1 - New Molecular Entity
NDA018686,N/A,N/A,N/A,1984,Type 1 - New Molecular Entity
NDA018859,RIBAVIRIN,RIBAVIRIN,Oceanside Pharmaceuticals,1985,Type 1 - New Molecular Entity
NDA018735,ISOVUE 200,IOPAMIDOL,BRACCO DIAGNOSTICS INC,1985,Type 1 - New Molecular Entity
NDA019322,N/A,N/A,N/A,1985,Type 1 - New Molecular Entity
NDA050578,N/A,N/A,N/A,1985,Type 1 - New Molecular Entity
NDA019010,N/A,N/A,N/A,1985,Type 1 - New Molecular Entity
NDA018873,N/A,N/A,N/A,1985,Type 1 - New Molecular Entity
NDA018905,N/A,N/A,N/A,1985,Type 1 - New Molecular Entity and Type 4 - New Combination
NDA018708,QUAZEPAM,QUAZEPAM,"Atland Pharmaceuticals, LLC",1985,Type 1 - New Molecular Entity
NDA018972,N/A,N/A,N/A,1985,Type 1 - New Molecular Entity
NDA018509,N/A,N/A,N/A,1985,Type 1 - New Molecular Entity
NDA019219,N/A,N/A,N/A,1985,Type 1 - New Molecular Entity
NDA018644,N/A,N/A,N/A,1985,Type 1 - New Molecular Entity
NDA018956,OMNIPAQUE,IOHEXOL,GE Healthcare Inc.,1985,Type 1 - New Molecular Entity
NDA050588,CEFOTAN,CEFOTETAN,"PAI Holdings, LLC dba PAI Pharma",1985,Type 1 - New Molecular Entity
NDA018738,SULCONAZOLE NITRATE,SULCONAZOLE NITRATE,JG Pharma Inc.,1985,Type 1 - New Molecular Entity
NDA019044,INDIUM IN 111 OXYQUINOLINE,INDIUM IN-111 OXYQUINOLINE,Medi-Physics Inc. dba GE Healthcare.,1985,Type 1 - New Molecular Entity
NDA018998,ENALAPRIL MALEATE,ENALAPRIL MALEATE,OCEANSIDE PHARMACEUTICALS,1985,Type 1 - New Molecular Entity
NDA018689,RIDAURA,AURANOFIN,Sebela Pharmaceuticals Inc.,1985,Type 1 - New Molecular Entity
NDA050587,PRIMAXIN IV,IMIPENEM AND CILASTATIN SODIUM,Merck Sharp & Dohme LLC,1985,Type 1 - New Molecular Entity and Type 4 - New Combination
NDA018651,DRONABINOL,DRONABINOL,"Ascend Laboratories, LLC",1985,Type 1 - New Molecular Entity
NDA019368,N/A,N/A,N/A,1985,Type 1 - New Molecular Entity
NDA018677,CESAMET,NABILONE,Bausch Health US LLC,1985,Type 1 - New Molecular Entity
NDA018948,CARNITOR,LEVOCARNITINE,"Leadiant Biosciences, Inc.",1985,Type 1 - New Molecular Entity
NDA018830,N/A,N/A,N/A,1985,Type 1 - New Molecular Entity
NDA050580,AZACTAM,AZTREONAM,"E.R. Squibb & Sons, L.L.C.",1986,Type 1 - New Molecular Entity
NDA019009,N/A,N/A,N/A,1986,Type 1 - New Molecular Entity
NDA019386,BREVIBLOC,ESMOLOL HYDROCHLORIDE,Baxter Healthcare Company,1986,Type 1 - New Molecular Entity
NDA019085,N/A,N/A,N/A,1986,Type 1 - New Molecular Entity
NDA019384,N/A,N/A,N/A,1986,Type 1 - New Molecular Entity
NDA019032,N/A,N/A,N/A,1986,Type 1 - New Molecular Entity
NDA050608,UNASYN,AMPICILLIN SODIUM AND SULBACTAM SODIUM,Roerig,1986,Type 1 - New Molecular Entity and Type 4 - New Combination
BLA103132,N/A,N/A,N/A,1986,Type 1 - New Molecular Entity
NDA019435,N/A,N/A,N/A,1986,Type 1 - New Molecular Entity
NDA018489,N/A,N/A,N/A,1986,Type 1 - New Molecular Entity
NDA019462,N/A,N/A,N/A,1986,Type 1 - New Molecular Entity
NDA019193,PROVOCHOLINE,METHACHOLINE CHLORIDE,Methapharm Inc.,1986,Type 1 - New Molecular Entity
NDA018754,N/A,N/A,N/A,1986,Type 1 - New Molecular Entity
NDA019280,N/A,N/A,N/A,1986,Type 1 - New Molecular Entity
NDA019369,N/A,N/A,N/A,1986,Type 1 - New Molecular Entity
NDA019500,N/A,N/A,N/A,1986,Type 1 - New Molecular Entity
NDA018731,N/A,N/A,N/A,1986,Type 1 - New Molecular Entity
NDA050571,N/A,N/A,N/A,1987,Type 1 - New Molecular Entity
NDA019057,N/A,N/A,N/A,1987,Type 1 - New Molecular Entity
NDA019618,MESALAMINE,MESALAMINE,"ANI Pharmaceuticals, Inc.",1987,Type 1 - New Molecular Entity
BLA103172,CATHFLO ACTIVASE,ALTEPLASE,"Genentech, Inc.",1987,Type 1 - New Molecular Entity
NDA018963,CHOLETEC,MEBROFENIN,Bracco Diagnostics Inc,1987,Type 1 - New Molecular Entity
NDA019432,N/A,N/A,N/A,1987,Type 1 - New Molecular Entity
NDA018550,N/A,N/A,N/A,1987,Type 1 - New Molecular Entity
NDA018936,PROZAC,FLUOXETINE HYDROCHLORIDE,Dista Products Company,1987,Type 1 - New Molecular Entity
NDA019655,RETROVIR,ZIDOVUDINE,ViiV Healthcare Company,1987,Type 1 - New Molecular Entity
NDA019558,N/A,N/A,N/A,1987,Type 1 - New Molecular Entity
NDA019643,N/A,N/A,N/A,1987,Type 1 - New Molecular Entity
NDA019579,N/A,N/A,N/A,1987,Type 1 - New Molecular Entity
NDA019537,CIPRO,CIPROFLOXACIN HYDROCHLORIDE,Bayer HealthCare Pharmaceuticals Inc.,1987,Type 1 - New Molecular Entity
NDA019543,N/A,N/A,N/A,1987,Type 1 - New Molecular Entity
NDA019436,N/A,N/A,N/A,1987,Type 1 - New Molecular Entity
NDA019779,IOPIDINE 1%,APRACLONIDINE HYDROCHLORIDE OPHTHALMIC SOLUTION,"Harrow Eye, LLC",1987,Type 1 - New Molecular Entity
NDA019297,N/A,N/A,N/A,1987,Type 1 - New Molecular Entity
NDA050591,N/A,N/A,N/A,1987,Type 1 - New Molecular Entity
NDA019763,IFOSFAMIDE,IFOSFAMIDE,Baxter Healthcare Company,1987,Type 1 - New Molecular Entity
NDA018976,N/A,N/A,N/A,1987,Type 1 - New Molecular Entity
NDA019667,SANDOSTATIN,OCTREOTIDE ACETATE,Novartis Pharmaceuticals Corporation,1988,Type 1 - New Molecular Entity
NDA050601,N/A,N/A,N/A,1988,Type 1 - New Molecular Entity
NDA019596,N/A,N/A,N/A,1988,Type 1 - New Molecular Entity
NDA019385,N/A,N/A,N/A,1988,Type 1 - New Molecular Entity
NDA019268,CYTOTEC,MISOPROSTOL,Pfizer Laboratories Div Pfizer Inc,1988,Type 1 - New Molecular Entity
NDA019508,N/A,N/A,N/A,1988,Type 1 - New Molecular Entity
NDA019569,THIOLA,TIOPRONIN,Mission Pharmacal Company,1988,Type 1 - New Molecular Entity
NDA019488,N/A,N/A,N/A,1988,Type 1 - New Molecular Entity
NDA019599,N/A,N/A,N/A,1988,Type 1 - New Molecular Entity
NDA019710,OPTIRAY 320,IOVERSOL,Liebel-Flarsheim Company LLC,1988,Type 1 - New Molecular Entity
NDA019829,CERETEC,TECHNETIUM TC-99M EXAMETAZIME,Medi-Physics Inc. dba GE Healthcare.,1988,Type 1 - New Molecular Entity
NDA019357,ETHAMOLIN,ETHANOLAMINE OLEATE,"QOL Medical, LLC.",1988,Type 1 - New Molecular Entity
NDA019828,OXICONAZOLE NITRATE,OXICONAZOLE NITRATE,"E. Fougera & Co. a division of Fougera Pharmaceuticals, LLC",1988,Type 1 - New Molecular Entity
NDA019758,CLOZARIL,CLOZAPINE,"HLS Therapeutics (USA), Inc.",1989,Type 1 - New Molecular Entity
NDA050621,N/A,N/A,N/A,1989,Type 1 - New Molecular Entity
NDA019334,N/A,N/A,N/A,1989,Type 1 - New Molecular Entity
NDA019578,N/A,N/A,N/A,1989,Type 1 - New Molecular Entity
NDA019880,N/A,N/A,N/A,1989,Type 1 - New Molecular Entity
NDA019726,ZOLADEX,GOSERELIN,TerSera Therapeutics LLC,1989,Type 1 - New Molecular Entity
NDA050633,N/A,N/A,N/A,1989,Type 1 - New Molecular Entity
NDA019661,N/A,N/A,N/A,1989,Type 1 - New Molecular Entity
NDA018554,N/A,N/A,N/A,1989,Type 1 - New Molecular Entity
NDA019456,N/A,N/A,N/A,1989,Type 1 - New Molecular Entity
NDA019414,CARDIOGEN-82,RUBIDIUM CHLORIDE RB-82,Bracco Diagnostics Inc,1989,Type 1 - New Molecular Entity
NDA019907,N/A,N/A,N/A,1989,Type 1 - New Molecular Entity
NDA019906,CLOMIPRAMINE HYDROCHLORIDE,CLOMIPRAMINE HYDROCHLORIDE,SpecGx LLC,1989,Type 1 - New Molecular Entity
NDA019810,N/A,N/A,N/A,1989,Type 1 - New Molecular Entity
BLA103158,N/A,N/A,N/A,1989,Type 1 - New Molecular Entity
NDA050637,N/A,N/A,N/A,1989,Type 1 - New Molecular Entity
BLA103234,PROCRIT,ERYTHROPOIETIN,"Janssen Products, LP",1989,Type 1 - New Molecular Entity
NDA019151,N/A,N/A,N/A,1989,Type 1 - New Molecular Entity
NDA019693,N/A,N/A,N/A,1989,Type 1 - New Molecular Entity
NDA019653,N/A,N/A,N/A,1989,Type 1 - New Molecular Entity and Type 4 - New Combination
NDA019627,DIPRIVAN,PROPOFOL,"Fresenius Kabi USA, LLC",1989,Type 1 - New Molecular Entity
NDA019698,N/A,N/A,N/A,1989,Type 1 - New Molecular Entity
NDA019937,N/A,N/A,N/A,1989,Type 1 - New Molecular Entity
NDA019753,N/A,N/A,N/A,1990,Type 1 - New Molecular Entity
NDA020035,N/A,N/A,N/A,1990,Type 1 - New Molecular Entity
NDA050661,N/A,N/A,N/A,1990,Type 1 - New Molecular Entity
NDA019879,N/A,N/A,N/A,1990,Type 1 - New Molecular Entity
NDA019735,N/A,N/A,N/A,1990,Type 1 - New Molecular Entity
NDA019002,N/A,N/A,N/A,1990,Type 1 - New Molecular Entity
NDA019928,N/A,N/A,N/A,1990,Type 1 - New Molecular Entity
NDA019968,N/A,N/A,N/A,1990,Type 1 - New Molecular Entity
BLA019818,N/A,N/A,N/A,1990,Type 1 - New Molecular Entity
NDA019882,TECHNESCAN MAG3,TECHNESCAN TC 99M MERTIATIDE,Curium US LLC,1990,Type 1 - New Molecular Entity
NDA019863,N/A,N/A,N/A,1990,Type 1 - New Molecular Entity
NDA019949,N/A,N/A,N/A,1990,Type 1 - New Molecular Entity
NDA019668,DOXAZOSIN,DOXAZOSIN,Mylan Pharmaceuticals Inc.,1990,Type 1 - New Molecular Entity
NDA019926,N/A,N/A,N/A,1990,Type 1 - New Molecular Entity
NDA019886,SYNAREL,NAFARELIN ACETATE,Pfizer Laboratories Div Pfizer Inc,1990,Type 1 - New Molecular Entity
NDA019715,DIPENTUM,OLSALAZINE SODIUM,Viatris Specialty LLC,1990,Type 1 - New Molecular Entity
NDA019785,CARDIOLITE,TETRAKIS(2-METHOXYISOBUTYLISOCYANIDE)COPPER(I) TETRAFLUOROBORATE,"Lantheus Medical Imaging, Inc.",1990,Type 1 - New Molecular Entity
NDA019546,N/A,N/A,N/A,1990,Type 1 - New Molecular Entity
BLA103362,LEUKINE,SARGRAMOSTIM,"Partner Therapeutics, Inc.",1991,Type 1 - New Molecular Entity
BLA103000,BOTOX COSMETIC,ONABOTULINUMTOXINA,"Allergan, Inc.",1991,Type 1 - New Molecular Entity
NDA018922,N/A,N/A,N/A,1991,Type 1 - New Molecular Entity
NDA019961,N/A,N/A,N/A,1991,Type 1 - New Molecular Entity
NDA019834,N/A,N/A,N/A,1991,Type 1 - New Molecular Entity
NDA020073,N/A,N/A,N/A,1991,Type 1 - New Molecular Entity
NDA019998,CHEMET,SUCCIMER,"Recordati Rare Diseases, Inc.",1991,Type 1 - New Molecular Entity
NDA019979,N/A,N/A,N/A,1991,Type 1 - New Molecular Entity
NDA019901,N/A,N/A,N/A,1991,Type 1 - New Molecular Entity
NDA019766,ZOCOR,SIMVASTATIN,Organon LLC,1991,Type 1 - New Molecular Entity
NDA050664,N/A,N/A,N/A,1991,Type 1 - New Molecular Entity
NDA019839,ZOLOFT,SERTRALINE HYDROCHLORIDE,ROERIG,1991,Type 1 - New Molecular Entity
NDA019836,N/A,N/A,N/A,1991,Type 1 - New Molecular Entity
NDA019946,N/A,N/A,N/A,1991,Type 1 - New Molecular Entity
BLA020032,SURVANTA,BERACTANT,AbbVie Inc.,1991,Type 1 - New Molecular Entity
NDA019898,N/A,N/A,N/A,1991,Type 1 - New Molecular Entity
NDA020122,NIPENT,PENTOSTATIN,"Hospira, Inc.",1991,Type 1 - New Molecular Entity
NDA019915,N/A,N/A,N/A,1991,Type 1 - New Molecular Entity
NDA020154,N/A,N/A,N/A,1991,Type 1 - New Molecular Entity
NDA019616,N/A,N/A,N/A,1991,Type 1 - New Molecular Entity
NDA050662,N/A,N/A,N/A,1991,Type 1 - New Molecular Entity
NDA050670,N/A,N/A,N/A,1991,Type 1 - New Molecular Entity
NDA020007,N/A,N/A,N/A,1991,Type 1 - New Molecular Entity
NDA050667,N/A,N/A,N/A,1991,Type 1 - New Molecular Entity
NDA020038,N/A,N/A,N/A,1991,Type 1 - New Molecular Entity
NDA019851,LOTENSIN,BENAZEPRIL HYDROCHLORIDE,Validus Pharmaceuticals LLC,1991,Type 1 - New Molecular Entity
BLA103353,NEUPOGEN,FILGRASTIM,"Amgen, Inc",1991,Type 1 - New Molecular Entity
NDA019091,N/A,N/A,N/A,1991,Type 1 - New Molecular Entity
NDA020068,FOSCAVIR,FOSCARNET SODIUM,Clinigen Limited,1991,Type 1 - New Molecular Entity
NDA019583,N/A,N/A,N/A,1991,Type 1 - New Molecular Entity
NDA020036,N/A,N/A,N/A,1991,Type 1 - New Molecular Entity
NDA019862,N/A,N/A,N/A,1992,Type 1 - New Molecular Entity
NDA018841,N/A,N/A,N/A,1992,Type 1 - New Molecular Entity
NDA020031,PAXIL,PAROXETINE HYDROCHLORIDE,Apotex Corp,1992,Type 1 - New Molecular Entity
NDA019940,N/A,N/A,N/A,1992,Type 1 - New Molecular Entity
NDA050674,N/A,N/A,N/A,1992,Type 1 - New Molecular Entity
NDA020013,N/A,N/A,N/A,1992,Type 1 - New Molecular Entity
NDA050689,RIFABUTIN,RIFABUTIN,Mylan Pharmaceuticals Inc.,1992,Type 1 - New Molecular Entity
NDA020131,PROHANCE,GADOTERIDOL,BRACCO DIAGNOSTICS INC,1992,Type 1 - New Molecular Entity
NDA019660,N/A,N/A,N/A,1992,Type 1 - New Molecular Entity
NDA020098,N/A,N/A,N/A,1992,Type 1 - New Molecular Entity
NDA019787,NORVASC,AMLODIPINE BESYLATE,Viatris Specialty LLC,1992,Type 1 - New Molecular Entity
NDA020192,N/A,N/A,N/A,1992,Type 1 - New Molecular Entity
NDA020250,N/A,N/A,N/A,1992,Type 1 - New Molecular Entity
BLA103293,PROLEUKIN,ALDESLEUKIN,"Iovance Biotherapeutics, Inc",1992,Type 1 - New Molecular Entity
NDA020199,N/A,N/A,N/A,1992,Type 1 - New Molecular Entity
NDA020071,N/A,N/A,N/A,1992,Type 1 - New Molecular Entity and Type 4 - New Combination
NDA019908,AMBIEN,ZOLPIDEM TARTRATE,"Cosette Pharmaceuticals, Inc.",1992,Type 1 - New Molecular Entity
NDA020180,PROSCAR,FINASTERIDE,Organon LLC,1992,Type 1 - New Molecular Entity
NDA020118,SUPRANE,DESFLURANE,Baxter Healthcare Corporation,1992,Type 1 - New Molecular Entity
NDA019865,BETAPACE,SOTALOL HYDROCHLORIDE,"Legacy Pharma USA, Inc.",1992,Type 1 - New Molecular Entity
NDA019982,N/A,N/A,N/A,1992,Type 1 - New Molecular Entity
NDA020119,N/A,N/A,N/A,1992,Type 1 - New Molecular Entity
BLA103471,BETASERON,INTERFERON BETA-1B,Bayer HealthCare Pharmaceuticals Inc.,1993,Type 1 - New Molecular Entity
NDA020151,N/A,N/A,N/A,1993,Type 1 - New Molecular Entity
NDA050684,N/A,N/A,N/A,1993,Type 1 - New Molecular Entity and Type 4 - New Combination
BLA020304,N/A,N/A,N/A,1993,Type 1 - New Molecular Entity
NDA020210,N/A,N/A,N/A,1993,Type 1 - New Molecular Entity
NDA020239,N/A,N/A,N/A,1993,Type 1 - New Molecular Entity
NDA020091,N/A,N/A,N/A,1993,Type 1 - New Molecular Entity
NDA019658,CLARITIN,LORATADINE,Bayer HealthCare LLC,1993,Type 1 - New Molecular Entity
NDA019649,N/A,N/A,N/A,1993,Type 1 - New Molecular Entity
NDA020123,OMNISCAN,GADODIAMIDE,GE Healthcare Inc.,1993,Type 1 - New Molecular Entity
NDA020070,N/A,N/A,N/A,1993,Type 1 - New Molecular Entity
NDA020326,N/A,N/A,N/A,1993,Type 1 - New Molecular Entity
NDA020315,N/A,N/A,N/A,1993,Type 1 - New Molecular Entity
NDA020184,N/A,N/A,N/A,1993,Type 1 - New Molecular Entity
BLA103532,PULMOZYME,DORNASE ALFA,"Genentech, Inc.",1993,Type 1 - New Molecular Entity
NDA020273,CALCIPOTRIENE,CALCIPOTRIENE,Prasco Laboratories,1993,Type 1 - New Molecular Entity
NDA020189,FELBATOL,FELBAMATE,Viatris Specialty LLC,1993,Type 1 - New Molecular Entity
NDA020219,N/A,N/A,N/A,1993,Type 1 - New Molecular Entity
NDA020191,N/A,N/A,N/A,1993,Type 1 - New Molecular Entity
NDA020235,NEURONTIN,GABAPENTIN,Parke-Davis Div of Pfizer Inc,1993,Type 1 - New Molecular Entity
NDA019304,N/A,N/A,N/A,1993,Type 1 - New Molecular Entity
NDA020134,N/A,N/A,N/A,1993,Type 1 - New Molecular Entity
NDA020136,N/A,N/A,N/A,1993,Type 1 - New Molecular Entity
NDA020272,RISPERDAL,RISPERIDONE,"Janssen Pharmaceuticals, Inc.",1993,Type 1 - New Molecular Entity
NDA020412,N/A,N/A,N/A,1994,Type 1 - New Molecular Entity
NDA020256,NEUROLITE,BICISATE DIHYDROCHLORIDE,"Lantheus Medical Imaging, Inc.",1994,Type 1 - New Molecular Entity
NDA020084,N/A,N/A,N/A,1994,Type 1 - New Molecular Entity
NDA020243,N/A,N/A,N/A,1994,Type 1 - New Molecular Entity
NDA019806,N/A,N/A,N/A,1994,Type 1 - New Molecular Entity and Type 4 - New Combination
NDA020474,N/A,N/A,N/A,1994,Type 1 - New Molecular Entity
NDA020287,FRAGMIN,DALTEPARIN SODIUM,Pfizer Laboratories Div Pfizer Inc,1994,Type 1 - New Molecular Entity
NDA020363,N/A,N/A,N/A,1994,Type 1 - New Molecular Entity
NDA020392,CYSTAGON,CYSTEAMINE BITARTRATE,Mylan Pharmaceuticals Inc.,1994,Type 1 - New Molecular Entity
NDA020314,OCTREOSCAN,INDIUM IN -111 PENTETREOTIDE,Curium US LLC,1994,Type 1 - New Molecular Entity
NDA020241,LAMICTAL,LAMOTRIGINE,GlaxoSmithKline LLC,1994,Type 1 - New Molecular Entity
NDA020236,N/A,N/A,N/A,1994,Type 1 - New Molecular Entity
BLA020367,CEREZYME,IMIGLUCERASE,Genzyme Corporation,1994,Type 1 - New Molecular Entity
NDA020152,N/A,N/A,N/A,1994,Type 1 - New Molecular Entity
NDA050708,PROGRAF,TACROLIMUS,"Astellas Pharma US, Inc.",1994,Type 1 - New Molecular Entity
BLA103575,N/A,N/A,N/A,1994,Type 1 - New Molecular Entity
NDA019841,N/A,N/A,N/A,1994,Type 1 - New Molecular Entity
NDA020233,N/A,N/A,N/A,1994,Type 1 - New Molecular Entity
NDA020214,N/A,N/A,N/A,1994,Type 1 - New Molecular Entity
NDA020408,N/A,N/A,N/A,1994,Type 1 - New Molecular Entity
NDA020428,AZELEX,AZELAIC ACID,"Almirall, LLC",1995,Type 1 - New Molecular Entity
NDA050685,N/A,N/A,N/A,1995,Type 1 - New Molecular Entity
NDA020316,N/A,N/A,N/A,1995,Type 1 - New Molecular Entity
NDA020444,N/A,N/A,N/A,1995,Type 1 - New Molecular Entity
NDA020406,PREVACID,LANSOPRAZOLE,"Takeda Pharmaceuticals America, Inc.",1995,Type 1 - New Molecular Entity
NDA020357,N/A,N/A,N/A,1995,Type 1 - New Molecular Entity
NDA020451,PHOTOFRIN,PORFIMER SODIUM,"Pinnacle Biologics, Inc.",1995,Type 1 - New Molecular Entity
NDA020541,ARIMIDEX,ANASTROZOLE,"ANI Pharmaceuticals, Inc.",1995,Type 1 - New Molecular Entity
NDA020212,N/A,N/A,N/A,1995,Type 1 - New Molecular Entity
NDA020491,CORVERT,IBUTILIDE FUMARATE,Pharmacia & Upjohn Company LLC,1995,Type 1 - New Molecular Entity
NDA020482,N/A,N/A,N/A,1995,Type 1 - New Molecular Entity
NDA020478,ULTANE,SEVOFLURANE,AbbVie Inc.,1995,Type 1 - New Molecular Entity
NDA020281,N/A,N/A,N/A,1995,Type 1 - New Molecular Entity
NDA050722,CELLCEPT,MYCOPHENOLATE MOFETIL,"Genentech, Inc.",1995,Type 1 - New Molecular Entity
NDA020312,N/A,N/A,N/A,1995,Type 1 - New Molecular Entity
NDA020628,N/A,N/A,N/A,1995,Type 1 - New Molecular Entity
NDA020221,ETHYOL,AMIFOSTINE,Legacy Pharma USA Inc.,1995,Type 1 - New Molecular Entity
NDA020220,ULTRAVIST,IOPROMIDE,Bayer HealthCare Pharmaceuticals Inc.,1995,Type 1 - New Molecular Entity
NDA020356,NISOLDIPINE,NISOLDIPINE,Prasco Laboratories,1995,Type 1 - New Molecular Entity
NDA020599,N/A,N/A,N/A,1995,Type 1 - New Molecular Entity
NDA019835,ZYRTEC HIVES,CETIRIZINE HYDROCHLORIDE,Kenvue Brands LLC,1995,Type 1 - New Molecular Entity
NDA050678,N/A,N/A,N/A,1995,Type 1 - New Molecular Entity
NDA020297,COREG,CARVEDILOL,Waylis Therapeutics LLC,1995,Type 1 - New Molecular Entity
NDA020625,N/A,N/A,N/A,1996,Type 1 - New Molecular Entity
NDA050717,N/A,N/A,N/A,1996,Type 1 - New Molecular Entity
NDA020532,N/A,N/A,N/A,1996,Type 1 - New Molecular Entity
NDA020511,N/A,N/A,N/A,1996,Type 1 - New Molecular Entity
NDA020677,N/A,N/A,N/A,1996,Type 1 - New Molecular Entity
NDA050742,STROMECTOL,IVERMECTIN,Merck Sharp & Dohme LLC,1996,Type 1 - New Molecular Entity
NDA020547,ZAFIRLUKAST,ZAFIRLUKAST,Strides Pharma Science Limited,1996,Type 1 - New Molecular Entity
BLA103628,AVONEX,INTERFERON BETA-1A,Biogen Inc.,1996,Type 1 - New Molecular Entity
NDA020169,N/A,N/A,N/A,1996,Type 1 - New Molecular Entity
NDA050706,N/A,N/A,N/A,1996,Type 1 - New Molecular Entity
NDA020702,LIPITOR,ATORVASTATIN CALCIUM,Viatris Specialty LLC,1996,Type 1 - New Molecular Entity
NDA020573,BUPHENYL,SODIUM PHENYLBUTYRATE,"Horizon Therapeutics USA, Inc.",1996,Type 1 - New Molecular Entity
BLA103608,N/A,N/A,N/A,1996,Type 1 - New Molecular Entity
NDA020576,CYSTADANE,BETAINE,Recordati Rare Diseases,1996,Type 1 - New Molecular Entity
NDA020638,N/A,N/A,N/A,1996,Type 1 - New Molecular Entity
NDA020430,N/A,N/A,N/A,1996,Type 1 - New Molecular Entity
NDA020410,N/A,N/A,N/A,1996,Type 1 - New Molecular Entity
NDA020636,N/A,N/A,N/A,1996,Type 1 - New Molecular Entity
NDA020509,N/A,N/A,N/A,1996,Type 1 - New Molecular Entity
NDA020682,N/A,N/A,N/A,1996,Type 1 - New Molecular Entity
NDA020671,HYCAMTIN,TOPOTECAN HYDROCHLORIDE,Novartis Pharmaceuticals Corporation,1996,Type 1 - New Molecular Entity
NDA020613,N/A,N/A,N/A,1996,Type 1 - New Molecular Entity
NDA020338,N/A,N/A,N/A,1996,Type 1 - New Molecular Entity
NDA020505,TOPAMAX,TOPIRAMATE,"Janssen Pharmaceuticals, Inc.",1996,Type 1 - New Molecular Entity
BLA020162,N/A,N/A,N/A,1996,Type 1 - New Molecular Entity
NDA020533,NAROPIN,ROPIVACAINE HYDROCHLORIDE,"Fresenius Kabi USA, LLC",1996,Type 1 - New Molecular Entity
NDA020351,VISIPAQUE,IODIXANOL,GE Healthcare Inc.,1996,Type 1 - New Molecular Entity
NDA020664,CABERGOLINE,CABERGOLINE,Mylan Pharmaceuticals Inc.,1996,Type 1 - New Molecular Entity
NDA020665,N/A,N/A,N/A,1996,Type 1 - New Molecular Entity
NDA020450,CEREBYX,FOSPHENYTOIN SODIUM,Pfizer Laboratories Div Pfizer Inc,1996,Type 1 - New Molecular Entity
NDA020629,DENAVIR,PENCICLOVIR,Mylan Pharmaceuticals Inc.,1996,Type 1 - New Molecular Entity
NDA020524,N/A,N/A,N/A,1996,Type 1 - New Molecular Entity
NDA020449,DOCETAXEL,DOCETAXEL,Sanofi-Aventis U.S. LLC,1996,Type 1 - New Molecular Entity
NDA020372,MYOVIEW,TETROFOSMIN,Medi-Physics Inc. dba GE Healthcare,1996,Type 1 - New Molecular Entity
NDA020586,N/A,N/A,N/A,1996,Type 1 - New Molecular Entity
NDA020471,ZYFLO,ZILEUTON,"Chiesi USA, Inc.",1996,Type 1 - New Molecular Entity
NDA019815,N/A,N/A,N/A,1996,Type 1 - New Molecular Entity
NDA020114,N/A,N/A,N/A,1996,Type 1 - New Molecular Entity
NDA020528,N/A,N/A,N/A,1996,Type 1 - New Molecular Entity
NDA020597,LATANOPROST,LATANOPROST,Mylan Pharmaceuticals Inc.,1996,Type 1 - New Molecular Entity
NDA020659,N/A,N/A,N/A,1996,Type 1 - New Molecular Entity
BLA020563,INSULIN LISPRO,INSULIN LISPRO,Eli Lilly and Company,1996,Type 1 - New Molecular Entity
NDA020397,ZANAFLEX,TIZANIDINE HYDROCHLORIDE,"Covis Pharma US, Inc",1996,Type 1 - New Molecular Entity
NDA050679,N/A,N/A,N/A,1996,Type 1 - New Molecular Entity
NDA020666,ALBENDAZOLE,ALBENDAZOLE,Amneal Pharmaceuticals of New York LLC,1996,Type 1 - New Molecular Entity
NDA020685,N/A,N/A,N/A,1996,Type 1 - New Molecular Entity
NDA020193,ELMIRON,PENTOSAN POLYSULFATE SODIUM,"Janssen Pharmaceuticals, Inc.",1996,Type 1 - New Molecular Entity
NDA020630,ULTIVA,REMIFENTANIL HYDROCHLORIDE,Mylan Institutional LLC,1996,Type 1 - New Molecular Entity
NDA020571,CAMPTOSAR,IRINOTECAN HYDROCHLORIDE,Pharmacia & Upjohn Company LLC,1996,Type 1 - New Molecular Entity
NDA020706,N/A,N/A,N/A,1997,Type 1 - New Molecular Entity
NDA020600,TAZORAC,TAZAROTENE,"Almirall, LLC",1997,Type 1 - New Molecular Entity
NDA020705,N/A,N/A,N/A,1997,Type 1 - New Molecular Entity
NDA020587,N/A,N/A,N/A,1997,Type 1 - New Molecular Entity
NDA020707,N/A,N/A,N/A,1997,Type 1 - New Molecular Entity
NDA020738,N/A,N/A,N/A,1997,Type 1 - New Molecular Entity
NDA020639,SEROQUEL,QUETIAPINE,"H2-Pharma, LLC",1997,Type 1 - New Molecular Entity
NDA020579,N/A,N/A,N/A,1997,Type 1 - New Molecular Entity
NDA020617,N/A,N/A,N/A,1997,Type 1 - New Molecular Entity
NDA020759,N/A,N/A,N/A,1997,Type 1 - New Molecular Entity
NDA020741,N/A,N/A,N/A,1997,Type 1 - New Molecular Entity
NDA020720,N/A,N/A,N/A,1997,Type 1 - New Molecular Entity
NDA020696,N/A,N/A,N/A,1997,Type 1 - New Molecular Entity
NDA020646,TIAGABINE HYDROCHLORIDE,TIAGABINE HYDROCHLORIDE,"Teva Pharmaceuticals USA, Inc.",1997,Type 1 - New Molecular Entity
NDA020723,N/A,N/A,N/A,1997,Type 1 - New Molecular Entity
NDA020740,N/A,N/A,N/A,1997,Type 1 - New Molecular Entity
NDA008319,N/A,N/A,N/A,1997,Type 1 - New Molecular Entity and Type 4 - New Combination
NDA020757,AVAPRO,IRBESARTAN,Sanofi-Aventis U.S. LLC,1997,Type 1 - New Molecular Entity
NDA020695,N/A,N/A,N/A,1997,Type 1 - New Molecular Entity
NDA020768,N/A,N/A,N/A,1997,Type 1 - New Molecular Entity
NDA020667,N/A,N/A,N/A,1997,Type 1 - New Molecular Entity
NDA020726,FEMARA,LETROZOLE,Novartis Pharmaceuticals Corporation,1997,Type 1 - New Molecular Entity
NDA020632,N/A,N/A,N/A,1997,Type 1 - New Molecular Entity
BLA103705,RITUXAN,RITUXIMAB,"Genentech, Inc.",1997,Type 1 - New Molecular Entity
NDA020760,N/A,N/A,N/A,1997,Type 1 - New Molecular Entity
NDA020333,AGRYLIN,ANAGRELIDE HYDROCHLORIDE,"Takeda Pharmaceuticals America, Inc.",1997,Type 1 - New Molecular Entity
NDA020839,PLAVIX,CLOPIDOGREL,Sanofi-Aventis U.S. LLC,1997,Type 1 - New Molecular Entity
NDA019922,N/A,N/A,N/A,1997,Type 1 - New Molecular Entity
NDA020420,N/A,N/A,N/A,1997,Type 1 - New Molecular Entity
NDA020570,N/A,N/A,N/A,1997,Type 1 - New Molecular Entity
NDA050739,N/A,N/A,N/A,1997,Type 1 - New Molecular Entity
NDA020658,N/A,N/A,N/A,1997,Type 1 - New Molecular Entity
BLA103691,REGRANEX GEL 0.01%,BECAPLERMIN GEL 0.01%,"LRM Therapeutics, LLC",1997,Type 1 - New Molecular Entity
NDA020896,XELODA,CAPECITABINE,"H2-Pharma, LLC",1998,Type 1 - New Molecular Entity
NDA020892,VALSTAR,VALRUBICIN,"Endo USA, Inc.",1998,Type 1 - New Molecular Entity
NDA020895,SILDENAFIL CITRATE,SILDENAFIL CITRATE,Mylan Pharmaceuticals Inc.,1998,Type 1 - New Molecular Entity
NDA020961,N/A,N/A,N/A,1998,Type 1 - New Molecular Entity
NDA020835,ACTONEL,RISEDRONATE SODIUM,"Allergan, Inc.",1998,Type 1 - New Molecular Entity
NDA020718,N/A,N/A,N/A,1998,Type 1 - New Molecular Entity
BLA103792,HERCEPTIN,TRASTUZUMAB,"Genentech, Inc.",1998,Type 1 - New Molecular Entity
NDA020829,SINGULAIR,MONTELUKAST SODIUM,Organon LLC,1998,Type 1 - New Molecular Entity
NDA020785,THALOMID,THALIDOMIDE,Celgene Corporation,1998,Type 1 - New Molecular Entity
BLA103770,SYNAGIS,PALIVIZUMAB,Swedish Orphan Biovitrum AB (publ),1998,Type 1 - New Molecular Entity
BLA020898,THYROGEN,THYROTROPIN ALFA,Genzyme Corporation,1998,Type 1 - New Molecular Entity
BLA103772,INFLIXIMAB,INFLIXIMAB,"Janssen Biotech, Inc.",1998,Type 1 - New Molecular Entity
BLA103795,ENBREL,ETANERCEPT,Immunex Corporation,1998,Type 1 - New Molecular Entity
NDA020977,N/A,N/A,N/A,1998,Type 1 - New Molecular Entity
NDA021024,PRIFTIN,RIFAPENTINE,sanofi-aventis U.S. LLC,1998,Type 1 - New Molecular Entity
NDA020864,MAXALT,RIZATRIPTAN BENZOATE,Organon LLC,1998,Type 1 - New Molecular Entity
NDA020816,BRINZOLAMIDE,BRINZOLAMIDE,Sandoz Inc,1998,Type 1 - New Molecular Entity
NDA020850,MICARDIS,TELMISARTAN,"Boehringer Ingelheim Pharmaceuticals, Inc.",1998,Type 1 - New Molecular Entity
NDA020912,AGGRASTAT,TIROFIBAN,Medicure International Inc,1998,Type 1 - New Molecular Entity
NDA020771,TOLTERODINE TARTRATE,TOLTERODINE TARTRATE,Mylan Pharmaceuticals Inc.,1998,Type 1 - New Molecular Entity
NDA020887,N/A,N/A,N/A,1998,Type 1 - New Molecular Entity
NDA020838,ATACAND,CANDESARTAN CILEXETIL,"ANI Pharmaceuticals, Inc.",1998,Type 1 - New Molecular Entity
BLA103764,SIMULECT,BASILIXIMAB,Novartis Pharmaceuticals Corporation,1998,Type 1 - New Molecular Entity
NDA020905,ARAVA,LEFLUNOMIDE,sanofi-aventis U.S. LLC,1998,Type 1 - New Molecular Entity
NDA020803,LOTEPREDNOL ETABONATE,LOTEPREDNOL ETABONATE,Bausch & Lomb Americas Inc.,1998,Type 1 - New Molecular Entity
BLA020772,SUCRAID,SACROSIDASE,"QOL Medical, LLC",1998,Type 1 - New Molecular Entity
NDA020822,CELEXA,CITALOPRAM,"Allergan, Inc.",1998,Type 1 - New Molecular Entity
NDA020583,LOTEPREDNOL ETABONATE,LOTEPREDNOL ETABONATE,Bausch & Lomb Americas Inc.,1998,Type 1 - New Molecular Entity
NDA020926,N/A,N/A,N/A,1998,Type 1 - New Molecular Entity
NDA020819,ZEMPLAR,PARICALCITOL,AbbVie Inc.,1998,Type 1 - New Molecular Entity
BLA103786,N/A,N/A,N/A,1998,Type 1 - New Molecular Entity
NDA020972,N/A,N/A,N/A,1998,Type 1 - New Molecular Entity
BLA020521,INFASURF,CALFACTANT,ONY Biotech Inc.,1998,Type 1 - New Molecular Entity
NDA020763,N/A,N/A,N/A,1998,Type 1 - New Molecular Entity
NDA020697,TASMAR,TOLCAPONE,Bausch Health US LLC,1998,Type 1 - New Molecular Entity
NDA021042,N/A,N/A,N/A,1999,Type 1 - New Molecular Entity
NDA020931,TIKOSYN,DOFETILIDE,Pfizer Laboratories Div Pfizer Inc,1999,Type 1 - New Molecular Entity
NDA020862,N/A,N/A,N/A,1999,Type 1 - New Molecular Entity
NDA050747,N/A,N/A,N/A,1999,Type 1 - New Molecular Entity
NDA020937,N/A,N/A,N/A,1999,Type 1 - New Molecular Entity
NDA020955,FERRLECIT,SODIUM FERRIC GLUCONATE COMPLEX,sanofi-aventis U.S. LLC,1999,Type 1 - New Molecular Entity
NDA021066,N/A,N/A,N/A,1999,Type 1 - New Molecular Entity
NDA021071,N/A,N/A,N/A,1999,Type 1 - New Molecular Entity
NDA020863,N/A,N/A,N/A,1999,Type 1 - New Molecular Entity
NDA021029,TEMODAR,TEMOZOLOMIDE,Merck Sharp & Dohme LLC,1999,Type 1 - New Molecular Entity
NDA020965,LEVULAN KERASTICK,AMINOLEVULINIC ACID HYDROCHLORIDE,"Sun Pharmaceutical Industries, Inc",1999,Type 1 - New Molecular Entity
NDA020753,EXEMESTANE,EXEMESTANE,Mylan Pharmaceuticals Inc.,1999,Type 1 - New Molecular Entity
NDA050778,ELLENCE,EPIRUBICIN HYDROCHLORIDE,Pharmacia & Upjohn Company LLC,1999,Type 1 - New Molecular Entity
NDA021087,TAMIFLU,OSELTAMIVIR PHOSPHATE,"Genentech, Inc.",1999,Type 1 - New Molecular Entity
NDA021057,GANIRELIX ACETATE,GANIRELIX ACETATE,Organon LLC,1999,Type 1 - New Molecular Entity
NDA021085,N/A,N/A,N/A,1999,Type 1 - New Molecular Entity
NDA021038,PRECEDEX,DEXMEDETOMIDINE HYDROCHLORIDE,"Hospira, Inc.",1999,Type 1 - New Molecular Entity
NDA021083,SIROLIMUS,SIROLIMUS,Mylan Pharmaceuticals Inc.,1999,Type 1 - New Molecular Entity
NDA021055,TARGRETIN,BEXAROTENE,"Bausch Health US, LLC",1999,Type 1 - New Molecular Entity
NDA020973,ACIPHEX,RABEPRAZOLE SODIUM,Waylis Therapeutics LLC,1999,Type 1 - New Molecular Entity
NDA020922,N/A,N/A,N/A,1999,Type 1 - New Molecular Entity and Type 4 - New Combination
NDA021073,ACTOS,PIOGLITAZONE,"Takeda Pharmaceuticals America, Inc.",1999,Type 1 - New Molecular Entity
NDA021079,N/A,N/A,N/A,1999,Type 1 - New Molecular Entity
NDA021036,RELENZA,ZANAMIVIR,GlaxoSmithKline LLC,1999,Type 1 - New Molecular Entity
BLA103767,N/A,N/A,N/A,1999,Type 1 - New Molecular Entity
NDA020859,N/A,N/A,N/A,1999,Type 1 - New Molecular Entity
BLA020744,CUROSURF,PORACTANT ALFA,"Chiesi USA, Inc.",1999,Type 1 - New Molecular Entity
BLA103836,ACTIMMUNE,INTERFERON GAMMA-1B,"Horizon Therapeutics USA, Inc.",1999,Type 1 - New Molecular Entity
NDA020766,XENICAL,ORLISTAT,H2-Pharma LLC,1999,Type 1 - New Molecular Entity
NDA021035,KEPPRA,LEVETIRACETAM,"UCB, Inc.",1999,Type 1 - New Molecular Entity
NDA020796,ENTACAPONE,ENTACAPONE,"Sun Pharmaceutical Industries, Inc.",1999,Type 1 - New Molecular Entity
NDA020823,N/A,N/A,N/A,2000,Type 1 - New Molecular Entity
NDA021176,WELCHOL,COLESEVELAM HYDROCHLORIDE,"Cosette Pharmaceuticals, Inc.",2000,Type 1 - New Molecular Entity
NDA020484,N/A,N/A,N/A,2000,Type 1 - New Molecular Entity
NDA020938,N/A,N/A,N/A,2000,Type 1 - New Molecular Entity
BLA021081,LANTUS SOLOSTAR,INSULIN GLARGINE,sanofi-aventis U.S. LLC,2000,Type 1 - New Molecular Entity
BLA103909,TNKASE,TENECTEPLASE,"Genentech, Inc.",2000,Type 1 - New Molecular Entity
BLA103846,MYOBLOC,RIMABOTULINUMTOXINB,"Solstice Neurosciences, LLC",2000,Type 1 - New Molecular Entity
NDA020883,N/A,N/A,N/A,2000,Type 1 - New Molecular Entity
NDA021084,N/A,N/A,N/A,2000,Type 1 - New Molecular Entity and Type 4 - New Combination
NDA021197,CETROTIDE,CETRORELIX ACETATE,"EMD Serono, Inc.",2000,Type 1 - New Molecular Entity
NDA021214,N/A,N/A,N/A,2000,Type 1 - New Molecular Entity
NDA020873,BIVALIRUDIN,BIVALIRUDIN,"Civica, Inc.",2000,Type 1 - New Molecular Entity
NDA021119,VISUDYNE,VERTEPORFIN FOR INJECTION,Bausch & Lomb Incorporated,2000,Type 1 - New Molecular Entity
NDA021204,N/A,N/A,N/A,2000,Type 1 - New Molecular Entity
NDA020789,ZONEGRAN,ZONISAMIDE,Advanz Pharma (US) Corp.,2000,Type 1 - New Molecular Entity
NDA020971,ARTICAINE,ARTICAINE HYDROCHLORIDE AND EPINEPHRINE,Benco Dental,2000,Type 1 - New Molecular Entity and Type 4 - New Combination
NDA021107,LOTRONEX,ALOSETRON HYDROCHLORIDE,Legacy Pharma USA Inc.,2000,Type 1 - New Molecular Entity
NDA020715,TRELSTAR,TRIPTORELIN PAMOATE,Verity Pharmaceuticals Inc.,2000,Type 1 - New Molecular Entity
NDA020610,N/A,N/A,N/A,2000,Type 1 - New Molecular Entity
NDA021248,TRISENOX,ARSENIC TRIOXIDE,"Cephalon, LLC",2000,Type 1 - New Molecular Entity
NDA020941,ABREVA,DOCOSANOL,Haleon US Holdings LLC,2000,Type 1 - New Molecular Entity
NDA021226,N/A,N/A,N/A,2000,Type 1 - New Molecular Entity and Type 4 - New Combination
NDA021130,ZYVOX,LINEZOLID,Pharmacia & Upjohn Company LLC,2000,Type 1 - New Molecular Entity
NDA021222,N/A,N/A,N/A,2001,Type 1 - New Molecular Entity
NDA020920,N/A,N/A,N/A,2001,Type 1 - New Molecular Entity
NDA021356,VIREAD,TENOFOVIR DISOPROXIL FUMARATE,"Gilead Sciences, Inc.",2001,Type 1 - New Molecular Entity
NDA021180,N/A,N/A,N/A,2001,Type 1 - New Molecular Entity and Type 4 - New Combination
NDA021223,N/A,N/A,N/A,2001,Type 1 - New Molecular Entity
NDA021187,NUVARING,ETONOGESTREL AND ETHINYL ESTRADIOL,Advanz Pharma (US) Corp.,2001,Type 1 - New Molecular Entity
NDA021275,N/A,N/A,N/A,2001,Type 1 - New Molecular Entity
BLA103950,KINERET,ANAKINRA,Swedish Orphan Biovitrum AB (publ),2001,Type 1 - New Molecular Entity
NDA020825,GEODON,ZIPRASIDONE,Viatris Specialty LLC,2001,Type 1 - New Molecular Entity
BLA103951,ARANESP,DARBEPOETIN ALFA,"Amgen, Inc",2001,Type 1 - New Molecular Entity
BLA103948,CAMPATH,ALEMTUZUMAB,Genzyme Corporation,2001,Type 1 - New Molecular Entity
NDA021257,N/A,N/A,N/A,2001,Type 1 - New Molecular Entity
NDA021165,CLARINEX,DESLORATADINE,Organon LLC,2001,Type 1 - New Molecular Entity
NDA021169,N/A,N/A,N/A,2001,Type 1 - New Molecular Entity
NDA021064,DEFINITY,PERFLUTREN,"Lantheus Medical Imaging, Inc.",2001,Type 1 - New Molecular Entity
NDA021227,CANCIDAS,CASPOFUNGIN ACETATE,Merck Sharp & Dohme LLC,2001,Type 1 - New Molecular Entity
NDA021098,YASMIN,DROSPIRENONE AND ETHINYL ESTRADIOL,Bayer HealthCare Pharmaceuticals Inc.,2001,Type 1 - New Molecular Entity and Type 4 - New Combination
NDA021302,PIMECROLIMUS,PIMECROLIMUS,Oceanside Pharmaceuticals,2001,Type 1 - New Molecular Entity
NDA021290,TRACLEER,BOSENTAN,"Actelion Pharmaceuticals US, Inc.",2001,Type 1 - New Molecular Entity
BLA103949,N/A,N/A,N/A,2001,Type 1 - New Molecular Entity
NDA020831,N/A,N/A,N/A,2001,Type 1 - New Molecular Entity
NDA021232,ORFADIN,NITISINONE,SWEDISH ORPHAN BIOVITRUM AB (PUBL),2002,Type 1 - New Molecular Entity
NDA021272,REMODULIN,TREPROSTINIL,United Therapeutics Corporation,2002,Type 1 - New Molecular Entity
NDA021437,EPLERENONE,EPLERENONE,Mylan Pharmaceuticals Inc.,2002,Type 1 - New Molecular Entity
NDA021436,ABILIFY,ARIPIPRAZOLE,"Otsuka America Pharmaceutical, Inc.",2002,Type 1 - New Molecular Entity
NDA021492,N/A,N/A,N/A,2002,Type 1 - New Molecular Entity
NDA021266,VFEND,VORICONAZOLE,Roerig,2002,Type 1 - New Molecular Entity
NDA021016,RELPAX,ELETRIPTAN HYDROBROMIDE,Viatris Specialty LLC,2002,Type 1 - New Molecular Entity
NDA021196,SODIUM OXYBATE,SODIUM OXYBATE,Hikma Pharmaceuticals USA Inc.,2002,Type 1 - New Molecular Entity
NDA021445,ZETIA,EZETIMIBE,Organon LLC,2002,Type 1 - New Molecular Entity
NDA021286,BENICAR,OLMESARTAN MEDOXOMIL,"Cosette Pharmaceuticals, Inc.",2002,Type 1 - New Molecular Entity
NDA021498,N/A,N/A,N/A,2002,Type 1 - New Molecular Entity
BLA103946,ELITEK,RASBURICASE,Sanofi-Aventis U.S. LLC,2002,Type 1 - New Molecular Entity
BLA125057,HUMIRA,ADALIMUMAB,Cordavis Limited,2002,Type 1 - New Molecular Entity
BLA125019,ZEVALIN,IBRITUMOMAB TIUXETAN,Acrotech Biopharma Inc,2002,Type 1 - New Molecular Entity
BLA125031,NEULASTA,PEGFILGRASTIM,"Amgen, Inc",2002,Type 1 - New Molecular Entity
BLA103964,PEGASYS,PEGINTERFERON ALFA-2A,pharmaand GmbH,2002,Type 1 - New Molecular Entity
BLA103780,REBIF,INTERFERON BETA-1A,"EMD Serono, Inc.",2002,Type 1 - New Molecular Entity
NDA021200,N/A,N/A,N/A,2002,Type 1 - New Molecular Entity
NDA021411,STRATTERA,ATOMOXETINE HYDROCHLORIDE,Eli Lilly and Company,2002,Type 1 - New Molecular Entity
NDA021191,N/A,N/A,N/A,2002,Type 1 - New Molecular Entity
NDA021449,N/A,N/A,N/A,2002,Type 1 - New Molecular Entity
NDA021385,ERTACZO,SERTACONAZOLE NITRATE,"Lacer Pharma, LLC",2003,Type 1 - New Molecular Entity
NDA021455,N/A,N/A,N/A,2003,Type 1 - New Molecular Entity
NDA021626,RADIOGARDASE,PRUSSIAN BLUE INSOLUBLE CAPSULES,Heyl Chem.-pharm. Fabrik GmbH & Co. KG,2003,Type 1 - New Molecular Entity
NDA021372,PALONOSETRON HYDROCHLORIDE,PALONOSETRON HYDROCHLORIDE,Cipla USA Inc.,2003,Type 1 - New Molecular Entity
NDA021567,REYATAZ,ATAZANAVIR,"E.R. Squibb & Sons, L.L.C.",2003,Type 1 - New Molecular Entity
NDA021565,N/A,N/A,N/A,2003,Type 1 - New Molecular Entity
NDA021287,UROXATRAL,ALFUZOSIN HCL,Advanz Pharma (US) Corp.,2003,Type 1 - New Molecular Entity
NDA021572,N/A,N/A,N/A,2003,Type 1 - New Molecular Entity
NDA021368,CIALIS,TADALAFIL,Eli Lilly and Company,2003,Type 1 - New Molecular Entity
NDA021500,EMTRIVA,EMTRICITABINE,"Gilead Sciences, Inc.",2003,Type 1 - New Molecular Entity
NDA021399,N/A,N/A,N/A,2003,Type 1 - New Molecular Entity
BLA103979,FABRAZYME,AGALSIDASE BETA,Genzyme Corporation,2003,Type 1 - New Molecular Entity
NDA021549,EMEND,APREPITANT,Merck Sharp & Dohme LLC,2003,Type 1 - New Molecular Entity
BLA125058,ALDURAZYME,LARONIDASE,Genzyme Corporation,2003,Type 1 - New Molecular Entity
NDA021602,VELCADE,BORTEZOMIB,"Takeda Pharmaceuticals America, Inc.",2003,Type 1 - New Molecular Entity
NDA021400,N/A,N/A,N/A,2003,Type 1 - New Molecular Entity
NDA021158,N/A,N/A,N/A,2003,Type 1 - New Molecular Entity
BLA021106,SOMAVERT,PEGVISOMANT,Pharmacia & Upjohn Company LLC,2003,Type 1 - New Molecular Entity
NDA021366,CRESTOR,ROSUVASTATIN,AstraZeneca Pharmaceuticals LP,2003,Type 1 - New Molecular Entity
NDA021481,N/A,N/A,N/A,2003,Type 1 - New Molecular Entity
BLA103976,XOLAIR,OMALIZUMAB,"Genentech, Inc.",2003,Type 1 - New Molecular Entity
NDA021487,MEMANTINE HYDROCHLORIDE,MEMANTINE HYDROCHLORIDE,"Actavis Pharma, Inc.",2003,Type 1 - New Molecular Entity
NDA021348,ZAVESCA,MIGLUSTAT,"Actelion Pharmaceuticals US, Inc.",2003,Type 1 - New Molecular Entity
NDA021256,CHIRHOSTIM,HUMAN SECRETIN,"ChiRhoClin, Inc.",2004,Type 1 - New Molecular Entity
BLA021629,APIDRA,INSULIN GLULISINE,sanofi-aventis U.S. LLC,2004,Type 1 - New Molecular Entity
BLA125104,TYSABRI,NATALIZUMAB,Biogen Inc.,2004,Type 1 - New Molecular Entity
NDA021756,N/A,N/A,N/A,2004,Type 1 - New Molecular Entity
NDA021518,VESICARE,SOLIFENACIN SUCCINATE,"Astellas Pharma US, Inc.",2004,Type 1 - New Molecular Entity
NDA021513,N/A,N/A,N/A,2004,Type 1 - New Molecular Entity
NDA021743,N/A,N/A,N/A,2004,Type 1 - New Molecular Entity
BLA125084,ERBITUX,CETUXIMAB,ImClone LLC,2004,Type 1 - New Molecular Entity
NDA021431,N/A,N/A,N/A,2004,Type 1 - New Molecular Entity
BLA125103,KEPIVANCE,PALIFERMIN,Swedish Orphan Biovitrum AB (publ),2004,Type 1 - New Molecular Entity
NDA021446,LYRICA,PREGABALIN,Parke-Davis Div of Pfizer Inc,2004,Type 1 - New Molecular Entity
NDA021361,XIFAXAN,RIFAXIMIN,"Salix Pharmaceuticals, Inc.",2004,Type 1 - New Molecular Entity
NDA021779,N/A,N/A,N/A,2004,Type 1 - New Molecular Entity
NDA021144,N/A,N/A,N/A,2004,Type 1 - New Molecular Entity
NDA020564,EPIVIR,LAMIVUDINE,ViiV Healthcare Company,2004,Type 1 - New Molecular Entity
NDA021264,N/A,N/A,N/A,2004,Type 1 - New Molecular Entity
NDA021357,MULTIHANCE,GADOBENATE DIMEGLUMINE,BRACCO DIAGNOSTICS INC,2004,Type 1 - New Molecular Entity
NDA021618,TINDAMAX,TINIDAZOLE,Mission Pharmacal Company,2004,Type 1 - New Molecular Entity
NDA021595,N/A,N/A,N/A,2004,Type 1 - New Molecular Entity
NDA021395,SPIRIVA HANDIHALER,TIOTROPIUM BROMIDE,"Boehringer Ingelheim Pharmaceuticals, Inc.",2004,Type 1 - New Molecular Entity
NDA021751,N/A,N/A,N/A,2004,Type 1 - New Molecular Entity
NDA021427,CYMBALTA,DULOXETINE HYDROCHLORIDE,Eli Lilly and Company,2004,Type 1 - New Molecular Entity
NDA021654,LOVAZA,OMEGA-3-ACID ETHYL ESTERS,Waylis Therapeutics LLC,2004,Type 1 - New Molecular Entity
NDA021468,FOSRENOL,LANTHANUM CARBONATE,"Takeda Pharmaceuticals America, Inc.",2004,Type 1 - New Molecular Entity
NDA021749,N/A,N/A,N/A,2004,Type 1 - New Molecular Entity
NDA021060,PRIALT,ZICONOTIDE ACETATE,TerSera Therapeutics LLC,2004,Type 1 - New Molecular Entity
BLA125085,AVASTIN,BEVACIZUMAB,"Genentech, Inc.",2004,Type 1 - New Molecular Entity
BLA021640,N/A,N/A,N/A,2004,Type 1 - New Molecular Entity
NDA021462,ALIMTA,PEMETREXED DISODIUM,Eli Lilly and Company,2004,Type 1 - New Molecular Entity
NDA021476,LUNESTA,ESZOPICLONE,Waylis Therapeutics LLC,2004,Type 1 - New Molecular Entity
NDA050794,VIDAZA,AZACITIDINE,Celgene Corporation,2004,Type 1 - New Molecular Entity
BLA021536,LEVEMIR,INSULIN DETEMIR,Novo Nordisk,2005,Type 1 - New Molecular Entity
BLA125117,NAGLAZYME,GALSULFASE,BioMarin Pharmaceutical Inc.,2005,Type 1 - New Molecular Entity
NDA021782,ROZEREM,RAMELTEON,"Takeda Pharmaceuticals America, Inc.",2005,Type 1 - New Molecular Entity
NDA021797,BARACLUDE,ENTECAVIR,"E.R. Squibb & Sons, L.L.C.",2005,Type 1 - New Molecular Entity
NDA021773,BYETTA,EXENATIDE,AstraZeneca Pharmaceuticals LP,2005,Type 1 - New Molecular Entity
NDA021877,ARRANON,NELARABINE,Sandoz Inc,2005,Type 1 - New Molecular Entity
NDA021821,TYGACIL,TIGECYCLINE,"Wyeth Pharmaceuticals LLC, a subsidiary of Pfizer Inc.",2005,Type 1 - New Molecular Entity
NDA021882,EXJADE,DEFERASIROX,Novartis Pharmaceuticals Corporation,2005,Type 1 - New Molecular Entity
NDA021862,NEVANAC,NEPAFENAC,"Harrow Eye, LLC",2005,Type 1 - New Molecular Entity
NDA021506,MYCAMINE,MICAFUNGIN SODIUM,"Astellas Pharma US, Inc.",2005,Type 1 - New Molecular Entity
BLA021859,HYLENEX RECOMBINANT,HYALURONIDASE,"Antares Pharma, Inc.",2005,Type 1 - New Molecular Entity
NDA021880,REVLIMID,LENALIDOMIDE,Celgene Corporation,2005,Type 1 - New Molecular Entity
NDA021923,NEXAVAR,SORAFENIB,Bayer HealthCare Pharmaceuticals Inc.,2005,Type 1 - New Molecular Entity
BLA125118,ORENCIA,ABATACEPT,"E.R. Squibb & Sons, L.L.C.",2005,Type 1 - New Molecular Entity
NDA021814,APTIVUS,TIPRANAVIR,"Boehringer Ingelheim Pharmaceuticals, Inc.",2005,Type 1 - New Molecular Entity
BLA021839,INCRELEX,MECASERMIN,"Ipsen Biopharmaceuticals, Inc.",2005,Type 1 - New Molecular Entity
BLA021716,N/A,N/A,N/A,2005,Type 1 - New Molecular Entity
BLA021884,N/A,N/A,N/A,2005,Type 1 - New Molecular Entity and Type 4 - New Combination
NDA021632,ERAXIS,ANIDULAFUNGIN,Roerig,2006,Type 1 - New Molecular Entity
NDA021790,N/A,N/A,N/A,2006,Type 1 - New Molecular Entity
NDA021986,DASATINIB,DASATINIB,Prasco Laboratories,2006,Type 1 - New Molecular Entity
NDA021526,N/A,N/A,N/A,2006,Type 1 - New Molecular Entity
NDA021928,CHANTIX,VARENICLINE TARTRATE,Pfizer Laboratories Div Pfizer Inc,2006,Type 1 - New Molecular Entity
NDA021991,ZOLINZA,VORINOSTAT,Merck Sharp & Dohme LLC,2006,Type 1 - New Molecular Entity
NDA022011,N/A,N/A,N/A,2006,Type 1 - New Molecular Entity
NDA050786,"BISMUTH SUBCITRATE POTASSIUM, METRONIDAZOLE AND TETRACYCLINE HYDROCHLORIDE","BISMUTH SUBCITRATE POTASSIUM, METRONIDAZOLE AND TETRACYCLINE HYDROCHLORIDE","H2-Pharma, LLC",2006,Type 1 - New Molecular Entity and Type 4 - New Combination
NDA021502,N/A,N/A,N/A,2006,Type 1 - New Molecular Entity and Type 4 - New Combination
NDA021938,SUTENT,SUNITINIB MALATE,Pfizer Laboratories Div Pfizer Inc,2006,Type 1 - New Molecular Entity
NDA021999,INVEGA,PALIPERIDONE,"Janssen Pharmaceuticals, Inc.",2006,Type 1 - New Molecular Entity
NDA021641,AZILECT,RASAGILINE MESYLATE,"Teva Neuroscience, Inc.",2006,Type 1 - New Molecular Entity
NDA021995,JANUVIA,SITAGLIPTIN,Merck Sharp & Dohme LLC,2006,Type 1 - New Molecular Entity
NDA021908,LUBIPROSTONE,LUBIPROSTONE,Dr. Reddy's Laboratories Inc.,2006,Type 1 - New Molecular Entity
NDA021902,VEREGEN,SINECATECHINS,"ANI Pharmaceuticals, Inc.",2006,Type 1 - New Molecular Entity
NDA022003,NOXAFIL,POSACONAZOLE,Merck Sharp & Dohme LLC,2006,Type 1 - New Molecular Entity
NDA021976,PREZISTA,DARUNAVIR,Janssen Products LP,2006,Type 1 - New Molecular Entity
BLA125141,N/A,N/A,N/A,2006,Type 1 - New Molecular Entity
NDA022004,OMNARIS,CICLESONIDE,"Covis Pharma US, Inc",2006,Type 1 - New Molecular Entity
BLA125156,LUCENTIS,RANIBIZUMAB,"Genentech, Inc.",2006,Type 1 - New Molecular Entity
BLA125147,VECTIBIX,PANITUMUMAB,"Amgen, Inc",2006,Type 1 - New Molecular Entity
BLA125151,ELAPRASE,IDURSULFASE,"Takeda Pharmaceuticals America, Inc.",2006,Type 1 - New Molecular Entity
NDA021742,BYSTOLIC,NEBIVOLOL HYDROCHLORIDE,"Allergan, Inc.",2007,Type 1 - New Molecular Entity
NDA022119,AMMONIA N 13,NH3N13,THE FEINSTEIN INSTITUTES FOR MEDICAL RESEARCH,2007,Type 1 - New Molecular Entity
NDA022074,SOMATULINE DEPOT,LANREOTIDE ACETATE,"Ipsen Biopharmaceuticals, Inc.",2007,Type 1 - New Molecular Entity
NDA022128,SELZENTRY,MARAVIROC,ViiV Healthcare Company,2007,Type 1 - New Molecular Entity
NDA022081,LETAIRIS,AMBRISENTAN,"Gilead Sciences, Inc.",2007,Type 1 - New Molecular Entity
NDA021829,NEUPRO,ROTIGOTINE,"UCB, Inc.",2007,Type 1 - New Molecular Entity
BLA125166,SOLIRIS,ECULIZUMAB,Alexion Pharmaceuticals Inc.,2007,Type 1 - New Molecular Entity
NDA022181,KUVAN,SAPROPTERIN DIHYDROCHLORIDE,BioMarin Pharmaceutical Inc.,2007,Type 1 - New Molecular Entity
NDA022065,IXEMPRA,IXABEPILONE,"R-Pharm US Operating, LLC",2007,Type 1 - New Molecular Entity
NDA022145,ISENTRESS,RALTEGRAVIR,Merck Sharp & Dohme LLC,2007,Type 1 - New Molecular Entity
NDA022088,TORISEL,TEMSIROLIMUS,"Wyeth Pharmaceuticals LLC, a subsidiary of Pfizer Inc.",2007,Type 1 - New Molecular Entity
NDA021985,ALISKIREN,ALISKIREN HEMIFUMARATE,Prasco Laboratories,2007,Type 1 - New Molecular Entity
NDA022106,N/A,N/A,N/A,2007,Type 1 - New Molecular Entity
BLA125164,MIRCERA,METHOXY POLYETHYLENE GLYCOL-EPOETIN BETA,Vifor (International) Inc.,2007,Type 1 - New Molecular Entity
NDA021977,VYVANSE,LISDEXAMFETAMINE DIMESYLATE,"Takeda Pharmaceuticals America, Inc.",2007,Type 1 - New Molecular Entity
NDA022068,TASIGNA,NILOTINIB,Novartis Pharmaceuticals Corporation,2007,Type 1 - New Molecular Entity
NDA021992,PRISTIQ EXTENDED-RELEASE,DESVENLAFAXINE SUCCINATE,"Wyeth Pharmaceuticals LLC, a subsidiary of Pfizer Inc.",2008,Type 1 - New Molecular Entity
BLA125249,ARCALYST,RILONACEPT,"Kiniksa Pharmaceuticals (UK), Ltd.",2008,Type 1 - New Molecular Entity
NDA022023,EMEND,FOSAPREPITANT DIMEGLUMINE,Merck Sharp & Dohme LLC,2008,Type 1 - New Molecular Entity
NDA022253,VIMPAT,LACOSAMIDE,"UCB, Inc.",2008,Type 1 - New Molecular Entity
NDA022201,FIRMAGON,DEGARELIX,Ferring Pharmaceuticals Inc.,2008,Type 1 - New Molecular Entity
NDA022187,ETRAVIRINE,ETRAVIRINE,Patriot Pharmaceuticals,2008,Type 1 - New Molecular Entity
NDA021775,N/A,N/A,N/A,2008,Type 1 - New Molecular Entity
NDA021894,XENAZINE,TETRABENAZINE,Lundbeck Pharmaceuticals LLC,2008,Type 1 - New Molecular Entity
NDA022156,CLEVIPREX,CLEVIDIPINE,Fresenius Kabi Austria GmbH,2008,Type 1 - New Molecular Entity
BLA125268,NPLATE,ROMIPLOSTIM,"Amgen, Inc",2008,Type 1 - New Molecular Entity
NDA022212,DIFLUPREDNATE OPHTHALMIC,DIFLUPREDNATE OPHTHALMIC,Sandoz Inc,2008,Type 1 - New Molecular Entity
NDA022290,ADREVIEW,IOBENGUANE I-123,Medi-Physics Inc.,2008,Type 1 - New Molecular Entity
NDA022090,EOVIST,GADOXETATE DISODIUM,Bayer HealthCare Pharmaceuticals Inc.,2008,Type 1 - New Molecular Entity
NDA022206,N/A,N/A,N/A,2008,Type 1 - New Molecular Entity
NDA022249,TREANDA,BENDAMUSTINE HYDROCHLORIDE,"Cephalon, LLC",2008,Type 1 - New Molecular Entity
BLA125160,CIMZIA,CERTOLIZUMAB PEGOL,"UCB, Inc.",2008,Type 1 - New Molecular Entity
NDA021964,RELISTOR,METHYLNALTREXONE BROMIDE,"Salix Pharmaceuticals, Inc.",2008,Type 1 - New Molecular Entity
NDA022304,TAPENTADOL,TAPENTADOL HYDROCHLORIDE,Hikma Pharmaceuticals USA Inc.,2008,Type 1 - New Molecular Entity
NDA021711,N/A,N/A,N/A,2008,Type 1 - New Molecular Entity
NDA021911,BANZEL,RUFINAMIDE,Eisai Inc.,2008,Type 1 - New Molecular Entity
NDA022291,PROMACTA,ELTROMBOPAG OLAMINE,Novartis Pharmaceuticals Corporation,2008,Type 1 - New Molecular Entity
NDA022311,MOZOBIL,PLERIXAFOR,Sanofi-Aventis U.S. LLC,2008,Type 1 - New Molecular Entity
NDA022244,N/A,N/A,N/A,2008,Type 1 - New Molecular Entity
NDA022161,LEXISCAN,REGADENOSON,"Astellas Pharma US, Inc.",2008,Type 1 - New Molecular Entity
NDA022129,N/A,N/A,N/A,2009,Type 1 - New Molecular Entity
NDA022308,BESIVANCE,BESIFLOXACIN,Bausch & Lomb Americas Inc.,2009,Type 1 - New Molecular Entity
NDA022334,AFINITOR,EVEROLIMUS,Novartis Pharmaceuticals Corporation,2009,Type 1 - New Molecular Entity
NDA022393,ISTODAX,ROMIDEPSIN,Celgene Corporation,2009,Type 1 - New Molecular Entity
NDA022363,LIVALO,PITAVASTATIN CALCIUM,"Kowa Pharmaceuticals America, Inc.",2009,Type 1 - New Molecular Entity
NDA022307,EFFIENT,PRASUGREL HYDROCHLORIDE,"Cosette Pharmaceuticals, Inc.",2009,Type 1 - New Molecular Entity
BLA125261,USTEKINUMAB,USTEKINUMAB,"Janssen Biotech, Inc.",2009,Type 1 - New Molecular Entity
BLA125289,SIMPONI,GOLIMUMAB,"Janssen Biotech, Inc.",2009,Type 1 - New Molecular Entity
NDA022395,QUTENZA,CAPSAICIN,Averitas Pharma Inc,2009,Type 1 - New Molecular Entity
BLA125274,DYSPORT,BOTULINUM TOXIN TYPE A,"Galderma Laboratories, L.P.",2009,Type 1 - New Molecular Entity
NDA022350,N/A,N/A,N/A,2009,Type 1 - New Molecular Entity
BLA125277,KALBITOR,ECALLANTIDE,"Takeda Pharmaceuticals America, Inc.",2009,Type 1 - New Molecular Entity
NDA022256,SAVELLA,MILNACIPRAN HYDROCHLORIDE,"Allergan, Inc.",2009,Type 1 - New Molecular Entity
NDA022192,FANAPT,ILOPERIDONE,Vanda Pharmaceuticals Inc.,2009,Type 1 - New Molecular Entity
NDA022288,BEPOTASTINE BESILATE,BEPOTASTINE BESILATE,Bausch & Lomb Americas Inc.,2009,Type 1 - New Molecular Entity
NDA022117,SAPHRIS,ASENAPINE MALEATE,"Allergan, Inc.",2009,Type 1 - New Molecular Entity
NDA022468,FOLOTYN,PRALATREXATE,Acrotech Biopharma Inc,2009,Type 1 - New Molecular Entity
NDA020427,SABRIL,VIGABATRIN,Lundbeck Pharmaceuticals LLC,2009,Type 1 - New Molecular Entity
NDA022275,SAMSCA,TOLVAPTAN,"Otsuka America Pharmaceutical, Inc.",2009,Type 1 - New Molecular Entity
NDA022268,COARTEM,ARTEMETHER AND LUMEFANTRINE,Novartis Pharmaceuticals Corporation,2009,Type 1 - New Molecular Entity
NDA022465,VOTRIENT,PAZOPANIB HYDROCHLORIDE,Novartis Pharmaceuticals Corporation,2009,Type 1 - New Molecular Entity
NDA022110,VIBATIV,TELAVANCIN HYDROCHLORIDE,Cumberland Pharmaceuticals Inc.,2009,Type 1 - New Molecular Entity
NDA021856,ULORIC,FEBUXOSTAT,"Takeda Pharmaceuticals America, Inc.",2009,Type 1 - New Molecular Entity
NDA022134,LASTACAFT,ALCAFTADINE,"Allergan, Inc.",2010,Type 1 - New Molecular Entity
BLA125293,KRYSTEXXA,PEGLOTICASE,"Horizon Therapeutics USA, Inc.",2010,Type 1 - New Molecular Entity
NDA021201,ASCLERA,POLIDOCANOL,"Methapharm, Inc",2010,Type 1 - New Molecular Entity
BLA022575,VPRIV,VELAGLUCERASE ALFA,"Takeda Pharmaceuticals America, Inc.",2010,Type 1 - New Molecular Entity
BLA125276,ACTEMRA,TOCILIZUMAB,"Genentech, Inc.",2010,Type 1 - New Molecular Entity
NDA201023,JEVTANA,CABAZITAXEL,Sanofi-Aventis U.S. LLC,2010,Type 1 - New Molecular Entity
NDA022341,LIRAGLUTIDE,LIRAGLUTIDE,"Teva Pharmaceuticals USA, Inc.",2010,Type 1 - New Molecular Entity
NDA022252,NATAZIA,ESTRADIOL VALERATE AND ESTRADIOL VALERATE/DIENOGEST,Bayer HealthCare Pharmaceuticals Inc.,2010,Type 1 - New Molecular Entity and Type 4 - New Combination
NDA022250,AMPYRA,DALFAMPRIDINE,"Merz Pharmaceuticals, LLC",2010,Type 1 - New Molecular Entity
NDA200327,TEFLARO,CEFTAROLINE FOSAMIL,"Allergan, Inc.",2010,Type 1 - New Molecular Entity
NDA022562,CARBAGLU,CARGLUMIC ACID,Recordati Rare Diseases,2010,Type 1 - New Molecular Entity
NDA200603,LATUDA,LURASIDONE HYDROCHLORIDE,"Sumitomo Pharma America, Inc.",2010,Type 1 - New Molecular Entity
NDA022474,ELLA,ULIPRISTAL ACETATE,"HRA PHARMA AMERICA, INC.",2010,Type 1 - New Molecular Entity
NDA022527,GILENYA,FINGOLIMOD HCL,Novartis Pharmaceuticals Corporation,2010,Type 1 - New Molecular Entity
BLA022505,EGRIFTA WR,TESAMORELIN,Theratechnologies Inc.,2010,Type 1 - New Molecular Entity
NDA022512,PRADAXA,DABIGATRAN ETEXILATE MESYLATE,Boehringer Ingelheim Pharmaceuticals Inc.,2010,Type 1 - New Molecular Entity
NDA201532,HALAVEN,ERIBULIN MESYLATE,BSP Pharmaceuticals SpA,2010,Type 1 - New Molecular Entity
BLA125291,LUMIZYME,ALGLUCOSIDASE ALFA,Genzyme Corporation,2010,Type 1 - New Molecular Entity
NDA202022,EDURANT,RILPIVIRINE HYDROCHLORIDE,"Janssen Products, LP",2011,Type 1 - New Molecular Entity
NDA202570,XALKORI,CRIZOTINIB,Pfizer Laboratories Div Pfizer Inc,2011,Type 1 - New Molecular Entity
NDA022408,NATROBA,SPINOSAD,Cipher Pharmaceuticals Inc.,2011,Type 1 - New Molecular Entity
NDA202429,ZELBORAF,VEMURAFENIB,"Genentech, Inc.",2011,Type 1 - New Molecular Entity
NDA022567,VIIBRYD,VILAZODONE HYDROCHLORIDE,"Allergan, Inc.",2011,Type 1 - New Molecular Entity
NDA022383,N/A,N/A,N/A,2011,Type 1 - New Molecular Entity
NDA201699,DIFICID,FIDAXOMICIN,Merck Sharp & Dohme LLC,2011,Type 1 - New Molecular Entity
BLA125288,NULOJIX,BELATACEPT,"E.R. Squibb & Sons, L.L.C.",2011,Type 1 - New Molecular Entity
NDA022405,CAPRELSA,VANDETANIB,Genzyme Corporation,2011,Type 1 - New Molecular Entity
NDA201917,N/A,N/A,N/A,2011,Type 1 - New Molecular Entity and Type 4 - New Combination
NDA021825,FERRIPROX,DEFERIPRONE,"Chiesi USA, Inc.",2011,Type 1 - New Molecular Entity
NDA022522,DALIRESP,ROFLUMILAST,AstraZeneca Pharmaceuticals LP,2011,Type 1 - New Molecular Entity
NDA201280,TRADJENTA,LINAGLIPTIN,"Boehringer Ingelheim Pharmaceuticals, Inc.",2011,Type 1 - New Molecular Entity
NDA202192,JAKAFI,RUXOLITINIB,Incyte Corporation,2011,Type 1 - New Molecular Entity
NDA022399,HORIZANT,GABAPENTIN ENACARBIL,"Azurity Pharmaceuticals, Inc. (formerly Arbor Pharmaceuticals)",2011,Type 1 - New Molecular Entity
NDA201277,GADAVIST,GADOBUTROL,Bayer HealthCare Pharmaceuticals Inc.,2011,Type 1 - New Molecular Entity
NDA022150,FIRAZYR,ICATIBANT ACETATE,"Takeda Pharmaceuticals America, Inc.",2011,Type 1 - New Molecular Entity
NDA202067,ONFI,CLOBAZAM,Lundbeck Pharmaceuticals LLC,2011,Type 1 - New Molecular Entity
NDA202258,N/A,N/A,N/A,2011,Type 1 - New Molecular Entity and Type 4 - New Combination
NDA022345,N/A,N/A,N/A,2011,Type 1 - New Molecular Entity
NDA202379,ZYTIGA,ABIRATERONE ACETATE,"Janssen Biotech, Inc.",2011,Type 1 - New Molecular Entity
NDA022406,XARELTO,RIVAROXABAN,"Janssen Pharmaceuticals, Inc.",2011,Type 1 - New Molecular Entity
NDA203341,BOSULIF,BOSUTINIB,Pfizer Laboratories Div Pfizer Inc,2012,Type 1 - New Molecular Entity
NDA202276,N/A,N/A,N/A,2012,Type 1 - New Molecular Entity
NDA021746,N/A,N/A,N/A,2012,Type 1 - New Molecular Entity
NDA202535,N/A,N/A,N/A,2012,Type 1 - New Molecular Entity
NDA203858,JUXTAPID,LOMITAPIDE MESYLATE,Amryt Pharmaceuticals DAC,2012,Type 1 - New Molecular Entity
NDA202834,FYCOMPA,PERAMPANEL,Eisai Inc.,2012,Type 1 - New Molecular Entity
NDA203085,STIVARGA,REGORAFENIB,Bayer HealthCare Pharmaceuticals Inc.,2012,Type 1 - New Molecular Entity
NDA202811,LINZESS,LINACLOTIDE,"Allergan, Inc.",2012,Type 1 - New Molecular Entity
NDA203155,CHOLINE C 11,CHOLINE C-11,Mayo Clinic,2012,Type 1 - New Molecular Entity
NDA203388,ERIVEDGE,VISMODEGIB,"Genentech, Inc.",2012,Type 1 - New Molecular Entity
NDA203415,XTANDI,ENZALUTAMIDE,"Astellas Pharma US, Inc.",2012,Type 1 - New Molecular Entity
NDA203756,COMETRIQ,CABOZANTINIB,"Exelixis, Inc.",2012,Type 1 - New Molecular Entity
NDA202611,MYRBETRIQ,MIRABEGRON,"Astellas Pharma US, Inc.",2012,Type 1 - New Molecular Entity
NDA203441,GATTEX,TEDUGLUTIDE,"Takeda Pharmaceuticals America, Inc.",2012,Type 1 - New Molecular Entity
NDA202450,TUDORZA PRESSAIR,ACLIDINIUM BROMIDE,"Covis Pharma US, Inc",2012,Type 1 - New Molecular Entity
NDA202799,N/A,N/A,N/A,2012,Type 1 - New Molecular Entity
NDA203188,KALYDECO,IVACAFTOR,Vertex Pharmaceuticals Incorporated,2012,Type 1 - New Molecular Entity
NDA202008,AMYVID,FLORBETAPIR F 18,Eli Lilly and Company,2012,Type 1 - New Molecular Entity
BLA125294,GRANIX,TBO-FILGRASTIM,"Cephalon, LLC",2012,Type 1 - New Molecular Entity
NDA202833,N/A,N/A,N/A,2012,Type 1 - New Molecular Entity
NDA202992,AUBAGIO,TERIFLUNOMIDE,Genzyme Corporation,2012,Type 1 - New Molecular Entity
NDA203100,STRIBILD,"ELVITEGRAVIR, COBICISTAT, EMTRICITABINE, AND TENOFOVIR DISOPROXIL FUMARATE","Gilead Sciences, Inc.",2012,Type 1 - New Molecular Entity and Type 4 - New Combination
NDA202324,INLYTA,AXITINIB,U.S. Pharmaceuticals,2012,Type 1 - New Molecular Entity
NDA200677,SIGNIFOR,PASIREOTIDE,"Recordati Rare Diseases, Inc.",2012,Type 1 - New Molecular Entity
NDA202292,MYTESI,CROFELEMER,"Napo Pharmaceuticals, Inc.",2012,Type 1 - New Molecular Entity
NDA202714,KYPROLIS,CARFILZOMIB,"Onyx Pharmaceuticals, Inc.",2012,Type 1 - New Molecular Entity
NDA203585,N/A,N/A,N/A,2012,Type 1 - New Molecular Entity
NDA203469,ICLUSIG,PONATINIB HYDROCHLORIDE,"Takeda Pharmaceuticals America, Inc.",2012,Type 1 - New Molecular Entity
NDA022271,ALOGLIPTIN,ALOGLIPTIN,Padagis Israel Pharmaceuticals Ltd,2013,Type 1 - New Molecular Entity
NDA204819,ADEMPAS,RIOCIGUAT,Bayer HealthCare Pharmaceuticals Inc.,2013,Type 1 - New Molecular Entity
NDA204781,DOTAREM,GADOTERATE MEGLUMINE,Guerbet LLC,2013,Type 1 - New Molecular Entity
NDA203971,XOFIGO,RADIUM RA 223 DICHLORIDE,Bayer HealthCare Pharmaceuticals Inc.,2013,Type 1 - New Molecular Entity
NDA203568,N/A,N/A,N/A,2013,Type 1 - New Molecular Entity
NDA204153,LUZU,LULICONAZOLE,"Bausch Health US, LLC",2013,Type 1 - New Molecular Entity
NDA204026,POMALYST,POMALIDOMIDE,Celgene Corporation,2013,Type 1 - New Molecular Entity
NDA204447,TRINTELLIX,VORTIOXETINE,"Takeda Pharmaceuticals America, Inc.",2013,Type 1 - New Molecular Entity
NDA022416,APTIOM,ESLICARBAZEPINE ACETATE,"Sumitomo Pharma America, Inc.",2013,Type 1 - New Molecular Entity
NDA204063,TECFIDERA,DIMETHYL FUMARATE,Biogen Inc.,2013,Type 1 - New Molecular Entity
NDA204790,TIVICAY,DOLUTEGRAVIR SODIUM,ViiV Healthcare Company,2013,Type 1 - New Molecular Entity
NDA203137,VIZAMYL,FLUTEMETAMOL F-18,"GE Healthcare Inc. (Medi-Physics, Inc. dba GE Healthcare)",2013,Type 1 - New Molecular Entity
NDA204114,MEKINIST,TRAMETINIB,Novartis Pharmaceuticals Corporation,2013,Type 1 - New Molecular Entity
NDA022247,DUAVEE,CONJUGATED ESTROGENS/BAZEDOXIFENE,"Wyeth Pharmaceuticals LLC, a subsidiary of Pfizer Inc.",2013,Type 1 - New Molecular Entity and Type 4 - New Combination
NDA203505,OSPHENA,OSPEMIFENE,"Duchesnay USA, Inc.",2013,Type 1 - New Molecular Entity
NDA204275,BREO ELLIPTA,FLUTICASONE FUROATE AND VILANTEROL TRIFENATATE,GlaxoSmithKline LLC,2013,Type 1 - New Molecular Entity
NDA204671,SOVALDI,SOFOSBUVIR,"Gilead Sciences, Inc.",2013,Type 1 - New Molecular Entity
NDA202806,TAFINLAR,DABRAFENIB,Novartis Pharmaceuticals Corporation,2013,Type 1 - New Molecular Entity
NDA202207,KIT FOR THE PREPARATION OF LYMPHOSEEK (TECHNETIUM TC 99M TILMANOCEPT),TILMANOCEPT,"Cardinal Health 414, LLC",2013,Type 1 - New Molecular Entity
NDA204410,OPSUMIT,MACITENTAN,"Actelion Pharmaceuticals US, Inc.",2013,Type 1 - New Molecular Entity
NDA204042,INVOKANA,CANAGLIFLOZIN,"Janssen Pharmaceuticals, Inc.",2013,Type 1 - New Molecular Entity
NDA201292,GILOTRIF,AFATINIB,"Boehringer Ingelheim Pharmaceuticals, Inc.",2013,Type 1 - New Molecular Entity
NDA205437,OTEZLA,APREMILAST,"Amgen, Inc",2014,Type 1 - New Molecular Entity
NDA206619,N/A,N/A,N/A,2014,Type 1 - New Molecular Entity and Type 4 - New Combination
NDA205832,OFEV,NINTEDANIB,"Boehringer Ingelheim Pharmaceuticals, Inc.",2014,Type 1 - New Molecular Entity
NDA203684,LUMASON,SULFUR HEXAFLUORIDE,BRACCO DIAGNOSTICS INC,2014,Type 1 - New Molecular Entity
BLA125557,BLINCYTO,BLINATUMOMAB,"Amgen, Inc",2014,Type 1 - New Molecular Entity
NDA205834,LEDIPASVIR AND SOFOSBUVIR,LEDIPASVIR AND SOFOSBUVIR,Asegua Therapeutics LLC,2014,Type 1 - New Molecular Entity and Type 4 - New Combination
NDA204569,BELSOMRA,SUVOREXANT,Merck Sharp & Dohme LLC,2014,Type 1 - New Molecular Entity
NDA205435,SIVEXTRO,TEDIZOLID PHOSPHATE,Merck Sharp & Dohme LLC,2014,Type 1 - New Molecular Entity
NDA204427,N/A,N/A,N/A,2014,Type 1 - New Molecular Entity
NDA203108,STRIVERDI RESPIMAT,OLODATEROL RESPIMAT INHALATION SPRAY,"Boehringer Ingelheim Pharmaceuticals, Inc.",2014,Type 1 - New Molecular Entity
NDA206307,XTORO,FINAFLOXACIN,"Fonseca Biosciences, LLC",2014,Type 1 - New Molecular Entity
NDA206426,RAPIVAB,PERAMIVIR,"BioCryst Pharmaceuticals, Inc.",2014,Type 1 - New Molecular Entity
NDA204629,JARDIANCE,EMPAGLIFLOZIN,"Boehringer Ingelheim Pharmaceuticals, Inc.",2014,Type 1 - New Molecular Entity
NDA206829,ZERBAXA,CEFTOLOZANE AND TAZOBACTAM,Merck Sharp & Dohme LLC,2014,Type 1 - New Molecular Entity and Type 4 - New Combination
NDA204677,NEURACEQ,FLORBETABEN F 18,Lantheus Biosciences Ltd.,2014,Type 1 - New Molecular Entity
NDA022535,N/A,N/A,N/A,2014,Type 1 - New Molecular Entity
NDA206162,N/A,N/A,N/A,2014,Type 1 - New Molecular Entity
BLA125496,SYLVANT,SILTUXIMAB,"Recordati Rare Diseases, Inc.",2014,Type 1 - New Molecular Entity
BLA125499,PLEGRIDY PEN,PEGINTERFERON BETA-1A,Biogen Inc.,2014,Type 1 - New Molecular Entity
NDA204684,IMPAVIDO,MILTEFOSINE,"Profounda, Inc.",2014,Type 1 - New Molecular Entity
NDA205718,AKYNZEO,NETUPITANT AND PALONOSETRON,"Helsinn Therapeutics (U.S.), Inc.",2014,Type 1 - New Molecular Entity and Type 4 - New Combination
NDA205677,HETLIOZ,TASIMELTEON,Vanda Pharmaceuticals Inc.,2014,Type 1 - New Molecular Entity
BLA125514,KEYTRUDA,PEMBROLIZUMAB,Merck Sharp & Dohme LLC,2014,Type 1 - New Molecular Entity
NDA202293,FARXIGA,DAPAGLIFLOZIN,AstraZeneca Pharmaceuticals LP,2014,Type 1 - New Molecular Entity
NDA205858,ZYDELIG,IDELALISIB,"Gilead Sciences, Inc.",2014,Type 1 - New Molecular Entity
NDA205755,N/A,N/A,N/A,2014,Type 1 - New Molecular Entity
NDA205494,CERDELGA,ELIGLUSTAT,Genzyme Corporation,2014,Type 1 - New Molecular Entity
BLA125554,OPDIVO,NIVOLUMAB,"E.R. Squibb & Sons, L.L.C.",2014,Type 1 - New Molecular Entity
NDA204886,N/A,N/A,N/A,2014,Type 1 - New Molecular Entity
NDA206256,BELEODAQ,BELINOSTAT,Acrotech Biopharma Inc,2014,Type 1 - New Molecular Entity
NDA021883,DALVANCE,DALBAVANCIN,"Allergan, Inc.",2014,Type 1 - New Molecular Entity
NDA203567,JUBLIA,EFINACONAZOLE,Bausch Health US LLC,2014,Type 1 - New Molecular Entity
NDA207947,UPTRAVI,SELEXIPAG,"Actelion Pharmaceuticals US, Inc.",2015,Type 1 - New Molecular Entity
NDA022225,BRIDION,SUGAMMADEX,Merck Sharp & Dohme LLC,2015,Type 1 - New Molecular Entity
NDA205266,ODOMZO,SONIDEGIB,"Sun Pharmaceutical Industries, Inc.",2015,Type 1 - New Molecular Entity
BLA761035,EMPLICITI,ELOTUZUMAB,"E.R. Squibb & Sons, L.L.C.",2015,Type 1 - New Molecular Entity
NDA206038,ORKAMBI,LUMACAFTOR AND IVACAFTOR,Vertex Pharmaceuticals Incorporated,2015,Type 1 - New Molecular Entity
NDA205750,CHOLBAM,CHOLIC ACID,Mirum Pharmaceuticals Inc.,2015,Type 1 - New Molecular Entity
NDA206500,VARUBI,ROLAPITANT,TerSera Therapeutics LLC,2015,Type 1 - New Molecular Entity
NDA205739,VELTASSA,PATIROMER,"Vifor Pharma, Inc.",2015,Type 1 - New Molecular Entity
NDA207953,YONDELIS,TRABECTEDIN,"Janssen Products, LP",2015,Type 1 - New Molecular Entity
NDA207988,N/A,N/A,N/A,2015,Type 1 - New Molecular Entity
BLA125559,PRALUENT,ALIROCUMAB,"Regeneron Pharmaceuticals, Inc.",2015,Type 1 - New Molecular Entity
NDA206494,AVYCAZ,"CEFTAZIDIME, AVIBACTAM","Allergan, Inc.",2015,Type 1 - New Molecular Entity and Type 4 - New Combination
NDA206192,COTELLIC,COBIMETINIB,"Genentech, Inc.",2015,Type 1 - New Molecular Entity
NDA208169,XURIDEN,URIDINE TRIACETATE,BTG International Inc,2015,Type 1 - New Molecular Entity
BLA761036,DARZALEX,DARATUMUMAB,"Janssen Biotech, Inc.",2015,Type 1 - New Molecular Entity
NDA205353,N/A,N/A,N/A,2015,Type 1 - New Molecular Entity
NDA207561,GENVOYA,"ELVITEGRAVIR, COBICISTAT, EMTRICITABINE, AND TENOFOVIR ALAFENAMIDE","Gilead Sciences, Inc.",2015,Type 1 - New Molecular Entity and Type 4 - New Combination
NDA208065,TAGRISSO,OSIMERTINIB,AstraZeneca Pharmaceuticals LP,2015,Type 1 - New Molecular Entity
NDA207620,ENTRESTO,SACUBITRIL AND VALSARTAN,Novartis Pharmaceuticals Corporation,2015,Type 1 - New Molecular Entity and Type 4 - New Combination
NDA206843,N/A,N/A,N/A,2015,Type 1 - New Molecular Entity
BLA203314,TRESIBA,INSULIN DEGLUDEC,Novo Nordisk,2015,Type 1 - New Molecular Entity
NDA208434,ALECENSA,ALECTINIB HYDROCHLORIDE,"Genentech, Inc.",2015,Type 1 - New Molecular Entity
BLA125561,KANUMA,SEBELIPASE ALFA,"Alexion Pharmaceuticals, Inc.",2015,Type 1 - New Molecular Entity
BLA125526,NUCALA,MEPOLIZUMAB,GlaxoSmithKline LLC,2015,Type 1 - New Molecular Entity
NDA206947,LENVIMA,LENVATINIB,Eisai Inc.,2015,Type 1 - New Molecular Entity
NDA208462,NINLARO,IXAZOMIB,"Takeda Pharmaceuticals America, Inc.",2015,Type 1 - New Molecular Entity
NDA204958,KENGREAL,CANGRELOR,"Chiesi USA, Inc.",2015,Type 1 - New Molecular Entity
NDA206940,VIBERZI,ELUXADOLINE,"Allergan, Inc.",2015,Type 1 - New Molecular Entity
NDA206143,CORLANOR,IVABRADINE,Amgen Inc,2015,Type 1 - New Molecular Entity
BLA125516,UNITUXIN,DINUTUXIMAB,United Therapeutics Corporation,2015,Type 1 - New Molecular Entity
BLA125513,STRENSIQ,ASFOTASE ALFA,"Alexion Pharmaceuticals, Inc.",2015,Type 1 - New Molecular Entity
BLA125511,N/A,N/A,N/A,2015,Type 1 - New Molecular Entity
BLA761025,PRAXBIND,IDARUCIZUMAB,"Boehringer Ingelheim Pharmaceuticals, Inc.",2015,Type 1 - New Molecular Entity
BLA125547,N/A,N/A,N/A,2015,Type 1 - New Molecular Entity
NDA204370,VRAYLAR,CARIPRAZINE,"Allergan, Inc.",2015,Type 1 - New Molecular Entity
BLA125504,COSENTYX,SECUKINUMAB,Novartis Pharmaceuticals Corporation,2015,Type 1 - New Molecular Entity
NDA207981,LONSURF,TRIFLURIDINE AND TIPIRACIL,"Taiho Pharmaceutical Co., Ltd.",2015,Type 1 - New Molecular Entity and Type 4 - New Combination
NDA022526,ADDYI,FLIBANSERIN,"Sprout Pharmaceuticals, Inc.",2015,Type 1 - New Molecular Entity
NDA207533,ARISTADA,ARIPIPRAZOLE LAUROXIL,"Alkermes, Inc.",2015,Type 1 - New Molecular Entity
BLA125509,ANTHIM,OBILTOXAXIMAB,"Elusys Therapeutics, Inc.",2016,Type 1 - New Molecular Entity
NDA208054,AXUMIN,FLUCICLOVINE F-18,Blue Earth Diagnostics,2016,Type 1 - New Molecular Entity
NDA209531,SPINRAZA,NUSINERSEN,Biogen Inc.,2016,Type 1 - New Molecular Entity
NDA208114,DEFITELIO,DEFIBROTIDE SODIUM,"Jazz Pharmaceuticals, Inc.",2016,Type 1 - New Molecular Entity
BLA761038,N/A,N/A,N/A,2016,Type 1 - New Molecular Entity
NDA208341,EPCLUSA,VELPATASVIR AND SOFOSBUVIR,"Gilead Sciences, Inc.",2016,Type 1 - New Molecular Entity and Type 4 - New Combination
NDA207695,EUCRISA,CRISABOROLE,Pfizer Laboratories Div Pfizer Inc,2016,Type 1 - New Molecular Entity
NDA208547,NETSPOT,68GA-DOTATATE,"Advanced Accelerator Applications USA, Inc",2016,Type 1 - New Molecular Entity
BLA208471,N/A,N/A,N/A,2016,Type 1 - New Molecular Entity
NDA207999,N/A,N/A,N/A,2016,Type 1 - New Molecular Entity
NDA206488,EXONDYS 51,ETEPLIRSEN,"Sarepta Therapeutics, Inc.",2016,Type 1 - New Molecular Entity
BLA761034,TECENTRIQ,ATEZOLIZUMAB,"Genentech, Inc.",2016,Type 1 - New Molecular Entity
NDA208573,VENCLEXTA,VENETOCLAX,AbbVie Inc.,2016,Type 1 - New Molecular Entity
BLA761046,ZINPLAVA,BEZLOTOXUMAB,Merck Sharp & Dohme LLC,2016,Type 1 - New Molecular Entity
BLA125521,TALTZ,IXEKIZUMAB,Eli Lilly and Company,2016,Type 1 - New Molecular Entity
NDA209115,RUBRACA,RUCAPARIB,pharmaand GmbH,2016,Type 1 - New Molecular Entity
BLA761033,CINQAIR,RESLIZUMAB,"Teva Respiratory, LLC",2016,Type 1 - New Molecular Entity
BLA761029,N/A,N/A,N/A,2016,Type 1 - New Molecular Entity
NDA207318,NUPLAZID,PIMAVANSERIN TARTRATE,Acadia Pharmaceuticals Inc.,2016,Type 1 - New Molecular Entity
NDA208073,XIIDRA,LIFITEGRAST,Novartis Pharmaceuticals Corporation,2016,Type 1 - New Molecular Entity
NDA205836,BRIVIACT,BRIVARACETAM,"UCB, Inc.",2016,Type 1 - New Molecular Entity
NDA209803,STEGLATRO,ERTUGLIFLOZIN,Merck Sharp & Dohme LLC,2017,Type 1 - New Molecular Entity
NDA208051,NERLYNX,NERATINIB,"Puma Biotechnology, Inc.",2017,Type 1 - New Molecular Entity
BLA761070,FASENRA,BENRALIZUMAB,AstraZeneca Pharmaceuticals LP,2017,Type 1 - New Molecular Entity
NDA209394,MAVYRET,GLECAPREVIR AND PIBRENTASVIR,AbbVie Inc.,2017,Type 1 - New Molecular Entity and Type 4 - New Combination
NDA209637,OZEMPIC,SEMAGLUTIDE,"Novo Nordisk Pharmaceutical Industries, LP",2017,Type 1 - New Molecular Entity
NDA209570,BENZNIDAZOLE,BENZNIDAZOLE,"Exeltis USA, Inc.",2017,Type 1 - New Molecular Entity
NDA209363,SOLOSEC,SECNIDAZOLE,Evofem Inc.,2017,Type 1 - New Molecular Entity
NDA205598,MACRILEN,MACIMORELIN ACETATE,Aeterna Zentaris GmbH,2017,Type 1 - New Molecular Entity
NDA208854,SYMPROIC,NALDEMEDINE,BioDelivery Sciences International Inc,2017,Type 1 - New Molecular Entity
BLA761049,BAVENCIO,AVELUMAB,"EMD Serono, Inc.",2017,Type 1 - New Molecular Entity
BLA761069,IMFINZI,DURVALUMAB,AstraZeneca Pharmaceuticals LP,2017,Type 1 - New Molecular Entity
NDA208772,ALUNBRIG,BRIGATINIB,"Takeda Pharmaceuticals America, Inc.",2017,Type 1 - New Molecular Entity
NDA207145,XADAGO,SAFINAMIDE MESYLATE,"MDD US Operations LLC, a subsidiary of Supernus Pharmaceuticals, Inc.",2017,Type 1 - New Molecular Entity
NDA208716,VERZENIO,ABEMACICLIB,Eli Lilly and Company,2017,Type 1 - New Molecular Entity
NDA210259,CALQUENCE,ACALABRUTINIB,AstraZeneca Pharmaceuticals LP,2017,Type 1 - New Molecular Entity
NDA209176,N/A,N/A,N/A,2017,Type 1 - New Molecular Entity
NDA209241,INGREZZA,VALBENAZINE,"Neurocrine Biosciences, Inc.",2017,Type 1 - New Molecular Entity
BLA761083,HEMLIBRA,EMICIZUMAB,"Genentech, Inc.",2017,Type 1 - New Molecular Entity
NDA209195,VOSEVI,"SOFOSBUVIR, VELPATASVIR, AND VOXILAPREVIR","Gilead Sciences, Inc.",2017,Type 1 - New Molecular Entity and Type 4 - New Combination
BLA761032,SILIQ,BRODALUMAB,Bausch Health US LLC,2017,Type 1 - New Molecular Entity
NDA209776,VABOMERE,MEROPENEM-VABORBACTAM,"Melinta Therapeutics, LLC",2017,Type 1 - New Molecular Entity and Type 4 - New Combination
NDA208684,EMFLAZA,DEFLAZACORT,"PTC Therapeutics, Inc.",2017,Type 1 - New Molecular Entity
NDA209606,IDHIFA,ENASIDENIB MESYLATE,Celgene Corporation,2017,Type 1 - New Molecular Entity
BLA761052,BRINEURA,CERLIPONASE ALFA,BioMarin Pharmaceutical Inc.,2017,Type 1 - New Molecular Entity
NDA208325,PARSABIV,ETELCALCETIDE,"Amgen, Inc",2017,Type 1 - New Molecular Entity
BLA761053,OCREVUS,OCRELIZUMAB,"Genentech, Inc.",2017,Type 1 - New Molecular Entity
BLA761047,MEPSEVII,VESTRONIDASE ALFA,Ultragenyx Pharmaceutical Inc.,2017,Type 1 - New Molecular Entity
NDA208745,TRULANCE IMMEDIATE RELEASE,PLECANATIDE,Salix Pharmaceuticals Inc.,2017,Type 1 - New Molecular Entity
NDA208743,TYMLOS,ABALOPARATIDE,"Radius Health, Inc.",2017,Type 1 - New Molecular Entity
NDA207997,RYDAPT,RYDAPT,Novartis Pharmaceuticals Corporation,2017,Type 1 - New Molecular Entity
BLA761037,KEVZARA,SARILUMAB,Sanofi-Aventis U.S. LLC,2017,Type 1 - New Molecular Entity
NDA208945,N/A,N/A,N/A,2017,Type 1 - New Molecular Entity
NDA209939,PREVYMIS,LETERMOVIR,Merck Sharp & Dohme LLC,2017,Type 1 - New Molecular Entity
NDA207795,VYZULTA,LATANOPROSTENE BUNOD,Bausch & Lomb Incorporated,2017,Type 1 - New Molecular Entity
NDA208082,AUSTEDO,DEUTETRABENAZINE,"Teva Neuroscience, Inc.",2017,Type 1 - New Molecular Entity
NDA209936,N/A,N/A,N/A,2017,Type 1 - New Molecular Entity
NDA209360,GIAPREZA,ANGIOTENSIN II,La Jolla Pharmaceutical Company,2017,Type 1 - New Molecular Entity
BLA761055,DUPIXENT,DUPILUMAB,Sanofi-Aventis U.S. LLC,2017,Type 1 - New Molecular Entity
NDA208794,XERMELO,TELOTRISTAT ETHYL,"Lexicon Pharmaceuticals, Inc.",2017,Type 1 - New Molecular Entity
NDA208383,N/A,N/A,N/A,2017,Type 1 - New Molecular Entity
BLA761040,BESPONSA,INOTUZUMAB OZOGAMICIN,"Wyeth Pharmaceuticals LLC, a subsidiary of Pfizer Inc.",2017,Type 1 - New Molecular Entity
NDA208447,N/A,N/A,N/A,2017,Type 1 - New Molecular Entity
BLA761061,TREMFYA,GUSELKUMAB,"Janssen Biotech, Inc.",2017,Type 1 - New Molecular Entity
NDA208685,EMFLAZA,DEFLAZACORT,"PTC Therapeutics, Inc.",2017,Type 1 - New Molecular Entity
NDA209092,KISQALI,RIBOCICLIB,Novartis Pharmaceuticals Corporation,2017,Type 1 - New Molecular Entity
NDA208700,LUTATHERA,LUTETIUM LU 177 DOTATATE,"Advanced Accelerator Applications USA, Inc",2018,Type 1 - New Molecular Entity
NDA210922,ONPATTRO,PATISIRAN,"Alnylam Pharmaceuticals, Inc.",2018,Type 1 - New Molecular Entity
NDA210496,BRAFTOVI,ENCORAFENIB,Array BioPharma Inc.,2018,Type 1 - New Molecular Entity
NDA209627,ANNOVERA,SEGESTERONE ACETATE AND ETHINYL ESTRADIOL,Mayne Pharma,2018,Type 1 - New Molecular Entity and Type 4 - New Combination
BLA761067,ILUMYA,TILDRAKIZUMAB-ASMN,"Sun Pharmaceutical Industries, Inc.",2018,Type 1 - New Molecular Entity
NDA209817,NUZYRA,OMADACYCLINE,"Paratek Pharmaceuticals, Inc.",2018,Type 1 - New Molecular Entity
NDA210498,MEKTOVI,BINIMETINIB,Array BioPharma Inc.,2018,Type 1 - New Molecular Entity
NDA210450,ORILISSA,ELAGOLIX,AbbVie Inc.,2018,Type 1 - New Molecular Entity
NDA210861,VITRAKVI,LAROTRECTINIB,"Loxo Oncology, Inc.",2018,Type 1 - New Molecular Entity
NDA210589,OMEGAVEN,FISH OIL,"Fresenius Kabi USA, LLC",2018,Type 1 - New Molecular Entity and Type 4 - New Combination
NDA210493,AKYNZEO,FOSNETUPITANT AND PALONOSETRON,"Helsinn Therapeutics (U.S.), Inc.",2018,Type 1 - New Molecular Entity and Type 4 - New Combination
BLA761092,REVCOVI,ELAPEGADEMASE-LVLR,"Chiesi USA, Inc.",2018,Type 1 - New Molecular Entity
NDA210867,MOXIDECTIN,MOXIDECTIN,Medicines Development for Global Health,2018,Type 1 - New Molecular Entity
NDA211651,TALZENNA,TALAZOPARIB,Pfizer Laboratories Div Pfizer Inc,2018,Type 1 - New Molecular Entity
NDA210795,KRINTAFEL,TAFENOQUINE SUCCINATE,GlaxoSmithKline LLC,2018,Type 1 - New Molecular Entity
BLA761051,POTELIGEO,MOGAMULIZUMAB-KPKC,"Kyowa Kirin, Inc.",2018,Type 1 - New Molecular Entity
NDA207924,OLUMIANT,BARICITINIB,Eli Lilly and Company,2018,Type 1 - New Molecular Entity
BLA761063,EMGALITY,GALCANEZUMAB-GNLM,Eli Lilly and Company,2018,Type 1 - New Molecular Entity
NDA210910,N/A,N/A,N/A,2018,Type 1 - New Molecular Entity
NDA210806,PIFELTRO,DORAVIRINE,Merck Sharp & Dohme LLC,2018,Type 1 - New Molecular Entity
BLA761090,TAKHZYRO,LANADELUMAB-FLYO,"Takeda Pharmaceuticals America, Inc.",2018,Type 1 - New Molecular Entity
NDA210923,MULPLETA,LUSUTROMBOPAG,Eddingpharm (U. S. ) Inc.,2018,Type 1 - New Molecular Entity
NDA211109,XERAVA,ERAVACYCLINE,"Tetraphase Pharmaceuticals, Inc.",2018,Type 1 - New Molecular Entity
NDA210491,SYMDEKO,TEZACAFTOR AND IVACAFTOR,Vertex Pharmaceuticals Incorporated,2018,Type 1 - New Molecular Entity and Type 4 - New Combination
NDA209521,SEYSARA,SARECYCLINE HYDROCHLORIDE,"Almirall, LLC",2018,Type 1 - New Molecular Entity
NDA210868,LORBRENA,LORLATINIB,Pfizer Laboratories Div Pfizer Inc,2018,Type 1 - New Molecular Entity
BLA761065,TROGARZO,IBALIZUMAB,Theratechnologies Inc.,2018,Type 1 - New Molecular Entity
NDA210238,DOPTELET,AVATROMBOPAG MALEATE,"AkaRx, Inc.",2018,Type 1 - New Molecular Entity
NDA209816,NUZYRA,OMADACYCLINE,"Paratek Pharmaceuticals, Inc.",2018,Type 1 - New Molecular Entity
BLA761089,AJOVY,FREMANEZUMAB-VFRM,"Teva Pharmaceuticals USA, Inc.",2018,Type 1 - New Molecular Entity
NDA208078,FIRDAPSE,AMIFAMPRIDINE PHOSPHATE,"Catalyst Pharmaceuticals, Inc.",2018,Type 1 - New Molecular Entity
NDA206709,DIACOMIT,STIRIPENTOL,"BIOCODEX, INC.",2018,Type 1 - New Molecular Entity
NDA211192,TIBSOVO,IVOSIDENIB,Servier Pharmaceutical LLC,2018,Type 1 - New Molecular Entity
NDA207078,LOKELMA,SODIUM ZIRCONIUM CYCLOSILICATE,AstraZeneca Pharmaceuticals LP,2018,Type 1 - New Molecular Entity
NDA210854,XOFLUZA,BALOXAVIR MARBOXIL,"Genentech, Inc.",2018,Type 1 - New Molecular Entity
NDA211349,XOSPATA,GILTERITINIB,"Astellas Pharma US, Inc.",2018,Type 1 - New Molecular Entity
NDA210656,DAURISMO,GLASDEGIB,Pfizer Laboratories Div Pfizer Inc,2018,Type 1 - New Molecular Entity
NDA209299,TAVALISSE,FOSTAMATINIB,"Rigel Pharmaceuticals, Inc.",2018,Type 1 - New Molecular Entity
NDA210598,YUPELRI,REVEFENACIN,Viatris Specialty LLC,2018,Type 1 - New Molecular Entity
NDA210166,MOTEGRITY,PRUCALOPRIDE,"Takeda Pharmaceuticals America, Inc.",2018,Type 1 - New Molecular Entity
NDA209229,LUCEMYRA,LOFEXIDINE HYDROCHLORIDE,"USWM, LLC",2018,Type 1 - New Molecular Entity
NDA210303,ZEMDRI (PLAZOMICIN),PLAZOMICIN,Cipla Therapeutics Inc.,2018,Type 1 - New Molecular Entity
NDA210251,BIKTARVY,"BICTEGRAVIR SODIUM, EMTRICITABINE, AND TENOFOVIR ALAFENAMIDE FUMARATE","Gilead Sciences, Inc.",2018,Type 1 - New Molecular Entity and Type 4 - New Combination
BLA761068,CRYSVITA,BUROSUMAB,"Kyowa Kirin, Inc.",2018,Type 1 - New Molecular Entity
NDA211172,N/A,N/A,N/A,2018,Type 1 - New Molecular Entity
NDA211288,VIZIMPRO,DACOMITINIB,Pfizer Laboratories Div Pfizer Inc,2018,Type 1 - New Molecular Entity
BLA761077,AIMOVIG,ERENUMAB-AOOE,Amgen Inc,2018,Type 1 - New Molecular Entity
NDA210951,ERLEADA,APALUTAMIDE,"Janssen Products, LP",2018,Type 1 - New Molecular Entity
BLA761079,PALYNZIQ,PEGVALIASE-PQPZ,BioMarin Pharmaceutical Inc.,2018,Type 1 - New Molecular Entity
NDA209569,TISSUEBLUE,BRILLIANT BLUE G,D.O.R.C. Dutch Ophthalmic Research Center (International) B.V.,2019,Type 1 - New Molecular Entity
BLA761136,REBLOZYL,LUSPATERCEPT,Celgene Corporation,2019,Type 1 - New Molecular Entity
NDA211810,TURALIO,PEXIDARTINIB HYDROCHLORIDE,Daiichi Sankyo Inc.,2019,Type 1 - New Molecular Entity
NDA212194,GIVLAARI,GIVOSIRAN SODIUM,"Alnylam Pharmaceuticals, Inc.",2019,Type 1 - New Molecular Entity
NDA213217,BRUKINSA,ZANUBRUTINIB,"BeOne Medicines USA, Inc.",2019,Type 1 - New Molecular Entity
NDA211765,UBRELVY,UBROGEPANT,"Allergan, Inc.",2019,Type 1 - New Molecular Entity
NDA212273,TRIKAFTA,"ELEXACAFTOR, TEZACAFTOR, AND IVACAFTOR",Vertex Pharmaceuticals Incorporated,2019,Type 1 - New Molecular Entity and Type 4 - New Combination
NDA211672,N/A,N/A,N/A,2019,Type 1 - New Molecular Entity
NDA212862,PRETOMANID,PRETOMANID,Viatris Specialty LLC,2019,Type 1 - New Molecular Entity
NDA212819,RECARBRIO,"IMIPENEM ANHYDROUS, CILASTATIN, AND RELEBACTAM ANHYDROUS",Merck Sharp & Dohme LLC,2019,Type 1 - New Molecular Entity and Type 4 - New Combination
NDA211230,SUNOSI,SOLRIAMFETOL,"Axsome Therapeutics, Inc.",2019,Type 1 - New Molecular Entity
BLA761062,EVENITY,ROMOSOZUMAB-AQQG,"Amgen, Inc",2019,Type 1 - New Molecular Entity
NDA211970,VYONDYS 53,GOLODIRSEN,"Sarepta Therapeutics, Inc.",2019,Type 1 - New Molecular Entity
NDA200655,FLUORODOPA F18,FLUORODOPA F18,THE FEINSTEIN INSTITUTES FOR MEDICAL RESEARCH,2019,Type 1 - New Molecular Entity
NDA212526,PIQRAY,ALPELISIB,Novartis Pharmaceuticals Corporation,2019,Type 1 - New Molecular Entity
NDA212320,ACCRUFER,FERRIC MALTOL,Shield TX (UK) Ltd,2019,Type 1 - New Molecular Entity
NDA212099,NUBEQA,DAROLUTAMIDE,Bayer HealthCare Pharmaceuticals Inc.,2019,Type 1 - New Molecular Entity
NDA209500,CAPLYTA,LUMATEPERONE,"Intra-Cellular Therapies, Inc",2019,Type 1 - New Molecular Entity
NDA209445,FETROJA,CEFIDEROCOL SULFATE TOSYLATE,Shionogi Inc.,2019,Type 1 - New Molecular Entity
NDA212839,XCOPRI,CENOBAMATE,"SK Life Science, Inc.",2019,Type 1 - New Molecular Entity
NDA212306,XPOVIO,SELINEXOR,Karyopharm Therapeutics Inc.,2019,Type 1 - New Molecular Entity
NDA212725,ROZLYTREK,ENTRECTINIB,"Genentech, Inc.",2019,Type 1 - New Molecular Entity
BLA761139,ENHERTU,FAM-TRASTUZUMAB DERUXTECAN-NXKI,Daiichi Sankyo Inc.,2019,Type 1 - New Molecular Entity
NDA211527,AKLIEF,TRIFAROTENE,"Galderma Laboratories, L.P.",2019,Type 1 - New Molecular Entity
NDA210828,GA-68-DOTATOC,EDOTREOTIDE GALLIUM GA-68,UIHC  P E T Imaging Center,2019,Type 1 - New Molecular Entity
NDA211280,REYVOW,LASMIDITAN,Eli Lilly and Company,2019,Type 1 - New Molecular Entity
NDA209884,MAYZENT,SIPONIMOD,Novartis Pharmaceuticals Corporation,2019,Type 1 - New Molecular Entity
BLA761085,JEUVEAU,PRABOTULINUM TOXIN TYPE A,"Evolus, Inc.",2019,Type 1 - New Molecular Entity
NDA022075,NOURIANZ,ISTRADEFYLLINE,"Kyowa Kirin, Inc.",2019,Type 1 - New Molecular Entity
NDA208711,EGATEN,TRICLABENDAZOLE,Novartis Pharmaceuticals Corporation,2019,Type 1 - New Molecular Entity
NDA212018,BALVERSA,ERDAFITINIB,Janssen Products LP,2019,Type 1 - New Molecular Entity
NDA212028,DAYVIGO,LEMBOREXANT,Eisai Inc.,2019,Type 1 - New Molecular Entity
NDA212327,INREBIC,FEDRATINIB HYDROCHLORIDE,Celgene Corporation,2019,Type 1 - New Molecular Entity
NDA212279,EXEM FOAM,AIR POLYMER-TYPE A INTRAUTERINE FOAM,GISKIT PHARMA B.V.,2019,Type 1 - New Molecular Entity
NDA210797,SCENESSE,AFAMELANOTIDE,CLINUVEL INC.,2019,Type 1 - New Molecular Entity
NDA211675,RINVOQ,UPADACITINIB,AbbVie Inc.,2019,Type 1 - New Molecular Entity
NDA211996,VYNDAQEL,TAFAMIDIS MEGLUMINE,Pfizer Laboratories Div Pfizer Inc,2019,Type 1 - New Molecular Entity
NDA211673,N/A,N/A,N/A,2019,Type 1 - New Molecular Entity
BLA761137,PADCEV EJFV,ENFORTUMAB VEDOTIN,SEAGEN INC.,2019,Type 1 - New Molecular Entity
NDA210557,VYLEESI,BREMELANOTIDE,"Cosette Pharmaceuticals, Inc.",2019,Type 1 - New Molecular Entity
NDA211801,IBSRELA,TENAPANOR HYDROCHLORIDE,"Ardelyx, Inc.",2019,Type 1 - New Molecular Entity
BLA761169,INMAZEB,"ATOLTIVIMAB, MAFTIVIMAB, AND ODESIVIMAB-EBGN","Regeneron Pharmaceuticals, Inc.",2020,Type 1 - New Molecular Entity
NDA213246,RETEVMO,SELPERCATINIB,Eli Lilly and Company,2020,Type 1 - New Molecular Entity
BLA761149,ENSPRYNG,SATRALIZUMAB,"Genentech, Inc.",2020,Type 1 - New Molecular Entity
NDA213591,TABRECTA,CAPMATINIB,Novartis Pharmaceuticals Corporation,2020,Type 1 - New Molecular Entity
NDA214787,VEKLURY,REMDESIVIR,"Gilead Sciences, Inc.",2020,Type 1 - New Molecular Entity
BLA761143,TEPEZZA,TEPROTUMUMAB,"Horizon Therapeutics USA, Inc.",2020,Type 1 - New Molecular Entity
NDA212123,TAUVID,FLORTAUCIPIR F-18,Eli Lilly and Company,2020,Type 1 - New Molecular Entity
NDA210730,OLINVYK,OLICERIDINE,"Trevena, Inc.",2020,Type 1 - New Molecular Entity
NDA213464,LAMPIT,NIFURTIMOX,Bayer HealthCare Pharmaceuticals Inc.,2020,Type 1 - New Molecular Entity
BLA761156,SOGROYA,SOMAPACITAN-BECO,Novo Nordisk,2020,Type 1 - New Molecular Entity
BLA761171,DANYELZA,NAXITAMAB,BTG International Inc.,2020,Type 1 - New Molecular Entity
BLA761163,MONJUVI,TAFASITAMAB-CXIX,Incyte Corporation,2020,Type 1 - New Molecular Entity
NDA213973,QINLOCK,RIPRETINIB,"Deciphera Pharmaceuticals, LLC",2020,Type 1 - New Molecular Entity
NDA213227,DETECTNET,COPPER CU 64 DOTATATE,CURIUM US LLC,2020,Type 1 - New Molecular Entity
BLA761142,UPLIZNA,INEBILIZUMAB,"Horizon Therapeutics USA, Inc.",2020,Type 1 - New Molecular Entity
NDA213189,KLISYRI,TIRBANIBULIN,"Almirall, LLC",2020,Type 1 - New Molecular Entity
NDA212728,NURTEC ODT,RIMEGEPANT SULFATE,Pfizer Laboratories Div Pfizer Inc,2020,Type 1 - New Molecular Entity
NDA212801,ISTURISA,OSILODROSTAT,"Recordati Rare Diseases, Inc.",2020,Type 1 - New Molecular Entity
BLA761150,MARGENZA,MARGETUXIMAB-CMKB,TerSera Therapeutics LLC,2020,Type 1 - New Molecular Entity
BLA761172,EBANGA,ANSUVIMAB,"Emergent Manufacturing Operations Baltimore, LLC",2020,Type 1 - New Molecular Entity
NDA214621,ORGOVYX,RELUGOLIX,"Sumitomo Pharma America, Inc.",2020,Type 1 - New Molecular Entity
NDA213433,WINLEVI,CLASCOTERONE,"Sun Pharmaceutical Industries, Inc.",2020,Type 1 - New Molecular Entity
NDA212489,ONGENTYS,OPICAPONE,Amneal Pharmaceuticals LLC,2020,Type 1 - New Molecular Entity
NDA212950,RUKOBIA,FOSTEMSAVIR TROMETHAMINE,ViiV Healthcare Company,2020,Type 1 - New Molecular Entity
NDA211616,NEXLETOL,BEMPEDOIC ACID,"Esperion Therapeutics, Inc.",2020,Type 1 - New Molecular Entity
NDA213036,N/A,N/A,N/A,2020,Type 1 - New Molecular Entity
NDA213702,ZEPZELCA,LURBINECTEDIN,"Jazz Pharmaceuticals, Inc.",2020,Type 1 - New Molecular Entity
NDA209899,ZEPOSIA 7-DAY STARTER PACK,OZANIMOD HYDROCHLORIDE,Celgene Corporation,2020,Type 1 - New Molecular Entity
NDA213736,PEMAZYRE,PEMIGATINIB,Incyte Corporation,2020,Type 1 - New Molecular Entity
NDA213756,KOSELUGO,SELUMETINIB,AstraZeneca Pharmaceuticals LP,2020,Type 1 - New Molecular Entity
NDA212295,BYFAVO,REMIMAZOLAM BESYLATE,"Acacia Pharma, Ltd.",2020,Type 1 - New Molecular Entity
NDA214094,ORLADEYO,BEROTRALSTAT HYDROCHLORIDE,"BioCryst Pharmaceuticals, Inc.",2020,Type 1 - New Molecular Entity
NDA213411,TUKYSA,TUCATINIB,SEAGEN INC.,2020,Type 1 - New Molecular Entity
NDA206966,N/A,N/A,N/A,2020,Type 1 - New Molecular Entity
NDA212642,GALLIUM GA-68 PSMA-11,GALLIUM GA-68 GOZETOTIDE,UCLA Biomedical Cyclotron,2020,Type 1 - New Molecular Entity
NDA212576,INQOVI,CEDAZURIDINE AND DECITABINE,"Taiho Pharmaceutical Co., Ltd.",2020,Type 1 - New Molecular Entity and Type 4 - New Combination
NDA214103,OXLUMO,LUMASIRAN,"Alnylam Pharmaceuticals, Inc.",2020,Type 1 - New Molecular Entity
NDA213793,IMCIVREE,SETMELANOTIDE,"Rhythm Pharmaceuticals, Inc",2020,Type 1 - New Molecular Entity
NDA212643,GALLIUM GA-68 PSMA-11,GALLIUM GA-68 GOZETOTIDE,UCSF Radiopharmaceutical Facility,2020,Type 1 - New Molecular Entity
NDA213687,DOJOLVI,TRIHEPTANOIN,Ultragenyx Pharmaceutical Inc.,2020,Type 1 - New Molecular Entity
NDA212154,VILTEPSO,VILTOLARSEN,"NS Pharma, Inc.",2020,Type 1 - New Molecular Entity
NDA212155,CERIANNA,FLUOROESTRADIOL F 18,GE Healthcare Inc.,2020,Type 1 - New Molecular Entity
NDA211281,N/A,N/A,N/A,2020,Type 1 - New Molecular Entity
NDA213721,GAVRETO,PRALSETINIB,"Genentech, Inc.",2020,Type 1 - New Molecular Entity
NDA213006,GEMTESA,VIBEGRON,"Sumitomo Pharma America, Inc.",2020,Type 1 - New Molecular Entity
NDA209510,BARHEMSYS,AMISULPRIDE,Acacia Pharma Ltd,2020,Type 1 - New Molecular Entity
NDA212608,AYVAKIT,AVAPRITINIB,Blueprint Medicines Corporation,2020,Type 1 - New Molecular Entity
NDA211617,NEXLIZET,BEMPEDOIC ACID AND EZETIMIBE,"Esperion Therapeutics, Inc.",2020,Type 1 - New Molecular Entity and Type 4 - New Combination
NDA215498,BYLVAY,ODEVIXIBAT,"Ipsen Biopharmaceuticals, Inc.",2021,Type 1 - New Molecular Entity
BLA761195,VYVGART,EFGARTIGIMOD ALFA,argenx US,2021,Type 1 - New Molecular Entity
NDA212994,AZSTARYS,SERDEXMETHYLPHENIDATE AND DEXMETHYLPHENIDATE,"Commave Sub, LLC",2021,Type 1 - New Molecular Entity and Type 4 - New Combination
NDA215358,SCEMBLIX,ASCIMINIB,Novartis Pharmaceuticals Corporation,2021,Type 1 - New Molecular Entity
NDA214200,COSELA,TRILACICLIB,"G1 Therapeutics, Inc.",2021,Type 1 - New Molecular Entity
NDA215383,WELIREG,BELZUTIFAN,Merck Sharp & Dohme LLC,2021,Type 1 - New Molecular Entity
NDA214487,TAVNEOS,AVACOPAN,"ChemoCentryx, Inc.",2021,Type 1 - New Molecular Entity
BLA761174,JEMPERLI,DOSTARLIMAB,GlaxoSmithKline LLC,2021,Type 1 - New Molecular Entity
NDA211964,QELBREE,VILOXAZINE HYDROCHLORIDE,"Supernus Pharmaceuticals, Inc",2021,Type 1 - New Molecular Entity
NDA214018,NULIBRY,FOSDENOPTERIN HYDROBROMIDE,"Sentynl Therapeutics, Inc.",2021,Type 1 - New Molecular Entity
BLA761196,ZYNLONTA,LONCASTUXIMAB TESIRINE,"ADC Therapeutics America, Inc.",2021,Type 1 - New Molecular Entity
NDA214793,PYLARIFY,PIFLUFOLASTAT F-18,"Progenics Pharmaceuticals, Inc.",2021,Type 1 - New Molecular Entity
NDA214665,LUMAKRAS,SOTORASIB,Amgen Inc,2021,Type 1 - New Molecular Entity
NDA214429,FEXINIDAZOLE,FEXINIDAZOLE,Sanofi-Aventis U.S. LLC,2021,Type 1 - New Molecular Entity
BLA761181,EVKEEZA,EVINACUMAB,"Regeneron Pharmaceuticals, Inc.",2021,Type 1 - New Molecular Entity
NDA214938,VOXZOGO 0.4MG,VOSORITIDE,BioMarin Pharmaceutical Inc.,2021,Type 1 - New Molecular Entity
BLA761180,ADBRY,TRALOKINUMAB-LDRM,LEO Pharma Inc.,2021,Type 1 - New Molecular Entity
NDA214662,LIVMARLI,MARALIXIBAT CHLORIDE,Mirum Pharmaceuticals Inc.,2021,Type 1 - New Molecular Entity
NDA213026,AMONDYS 45,CASIMERSEN,"Sarepta Therapeutics, Inc.",2021,Type 1 - New Molecular Entity
BLA761179,RYLAZE,ASPARAGINASE ERWINIA CHRYSANTHEMI (RECOMBINANT)-RYWN,"Jazz Pharmaceuticals, Inc.",2021,Type 1 - New Molecular Entity
BLA761178,N/A,N/A,N/A,2021,Type 1 - New Molecular Entity
NDA215014,EMPAVELI,PEGCETACOPLAN,"Apellis Pharmaceuticals, Inc.",2021,Type 1 - New Molecular Entity
NDA215310,N/A,N/A,N/A,2021,Type 1 - New Molecular Entity
NDA213378,LYBALVI,OLANZAPINE AND SAMIDORPHAN L-MALATE,"Alkermes, Inc.",2021,Type 1 - New Molecular Entity and Type 4 - New Combination
NDA214622,N/A,N/A,N/A,2021,Type 1 - New Molecular Entity
NDA214012,LEQVIO,INCLISIRAN,Novartis Pharmaceuticals Corporation,2021,Type 1 - New Molecular Entity
NDA214231,ZEGALOGUE,DASIGLUCAGON,Novo Nordisk,2021,Type 1 - New Molecular Entity
BLA761224,TEZSPIRE,TEZEPELUMAB-EKKO,Amgen Inc,2021,Type 1 - New Molecular Entity
NDA213498,PONVORY,PONESIMOD,"Janssen Pharmaceuticals, Inc",2021,Type 1 - New Molecular Entity
BLA761194,NEXVIAZYME,AVALGLUCOSIDASE ALFA-NGPT,Genzyme Corporation,2021,Type 1 - New Molecular Entity
NDA215341,KERENDIA,FINERENONE,Bayer HealthCare Pharmaceuticals Inc.,2021,Type 1 - New Molecular Entity
BLA761166,BESREMI,ROPEGINTERFERON ALFA-2B,PharmaEssentia USA,2021,Type 1 - New Molecular Entity
BLA761210,RYBREVANT,AMIVANTAMAB-VMJW,"Janssen Biotech, Inc.",2021,Type 1 - New Molecular Entity
NDA214900,N/A,N/A,N/A,2021,Type 1 - New Molecular Entity
NDA214154,NEXTSTELLIS,DROSPIRENONE AND ESTETROL,Mayne Pharma,2021,Type 1 - New Molecular Entity and Type 4 - New Combination
BLA761177,SKYTROFA,LONAPEGSOMATROPIN-TCGD,"Ascendis Pharma Endocrinology, Inc.",2021,Type 1 - New Molecular Entity
NDA214907,CYTALUX,PAFOLACIANINE INJECTION,"On Target Laboratories, Inc.",2021,Type 1 - New Molecular Entity
NDA212904,FOTIVDA,TIVOZANIB,"AVEO Pharmaceuticals, Inc.",2021,Type 1 - New Molecular Entity
NDA212888,CABENUVA,CABOTEGRAVIR AND RILPIVIRINE,ViiV Healthcare Company,2021,Type 1 - New Molecular Entity and Type 4 - New Combination
NDA213716,LUPKYNIS,VOCLOSPORIN,"Aurinia Pharma U.S., Inc.",2021,Type 1 - New Molecular Entity
NDA214916,KORSUVA,DIFELIKEFALIN,"Vifor (International), Inc.",2021,Type 1 - New Molecular Entity
NDA214096,TEPMETKO,TEPOTINIB HYDROCHLORIDE,"EMD Serono, Inc.",2021,Type 1 - New Molecular Entity
BLA761208,TIVDAK,TISOTUMAB VEDOTIN,SEAGEN INC.,2021,Type 1 - New Molecular Entity
BLA761164,ENJAYMO,SUTIMLIMAB-JOME,"Recordati Rare Diseases, Inc.",2022,Type 1 - New Molecular Entity
NDA216340,KRAZATI,ADAGRASIB,"Mirati Therapeutics, Inc",2022,Type 1 - New Molecular Entity
BLA761291,TECVAYLI,TECLISTAMAB-CQYV,"Janssen Biotech, Inc.",2022,Type 1 - New Molecular Entity
NDA215833,PLUVICTO,LUTETIUM LU 177 VIPIVOTIDE TETRAXETAN,Novartis Pharmaceuticals Corporation,2022,Type 1 - New Molecular Entity
NDA214998,CAMZYOS,MAVACAMTEN,"Myokardia, Inc.",2022,Type 1 - New Molecular Entity
BLA761310,ELAHERE,MIRVETUXIMAB SORAVTANSINE,"ImmunoGen, Inc.",2022,Type 1 - New Molecular Entity
NDA214985,QUVIVIQ,DARIDOREXANT,Idorsia Pharmaceuticals Ltd,2022,Type 1 - New Molecular Entity
NDA215814,REZLIDHIA,OLUTASIDENIB,"Rigel Pharmaceuticals, Inc.",2022,Type 1 - New Molecular Entity
BLA761148,ROLVEDON,EFLAPEGRASTIM-XNST,"Spectrum Pharmaceuticals, Inc.",2022,Type 1 - New Molecular Entity
NDA022231,TERLIVAZ,TERLIPRESSIN,Mallinckrodt Hospital Products Inc.,2022,Type 1 - New Molecular Entity
NDA216660,N/A,N/A,N/A,2022,Type 1 - New Molecular Entity
NDA214801,LYTGOBI,FUTIBATINIB,"TAIHO PHARMACEUTICAL CO., LTD.",2022,Type 1 - New Molecular Entity
NDA214958,SOTYKTU,DEUCRAVACITINIB,"E.R. Squibb & Sons, L.L.C.",2022,Type 1 - New Molecular Entity
NDA215888,VIVJOA,OTESECONAZOLE,"Mycovia Pharmaceuticals, Inc.",2022,Type 1 - New Molecular Entity
BLA761289,IMJUDO,TREMELIMUMAB,AstraZeneca Pharmaceuticals LP,2022,Type 1 - New Molecular Entity
NDA215904,ZTALMY,GANAXOLONE,Immedica Pharma US Inc,2022,Type 1 - New Molecular Entity
NDA215974,SUNLENCA,LENACAPAVIR SODIUM,"Gilead Sciences, Inc.",2022,Type 1 - New Molecular Entity
BLA761244,SPEVIGO,SPESOLIMAB-SBZO,"Boehringer Ingelheim Pharmaceuticals, Inc.",2022,Type 1 - New Molecular Entity
BLA761192,NEXOBRID,ANACAULASE-BCDB,Vericel Corporation,2022,Type 1 - New Molecular Entity
BLA761263,LUNSUMIO,MOSUNETUZUMAB,"Genentech, Inc.",2022,Type 1 - New Molecular Entity
NDA208712,VONJO,PACRITINIB,"Sobi, Inc.",2022,Type 1 - New Molecular Entity
NDA216986,VUEWAY,GADOPICLENOL,BRACCO DIAGNOSTICS INC,2022,Type 1 - New Molecular Entity and Type 4 - New Combination
BLA761261,XENPOZYME,OLIPUDASE ALFA-RPCP,Genzyme Corporation,2022,Type 1 - New Molecular Entity
NDA213871,CIBINQO,ABROCITINIB,U.S. Pharmaceuticals,2022,Type 1 - New Molecular Entity
BLA761235,VABYSMO,FARICIMAB,"Genentech, Inc.",2022,Type 1 - New Molecular Entity
BLA761238,BRIUMVI,UBLITUXIMAB,"TG Therapeutics, Inc.",2022,Type 1 - New Molecular Entity
NDA216196,AQVESME,MITAPIVAT,"Agios Pharmaceuticals, Inc.",2022,Type 1 - New Molecular Entity
BLA761234,OPDUALAG,NIVOLUMAB AND RELATLIMAB-RMBW,"E.R. Squibb & Sons, L.L.C.",2022,Type 1 - New Molecular Entity
NDA215092,OMLONTI,OMIDENEPAG ISOPROPYL,"Ocuvex Therapeutics, Inc.",2022,Type 1 - New Molecular Entity
NDA215152,VOQUEZNA TRIPLE PAK,"VONOPRAZAN FUMARATE, AMOXICILLIN AND CLARITHROMYCIN",Phathom Pharmaceuticals Inc.,2022,Type 1 - New Molecular Entity and Type 4 - New Combination
NDA215866,MOUNJARO,TIRZEPATIDE,Eli Lilly and Company,2022,Type 1 - New Molecular Entity
BLA761228,KIMMTRAK,TEBENTAFUSP,Immunocore Commercial LLC,2022,Type 1 - New Molecular Entity
BLA761183,TZIELD,TEPLIZUMAB-MZWV,"Provention Bio, Inc.",2022,Type 1 - New Molecular Entity
NDA215272,VTAMA,TAPINAROF,Organon LLC,2022,Type 1 - New Molecular Entity
NDA215973,SUNLENCA,LENACAPAVIR SODIUM,"Gilead Sciences, Inc.",2022,Type 1 - New Molecular Entity
NDA215515,AMVUTTRA,VUTRISIRAN,"Alnylam Pharmaceuticals, Inc.",2022,Type 1 - New Molecular Entity
NDA216956,VELSIPITY,ETRASIMOD,Pfizer Laboratories Div Pfizer Inc,2023,Type 1 - New Molecular Entity
NDA217677,OGSIVEO,NIROGACESTAT,"SpringWorks Therapeutics, Inc.",2023,Type 1 - New Molecular Entity
NDA217564,FRUZAQLA,FRUQUINTINIB,"Takeda Pharmaceuticals America, Inc.",2023,Type 1 - New Molecular Entity
BLA761184,NGENLA,SOMATROGON-GHLA,Pfizer Laboratories Div Pfizer Inc,2023,Type 1 - New Molecular Entity
NDA216873,OJJAARA,MOMELOTINIB,GlaxoSmithKline LLC,2023,Type 1 - New Molecular Entity
BLA761328,BEYFORTUS,NIRSEVIMAB,Sanofi Vaccines US Inc.,2023,Type 1 - New Molecular Entity
BLA761334,ZYNYZ,RETIFANLIMAB-DLWR,Incyte Corporation,2023,Type 1 - New Molecular Entity
BLA761240,LOQTORZI,TORIPALIMAB-TPZI,"Coherus Oncology, Inc.",2023,Type 1 - New Molecular Entity
NDA218276,FABHALTA,IPTACOPAN,Novartis Pharmaceuticals Corporation,2023,Type 1 - New Molecular Entity
BLA761151,BIMZELX,BIMEKIZUMAB,"UCB, Inc.",2023,Type 1 - New Molecular Entity and Type 4 - New Combination
NDA215842,RIVFLOZA,NEDOSIRAN,Novo Nordisk,2023,Type 1 - New Molecular Entity
BLA761161,ELFABRIO,PEGUNIGALSIDASE ALFA,"Chiesi USA, Inc.",2023,Type 1 - New Molecular Entity
NDA215239,AGAMREE,VAMOROLONE,"Catalyst Pharmaceuticals, Inc.",2023,Type 1 - New Molecular Entity
BLA761339,VEOPOZ,POZELIMAB,"Regeneron Pharmaceuticals, Inc.",2023,Type 1 - New Molecular Entity
NDA216718,SKYCLARYS,OMAVELOXOLONE,Biogen,2023,Type 1 - New Molecular Entity
BLA761324,EPKINLY,EPCORITAMAB-BYSP,"Genmab US, Inc.",2023,Type 1 - New Molecular Entity
NDA021164,EXXUA,GEPIRONE,"Aytu Therapeutics, LLC",2023,Type 1 - New Molecular Entity
NDA215830,LITFULO,RITLECITINIB,Pfizer Laboratories Div Pfizer Inc,2023,Type 1 - New Molecular Entity
BLA761345,ELREXFIO,ELRANATAMAB-BCMM,U.S. Pharmaceuticals,2023,Type 1 - New Molecular Entity
BLA761342,TALVEY,TALQUETAMAB,"Janssen Biotech, Inc.",2023,Type 1 - New Molecular Entity
NDA216951,JESDUVROQ,DAPRODUSTAT,GlaxoSmithKline LLC,2023,Type 1 - New Molecular Entity
NDA217639,ORSERDU,ELACESTRANT,"Stemline Therapeutics, Inc.",2023,Type 1 - New Molecular Entity
NDA216675,MIEBO,PERFLUOROHEXYLOCTANE,Bausch & Lomb Incorporated,2023,Type 1 - New Molecular Entity
NDA216403,FILSPARI,SPARSENTAN,"Travere Therapeutics, Inc.",2023,Type 1 - New Molecular Entity
NDA215064,FILSUVEZ,BIRCH TRITERPENES,Amryt Pharmaceuticals DAC,2023,Type 1 - New Molecular Entity
NDA214520,DEFENCATH,TAUROLIDINE AND HEPARIN,CorMedix Inc.,2023,Type 1 - New Molecular Entity and Type 4 - New Combination
NDA217188,PAXLOVID,NIRMATRELVIR AND RITONAVIR,Pfizer Laboratories Div Pfizer Inc,2023,Type 1 - New Molecular Entity
NDA216974,XACDURO,SULBACTAM AND DURLOBACTAM,La Jolla Pharmaceutical Company,2023,Type 1 - New Molecular Entity and Type 4 - New Combination
NDA217159,APHEXDA,MOTIXAFORTIDE,Gamida Cell Inc.,2023,Type 1 - New Molecular Entity
NDA217417,REZZAYO,REZAFUNGIN,"Melinta Therapeutics, LLC",2023,Type 1 - New Molecular Entity
BLA761204,POMBILITI ATGA,CIPAGLUCOSIDASE ALFA-ATGA,"AMICUS THERAPEUTICS US, LLC",2023,Type 1 - New Molecular Entity
BLA761278,LAMZEDE,VELMANASE ALFA-TYCV,"Chiesi USA, Inc.",2023,Type 1 - New Molecular Entity
BLA761279,OMVOH,MIRIKIZUMAB-MRKZ,Eli Lilly and Company,2023,Type 1 - New Molecular Entity
BLA761309,COLUMVI,GLOFITAMAB,"Genentech, Inc.",2023,Type 1 - New Molecular Entity
BLA761134,RYZNEUTA,EFBEMALENOGRASTIM ALFA-VUXW,Acrotech Biopharma Inc,2023,Type 1 - New Molecular Entity
BLA761269,LEQEMBI,LECANEMAB,Eisai Inc.,2023,Type 1 - New Molecular Entity
BLA761286,RYSTIGGO,ROZANOLIXIZUMAB,"UCB, Inc.",2023,Type 1 - New Molecular Entity
NDA215559,SOHONOS,PALOVAROTENE,"Ipsen Biopharmaceuticals, Inc.",2023,Type 1 - New Molecular Entity
NDA217026,DAYBUE,TROFINETIDE,Acadia Pharmaceuticals Inc.,2023,Type 1 - New Molecular Entity
NDA216578,VEOZAH,FEZOLINETANT,"Astellas Pharma US, Inc.",2023,Type 1 - New Molecular Entity
NDA216386,ZAVZPRET,ZAVEGEPANT,Pfizer Laboratories Div Pfizer Inc,2023,Type 1 - New Molecular Entity
NDA217388,WAINUA,EPLONTERSEN,AstraZeneca Pharmaceuticals LP,2023,Type 1 - New Molecular Entity
NDA217603,XDEMVY,LOTILANER OPHTHALMIC SOLUTION,"Tarsus Pharmaceuticals, Inc.",2023,Type 1 - New Molecular Entity
NDA216203,INPEFA,SOTAGLIFLOZIN,"Lexicon Pharmaceuticals, Inc.",2023,Type 1 - New Molecular Entity
NDA217225,IZERVAY,AVACINCAPTAD PEGOL,"Astellas Pharma US, Inc.",2023,Type 1 - New Molecular Entity
NDA216993,VANFLYTA,QUIZARTINIB,Daiichi Sankyo Inc.,2023,Type 1 - New Molecular Entity
NDA215887,QALSODY,TOFERSEN,Biogen Inc.,2023,Type 1 - New Molecular Entity
NDA216834,ZILBRYSQ,ZILUCOPLAN,"UCB, Inc.",2023,Type 1 - New Molecular Entity
NDA216016,IOMERVU,IOMEPROL INJECTION,BRACCO DIAGNOSTICS INC,2024,Type 1 - New Molecular Entity
NDA213972,ORLYNVAH,SULOPENEM ETZADROXIL AND PROBENECID,ITERUM THERAPEUTICS US LIMITED,2024,Type 1 - New Molecular Entity and Type 4 - New Combination
BLA761391,N/A,N/A,N/A,2024,Type 1 - New Molecular Entity
BLA761388,PIASKY,CROVALIMAB,"Genentech, Inc.",2024,Type 1 - New Molecular Entity
BLA761369,HYMPAVZI,MARSTACIMAB-HNCQ,Pfizer Laboratories Div Pfizer Inc,2024,Type 1 - New Molecular Entity
NDA218037,VOYDEYA,DANICOPAN,Alexion Pharmaceuticals Inc.,2024,Type 1 - New Molecular Entity
BLA761363,WINREVAIR,SOTATERCEPT-CSRK,Merck Sharp & Dohme LLC,2024,Type 1 - New Molecular Entity
NDA217389,OHTUVAYRE,ENSIFENTRINE,MERCK SHARP & DOHME LLC,2024,Type 1 - New Molecular Entity
NDA218730,ALYFTREK,"VANZACAFTOR, TEZACAFTOR, AND DEUTIVACAFTOR",Vertex Pharmaceuticals Incorporated,2024,Type 1 - New Molecular Entity
NDA219008,LAZCLUZE,LAZERTINIB,"Janssen Biotech, Inc.",2024,Type 1 - New Molecular Entity
BLA761390,NEMLUVIO,NEMOLIZUMAB-ILTO,"Galderma Laboratories, L.P.",2024,Type 1 - New Molecular Entity
NDA218171,ENSACOVE,ENSARTINIB,"Xcovery Holdings, Inc.",2024,Type 1 - New Molecular Entity
NDA217785,REZDIFFRA,RESMETIROM,"Madrigal Pharmaceuticals, Inc.",2024,Type 1 - New Molecular Entity
BLA761352,BIZENGRI,ZENOCUTUZUMAB,"Merus US, Inc.",2024,Type 1 - New Molecular Entity
BLA761365,VYLOY,ZOLBETUXIMAB,"Astellas Pharma US, Inc.",2024,Type 1 - New Molecular Entity
NDA216017,N/A,N/A,N/A,2024,Type 1 - New Molecular Entity
NDA218944,REVUFORJ,REVUMENIB,"Syndax Pharmaceuticals, Inc.",2024,Type 1 - New Molecular Entity
BLA761416,ZIIHERA,ZANIDATAMAB-HRII,"Jazz Pharmaceuticals, Inc.",2024,Type 1 - New Molecular Entity
NDA218784,VORANIGO,VORASIDENIB,Servier Pharmaceuticals LLC,2024,Type 1 - New Molecular Entity
NDA216165,N/A,N/A,N/A,2024,Type 1 - New Molecular Entity and Type 4 - New Combination
NDA219132,AQNEURSA,LEVACETYLLEUCINE,IntraBio Inc,2024,Type 1 - New Molecular Entity
NDA216158,COBENFY,XANOMELINE AND TROSPIUM CHLORIDE,"E.R. Squibb & Sons, L.L.C.",2024,Type 1 - New Molecular Entity
NDA217899,LIVDELZI,SELADELPAR LYSINE,"Gilead Sciences, Inc",2024,Type 1 - New Molecular Entity
BLA761306,EBGLYSS,LEBRIKIZUMAB-LBKZ,Eli Lilly and Company,2024,Type 1 - New Molecular Entity
NDA216540,ATTRUBY,ACORAMIDIS HYDROCHLORIDE,"BridgeBio Pharma, Inc.",2024,Type 1 - New Molecular Entity
NDA218808,CRENESSITY,CRINECERFONT,"Neurocrine Biosciences, Inc.",2024,Type 1 - New Molecular Entity
NDA217900,LEQSELVI,DEURUXOLITINIB PHOSPHATE,"Sun Pharmaceutical Industries, Inc.",2024,Type 1 - New Molecular Entity
NDA217686,TRYVIO,APROCITENTAN,Idorsia Pharmaceuticals Ltd,2024,Type 1 - New Molecular Entity
NDA218614,TRYNGOLZA,OLEZARSEN SODIUM,"Ionis Pharmaceuticals, Inc.",2024,Type 1 - New Molecular Entity
NDA214511,LUMISIGHT,PEGULICIANINE,"Lumicell, Inc.",2024,Type 1 - New Molecular Entity
NDA217424,ZELSUVMI,BERDAZIMER,"LNHC, Inc.",2024,Type 1 - New Molecular Entity
BLA761297,UNLOXCYT,COSIBELIMAB,"Sun Pharmaceutical Industries, Inc.",2024,Type 1 - New Molecular Entity
NDA214927,MIPLYFFA,ARIMOCLOMOL CITRATE,Acer Therapeutics Inc.,2024,Type 1 - New Molecular Entity
BLA761248,KISUNLA,DONANEMAB-AZBT,Eli Lilly and Company,2024,Type 1 - New Molecular Entity and Type 4 - New Combination
NDA217865,DUVYZAT,GIVINOSTAT,Italfarmaco SPA,2024,Type 1 - New Molecular Entity
BLA761315,ALHEMO,CONCIZUMAB,Novo Nordisk,2024,Type 1 - New Molecular Entity
NDA217202,RAPIBLYK,LANDIOLOL,AOP Orphan Pharmaceuticals GmbH,2024,Type 1 - New Molecular Entity
BLA761411,NIKTIMVO,AXATILIMAB-CSFR,Incyte Corporation,2024,Type 1 - New Molecular Entity
BLA761344,IMDELLTRA (AMG757),TARLATAMAB-DLLE,"Amgen, Inc",2024,Type 1 - New Molecular Entity
NDA218275,ZEVTERA,CEFTOBIPROLE MEDOCARIL SODIUM,La Jolla Pharmaceutical Company,2024,Type 1 - New Molecular Entity
NDA218860,IQIRVO,ELAFIBRANOR,"Ipsen Biopharmaceuticals, Inc.",2024,Type 1 - New Molecular Entity
BLA761336,ANKTIVA,NOGAPENDEKIN ALFA INBAKICEPT-PMLN,"Altor BioScience, LLC, an indirect wholly-owned subsidiary of ImmunityBio, Inc.",2024,Type 1 - New Molecular Entity
BLA761232,N/A,N/A,N/A,2024,Type 1 - New Molecular Entity
BLA761225,LETYBO,LETIBOTULINUMTOXINA-WLBG,"Hugel, Inc.",2024,Type 1 - New Molecular Entity
NDA217700,OJEMDA,TOVORAFENIB,"Day One Biopharmaceuticals, Inc.",2024,Type 1 - New Molecular Entity
NDA219666,SEPHIENCE,SEPIAPTERIN,allphamed Pharbil Arzneimittel GmbH,2025,Type 1 - New Molecular Entity
NDA218585,VIZZ,ACECLIDINE,"LENZ Therapeutics, Inc.",2025,Type 1 - New Molecular Entity
NDA218881,INLURIYO,IMLUNESTRANT,Eli Lilly and Company,2025,Type 1 - New Molecular Entity
BLA761464,N/A,N/A,N/A,2025,Type 1 - New Molecular Entity
BLA761467,KEYTRUDA QLEX,PEMBROLIZUMAB AND BERAHYALURONIDASE ALFA-PMPH,Merck Sharp & Dohme LLC,2025,Type 1 - New Molecular Entity
NDA219407,DAWNZERA,DONIDALORSEN,Ionis Pharmaceuticals Inc.,2025,Type 1 - New Molecular Entity
BLA761458,EXDENSUR,DEPEMOKIMAB,GlaxoSmithKline LLC,2025,Type 1 - New Molecular Entity
NDA219379,GOMEKLI,MIRDAMETINIB,"SpringWorks Therapeutics, Inc.",2025,Type 1 - New Molecular Entity
NDA218230,BLUJEPA,GEPOTIDACIN,GlaxoSmithKline LLC,2025,Type 1 - New Molecular Entity
NDA219792,KYGEVVI,DOXECITINE AND DOXRIBTIMINE,"UCB, Inc.",2025,Type 1 - New Molecular Entity
NDA219469,LYNKUET,ELINZANETANT,Bayer HealthCare Pharmaceuticals Inc.,2025,Type 1 - New Molecular Entity
NDA220152,NEREUS,TRADIPITANT,Vanda Pharmaceuticals Inc.,2025,Type 1 - New Molecular Entity
BLA761384,EMRELIS,TELISOTUZUMAB VEDOTIN,AbbVie Inc.,2025,Type 1 - New Molecular Entity
NDA219208,VANRAFIA,ATRASENTAN,Novartis Pharmaceuticals Corporation,2025,Type 1 - New Molecular Entity
NDA219042,HERNEXEOS,ZONGERTINIB,"Boehringer Ingelheim Pharmaceuticals, Inc.",2025,Type 1 - New Molecular Entity
NDA220305,KOMZIFTI,ZIFTOMENIB,"Kura Oncology, Inc.",2025,Type 1 - New Molecular Entity
NDA217673,BRINSUPRI,BRENSOCATIB,Insmed Incorporated,2025,Type 1 - New Molecular Entity
NDA219491,NUZOLVENCE,ZOLIFLODACIN,La Jolla Pharmaceutical Company,2025,Type 1 - New Molecular Entity
NDA219616,AVMAPKI FAKZYNJA CO-PACK,AVUTOMETINIB POTASSIUM AND DEFACTINIB HYDROCHLORIDE,Verastem Inc.,2025,Type 1 - New Molecular Entity
NDA219070,PALSONIFY,PALTUSOTINE,"Crinetics Pharmaceuticals, Inc.",2025,Type 1 - New Molecular Entity
NDA219301,EKTERLY,SEBETRALSTAT,KalVista Pharmaceuticals Ltd,2025,Type 1 - New Molecular Entity
BLA761400,LYNOZYFIC,LINVOSELTAMAB-GCPT,"Regeneron Pharmaceuticals, Inc.",2025,Type 1 - New Molecular Entity
BLA761152,YARTEMLEA,NARSOPLIMAB,Omeros Corporation,2025,Type 1 - New Molecular Entity
NDA219083,MYQORZO,AFICAMTEN,Cytokinetics Inc.,2025,Type 1 - New Molecular Entity
NDA215244,FORZINITY,ELAMIPRETIDE HYDROCHLORIDE,Stealth Biotherapeutics Inc.,2025,Type 1 - New Molecular Entity
NDA219304,ROMVIMZA,VIMSELTINIB,"Deciphera Pharmaceuticals, LLC",2025,Type 1 - New Molecular Entity
BLA761427,LEROCHOL,LERODALCIBEP-LIGA,"LIB Therapeutics, Inc.",2025,Type 1 - New Molecular Entity
NDA219685,WAYRILZ,RILZABRUTINIB,Genzyme Corporation,2025,Type 1 - New Molecular Entity
NDA218764,JASCAYD,NERANDOMILAST,"Boehringer Ingelheim Pharmaceuticals, Inc.",2025,Type 1 - New Molecular Entity
NDA219876,MODEYSO,DORDAVIPRONE,"Jazz Pharmaceuticals, Inc.",2025,Type 1 - New Molecular Entity
NDA218571,CARDAMYST,ETRIPAMIL,"Milestone Pharmaceuticals USA, Inc.",2025,Type 1 - New Molecular Entity
BLA761432,ENFLONSIA,CLESROVIMAB,Merck Sharp & Dohme LLC,2025,Type 1 - New Molecular Entity
NDA218436,RHAPSIDO,REMIBRUTINIB,Novartis Pharmaceuticals Corporation,2025,Type 1 - New Molecular Entity
BLA761258,PENPULIMAB KCQX,PENPULIMAB,"Akeso Biopharma, Co., Ltd",2025,Type 1 - New Molecular Entity
BLA761434,VOYXACT,SIBEPRENLIMAB,"Otsuka America Pharmaceutical, Inc.",2025,Type 1 - New Molecular Entity
BLA761394,DATROWAY,DATOPOTAMAB DERUXTECAN,Daiichi Sankyo Inc.,2025,Type 1 - New Molecular Entity
NDA219155,ANZUPGO,DELGOCITINIB,"LEO Pharma, Inc",2025,Type 1 - New Molecular Entity
BLA761430,IMAAVY,NIPOCALIMAB-AAHU,"Janssen Biotech, Inc.",2025,Type 1 - New Molecular Entity
BLA761367,ANDEMBRY,GARADACIMAB,CSL,2025,Type 1 - New Molecular Entity
NDA219019,QFITLIA,FITUSIRAN,Genzyme Corporation,2025,Type 1 - New Molecular Entity
NDA219839,N/A,N/A,N/A,2025,Type 1 - New Molecular Entity
NDA219713,IBTROZI,TALETRECTINIB,Nuvation Bio Inc.,2025,Type 1 - New Molecular Entity
NDA219474,ADQUEY,DIFAMILAST,Acrotech Biopharma Inc,2026,Type 1 - New Molecular Entity
NDA220358,N/A,N/A,N/A,2026,Type 1 - New Molecular Entity
NDA219164,YUVIWEL,NAVEPEGRITIDE,"Ascendis Pharma Endocrinology, Inc.",2026,Type 1 - New Molecular Entity
BLA761460,DECNUPAZ,PIVEKIMAB SUNIRINE-PVZY,AbbVie Inc.,2026,Type 1 - New Molecular Entity
NDA220482,N/A,N/A,N/A,2026,Type 1 - New Molecular Entity
NDA220641,LIFYORLI,RELACORILANT,Corcept Therapeutics Incorporated,2026,Type 1 - New Molecular Entity
NDA219878,BAXFENDY,BAXDROSTAT,AstraZeneca Pharmaceuticals LP,2026,Type 1 - New Molecular Entity
NDA220442,N/A,N/A,N/A,2026,Type 1 - New Molecular Entity
NDA220295,N/A,N/A,N/A,2026,Type 1 - New Molecular Entity
NDA220787,N/A,N/A,N/A,2026,Type 1 - New Molecular Entity and Type 4 - New Combination
BLA761326,AWIQLI,INSULIN ICODEC-ABAE,Novo Nordisk,2026,Type 1 - New Molecular Entity
NDA216964,IDVYNSO,"DORAVIRINE, ISLATRAVIR",Merck Sharp & Dohme LLC,2026,Type 1 - New Molecular Entity and Type 4 - New Combination
NDA220149,ICOTYDE,ICOTROKINRA,"Janssen Biotech, Inc.",2026,Type 1 - New Molecular Entity
NDA220711,N/A,N/A,N/A,2026,Type 1 - New Molecular Entity
NDA219835,VEPPANU,VEPDEGESTRANT,"Arvinas Operations, Inc.",2026,Type 1 - New Molecular Entity
NDA220934,FOUNDAYO,ORFORGLIPRON,Eli Lilly and Company,2026,Type 1 - New Molecular Entity
BLA761485,AVLAYAH,TIVIDENOFUSP ALFA-EKNM,Denali Therapeutics Inc.,2026,Type 1 - New Molecular Entity
BLA761211,LOARGYS,PEGZILARGINASE-NBLN,Immedica Pharma US Inc.,2026,Type 1 - New Molecular Entity
BLA761468,HEPCLUDEX,BULEVIRTIDE,"Gilead Sciences, Inc.",2026,Type 1 - New Molecular Entity
NDA211241,ZYCUBO,COPPER HISTIDINATE,"Sentynl Therapeutics, Inc.",2026,Type 1 - New Molecular Entity
